position_id,pair,ply,depth,profile,temperature,top_p,legal_moves,support,entropy_bits,expected_cp_loss,prob_loss_gt100,prob_loss_gt200,best_cp,prob_best_cp,expected_cp_loss_capped1000,prob_selected_mate_score,source_game_id
pos-000,0,24,10,argmax,0.0,0.0,43,1,-0.0,0.0,0.0,0.0,-52,1.0,0.0,0.0,0-0
pos-000,0,24,10,T0.5_P0.5,0.5,0.5,43,1,-0.0,0.0,0.0,0.0,-52,1.0,0.0,0.0,0-0
pos-000,0,24,10,T0.5_P0.9,0.5,0.9,43,1,-0.0,0.0,0.0,0.0,-52,1.0,0.0,0.0,0-0
pos-000,0,24,10,T0.5_P0.95,0.5,0.95,43,1,-0.0,0.0,0.0,0.0,-52,1.0,0.0,0.0,0-0
pos-000,0,24,10,T0.5_P1,0.5,1.0,43,43,0.0835119622682629,0.45902812179271724,0.0006299519873539578,0.00014711735208087454,-52,0.9903183328032256,0.45902812179271724,0.0,0-0
pos-000,0,24,10,T0.9_P0.5,0.9,0.5,43,1,-0.0,0.0,0.0,0.0,-52,1.0,0.0,0.0,0-0
pos-000,0,24,10,T0.9_P0.9,0.9,0.9,43,2,0.36068277011300187,2.46965259604452,0.0,0.0,-52,0.9313985389987633,2.46965259604452,0.0,0-0
pos-000,0,24,10,T0.9_P0.95,0.9,0.95,43,2,0.36068277011300187,2.46965259604452,0.0,0.0,-52,0.9313985389987633,2.46965259604452,0.0,0-0
pos-000,0,24,10,T0.9_P1,0.9,1.0,43,43,0.6934355011482833,12.44592783970958,0.036377162226540534,0.01498173720931514,-52,0.8975169032480422,12.44592783970958,0.0,0-0
pos-000,0,24,10,T1_P0.5,1.0,0.5,43,1,-0.0,0.0,0.0,0.0,-52,1.0,0.0,0.0,0-0
pos-000,0,24,10,T1_P0.9,1.0,0.9,43,2,0.4272634685668186,3.1414254020184442,0.0,0.0,-52,0.9127381832772655,3.1414254020184442,0.0,0-0
pos-000,0,24,10,T1_P0.95,1.0,0.95,43,3,0.526268114516716,5.1368582467277015,0.013775041279034242,0.0,-52,0.9001651771256705,5.1368582467277015,0.0,0-0
pos-000,0,24,10,T1_P1,1.0,1.0,43,43,0.9426658274000624,20.468334358955726,0.06061526911406615,0.027027610286885623,-52,0.85741231266723,20.468334358955726,0.0,0-0
pos-000,0,24,14,argmax,0.0,0.0,43,1,-0.0,0.0,0.0,0.0,-89,1.0,0.0,0.0,0-0
pos-000,0,24,14,T0.5_P0.5,0.5,0.5,43,1,-0.0,0.0,0.0,0.0,-89,1.0,0.0,0.0,0-0
pos-000,0,24,14,T0.5_P0.9,0.5,0.9,43,1,-0.0,0.0,0.0,0.0,-89,1.0,0.0,0.0,0-0
pos-000,0,24,14,T0.5_P0.95,0.5,0.95,43,1,-0.0,0.0,0.0,0.0,-89,1.0,0.0,0.0,0-0
pos-000,0,24,14,T0.5_P1,0.5,1.0,43,43,0.0835119622682629,0.1718230760908185,0.0006299519873539578,0.00014711735208087454,-89,0.9903183328032256,0.1718230760908185,0.0,0-0
pos-000,0,24,14,T0.9_P0.5,0.9,0.5,43,1,-0.0,0.0,0.0,0.0,-89,1.0,0.0,0.0,0-0
pos-000,0,24,14,T0.9_P0.9,0.9,0.9,43,2,0.36068277011300187,0.41160876600742,0.0,0.0,-89,0.9313985389987633,0.41160876600742,0.0,0-0
pos-000,0,24,14,T0.9_P0.95,0.9,0.95,43,2,0.36068277011300187,0.41160876600742,0.0,0.0,-89,0.9313985389987633,0.41160876600742,0.0,0-0
pos-000,0,24,14,T0.9_P1,0.9,1.0,43,43,0.6934355011482833,9.437031173396893,0.036377162226540534,0.01498173720931514,-89,0.8975169032480422,9.437031173396893,0.0,0-0
pos-000,0,24,14,T1_P0.5,1.0,0.5,43,1,-0.0,0.0,0.0,0.0,-89,1.0,0.0,0.0,0-0
pos-000,0,24,14,T1_P0.9,1.0,0.9,43,2,0.4272634685668186,0.5235709003364073,0.0,0.0,-89,0.9127381832772655,0.5235709003364073,0.0,0-0
pos-000,0,24,14,T1_P0.95,1.0,0.95,43,3,0.526268114516716,2.1004884366607097,0.013775041279034242,0.0,-89,0.9001651771256705,2.1004884366607097,0.0,0-0
pos-000,0,24,14,T1_P1,1.0,1.0,43,43,0.9426658274000624,16.255181508712845,0.06061526911406615,0.027027610286885623,-89,0.85741231266723,16.255181508712845,0.0,0-0
pos-001,0,40,10,argmax,0.0,0.0,42,1,-0.0,94.0,0.0,0.0,0,0.0,94.0,0.0,0-0
pos-001,0,40,10,T0.5_P0.5,0.5,0.5,42,2,0.9961677604615726,50.424202867897655,0.0,0.0,0,0.4635723099159824,50.424202867897655,0.0,0-0
pos-001,0,40,10,T0.5_P0.9,0.5,0.9,42,5,1.8110476078901268,76.07442288129619,0.19292115503406512,0.04682582198458949,0,0.3741394044451814,76.07442288129619,0.0,0-0
pos-001,0,40,10,T0.5_P0.95,0.5,0.95,42,6,1.9744480356908782,76.90125764401425,0.18564591130468505,0.04505997485545377,0,0.36003024489954655,76.90125764401425,0.0,0-0
pos-001,0,40,10,T0.5_P1,0.5,1.0,42,42,2.1817639414620733,78.13543986607519,0.20763687800454103,0.04413141506930191,0,0.348693452046063,78.13543986607519,0.0,0-0
pos-001,0,40,10,T0.9_P0.5,0.9,0.5,42,2,0.9988150330340884,48.90466780800984,0.0,0.0,0,0.47973757651053356,48.90466780800984,0.0,0-0
pos-001,0,40,10,T0.9_P0.9,0.9,0.9,42,8,2.642794246142505,100.38176162272778,0.3711424701948382,0.08363552261653524,0,0.26534221689711895,100.38176162272778,0.0,0-0
pos-001,0,40,10,T0.9_P0.95,0.9,0.95,42,10,2.831603560161172,100.86967945414105,0.37889915779886535,0.07992493107227709,0,0.2535699871608692,100.86967945414105,0.0,0-0
pos-001,0,40,10,T0.9_P1,0.9,1.0,42,42,3.0727143448480017,103.46269090290032,0.40074820870941397,0.08754253344421023,0,0.2446499162441551,103.46269090290032,0.0,0-0
pos-001,0,40,10,T1_P0.5,1.0,0.5,42,3,1.5013186737958846,62.0317710115865,0.18171902619919458,0.0,0,0.3942166140637335,62.0317710115865,0.0,0-0
pos-001,0,40,10,T1_P0.9,1.0,0.9,42,9,2.816137895316212,104.30716895864037,0.4138731090666766,0.08642173743822568,0,0.24428511987103507,104.30716895864037,0.0,0-0
pos-001,0,40,10,T1_P0.95,1.0,0.95,42,11,2.963780811767122,104.20673660412362,0.4096196347756125,0.08348799368964874,0,0.23599241522824432,104.20673660412362,0.0,0-0
pos-001,0,40,10,T1_P1,1.0,1.0,42,42,3.2340476536209066,107.7807760239535,0.43381449076286926,0.09521943970970152,0,0.22632101889316786,107.7807760239535,0.0,0-0
pos-001,0,40,14,argmax,0.0,0.0,42,1,-0.0,93.0,0.0,0.0,-13,0.0,93.0,0.0,0-0
pos-001,0,40,14,T0.5_P0.5,0.5,0.5,42,2,0.9961677604615726,49.88777517781364,0.0,0.0,-13,0.4635723099159824,49.88777517781364,0.0,0-0
pos-001,0,40,14,T0.5_P0.9,0.5,0.9,42,5,1.8110476078901268,75.60090050033486,0.11342165354535724,0.04682582198458949,-13,0.3741394044451814,75.60090050033486,0.0,0-0
pos-001,0,40,14,T0.5_P0.95,0.5,0.95,42,6,1.9744480356908782,77.99174198685733,0.14685538223368755,0.04505997485545377,-13,0.36003024489954655,77.99174198685733,0.0,0-0
pos-001,0,40,14,T0.5_P1,0.5,1.0,42,42,2.1817639414620733,79.14139238938849,0.16946695611846788,0.04413519406775001,-13,0.348693452046063,79.14139238938849,0.0,0-0
pos-001,0,40,14,T0.9_P0.5,0.9,0.5,42,2,0.9988150330340884,48.38440538452038,0.0,0.0,-13,0.47973757651053356,48.38440538452038,0.0,0-0
pos-001,0,40,14,T0.9_P0.9,0.9,0.9,42,8,2.642794246142505,104.12272061904312,0.33467330007333684,0.08363552261653524,-13,0.26534221689711895,104.12272061904312,0.0,0-0
pos-001,0,40,14,T0.9_P0.95,0.9,0.95,42,10,2.831603560161172,103.51016785739543,0.3440479867051144,0.07992493107227709,-13,0.2535699871608692,103.51016785739543,0.0,0-0
pos-001,0,40,14,T0.9_P1,0.9,1.0,42,42,3.0727143448480017,106.19417270585087,0.359991757120256,0.08796486412587799,-13,0.2446499162441551,106.19417270585087,0.0,0-0
pos-001,0,40,14,T1_P0.5,1.0,0.5,42,3,1.5013186737958846,56.156135865873594,0.0,0.0,-13,0.3942166140637335,56.156135865873594,0.0,0-0
pos-001,0,40,14,T1_P0.9,1.0,0.9,42,9,2.816137895316212,108.41695926503363,0.3803276900157708,0.08642173743822568,-13,0.24428511987103507,108.41695926503363,0.0,0-0
pos-001,0,40,14,T1_P0.95,1.0,0.95,42,11,2.963780811767122,106.78335357095655,0.3674167718131364,0.08348799368964874,-13,0.23599241522824432,106.78335357095655,0.0,0-0
pos-001,0,40,14,T1_P1,1.0,1.0,42,42,3.2340476536209066,110.71021708471116,0.39334117751405784,0.09595225261318094,-13,0.22632101889316786,110.71021708471116,0.0,0-0
pos-002,0,60,10,argmax,0.0,0.0,29,1,-0.0,124.0,1.0,0.0,0,0.0,124.0,0.0,0-1
pos-002,0,60,10,T0.5_P0.5,0.5,0.5,29,1,-0.0,124.0,1.0,0.0,0,0.0,124.0,0.0,0-1
pos-002,0,60,10,T0.5_P0.9,0.5,0.9,29,3,0.9787474235745478,108.64955349681435,0.760149273387724,0.0,0,0.0,108.64955349681435,0.0,0-1
pos-002,0,60,10,T0.5_P0.95,0.5,0.95,29,4,1.1846669558497191,104.21956120179946,0.729155538799873,0.0,0,0.04077322135654029,104.21956120179946,0.0,0-1
pos-002,0,60,10,T0.5_P1,0.5,1.0,29,29,1.318659656321428,104.04055429176533,0.724886924068848,0.0014940510194625996,0,0.04488062194191783,104.04055429176533,0.0,0-1
pos-002,0,60,10,T0.9_P0.5,0.9,0.5,29,2,0.8977223833210852,103.90482628166694,0.6860129106510461,0.0,0,0.0,103.90482628166694,0.0,0-1
pos-002,0,60,10,T0.9_P0.9,0.9,0.9,29,6,1.9518981407725282,86.5894634494415,0.523214457231835,0.0,0,0.13184706425079254,86.5894634494415,0.0,0-1
pos-002,0,60,10,T0.9_P0.95,0.9,0.95,29,9,2.2104060307391378,88.7749915212886,0.5290301570168283,0.014880436968176747,0,0.12557276805250117,88.7749915212886,0.0,0-1
pos-002,0,60,10,T0.9_P1,0.9,1.0,29,29,2.5321670475092573,91.6205951381989,0.5255620026766671,0.019163907757358982,0,0.11950718370735691,91.6205951381989,0.0,0-1
pos-002,0,60,10,T1_P0.5,1.0,0.5,29,2,0.9160067441788903,102.81209450872818,0.6689389766988779,0.0,0,0.0,102.81209450872818,0.0,0-1
pos-002,0,60,10,T1_P0.9,1.0,0.9,29,8,2.2574407631185203,84.44309517563698,0.49487176185110027,0.0,0,0.14219610824950837,84.44309517563698,0.0,0-1
pos-002,0,60,10,T1_P0.95,1.0,0.95,29,11,2.5009018313618196,86.7405641111658,0.49010113256394655,0.01878973064015164,0,0.13542629079601523,86.7405641111658,0.0,0-1
pos-002,0,60,10,T1_P1,1.0,1.0,29,29,2.7667748580244234,91.72029054714929,0.502481834350327,0.026246207183028003,0,0.1300040907872349,91.72029054714929,0.0,0-1
pos-002,0,60,14,argmax,0.0,0.0,29,1,-0.0,120.0,1.0,0.0,0,0.0,120.0,0.0,0-1
pos-002,0,60,14,T0.5_P0.5,0.5,0.5,29,1,-0.0,120.0,1.0,0.0,0,0.0,120.0,0.0,0-1
pos-002,0,60,14,T0.5_P0.9,0.5,0.9,29,3,0.9787474235745478,101.74286108102463,0.760149273387724,0.0,0,0.0,101.74286108102463,0.0,0-1
pos-002,0,60,14,T0.5_P0.95,0.5,0.95,29,4,1.1846669558497191,97.59447688472028,0.729155538799873,0.0,0,0.04077322135654029,97.59447688472028,0.0,0-1
pos-002,0,60,14,T0.5_P1,0.5,1.0,29,29,1.318659656321428,97.62441516888452,0.724886924068848,0.0014940510194625996,0,0.04488062194191783,97.62441516888452,0.0,0-1
pos-002,0,60,14,T0.9_P0.5,0.9,0.5,29,2,0.8977223833210852,96.45096829882846,0.6860129106510461,0.0,0,0.0,96.45096829882846,0.0,0-1
pos-002,0,60,14,T0.9_P0.9,0.9,0.9,29,6,1.9518981407725282,79.21184484690785,0.523214457231835,0.0,0,0.13184706425079254,79.21184484690785,0.0,0-1
pos-002,0,60,14,T0.9_P0.95,0.9,0.95,29,9,2.2104060307391378,82.83336800638807,0.5290301570168283,0.014880436968176747,0,0.12557276805250117,82.83336800638807,0.0,0-1
pos-002,0,60,14,T0.9_P1,0.9,1.0,29,29,2.5321670475092573,85.7132552914438,0.5255620026766671,0.019163907757358982,0,0.11950718370735691,85.7132552914438,0.0,0-1
pos-002,0,60,14,T1_P0.5,1.0,0.5,29,2,0.9160067441788903,95.17042325241584,0.6689389766988779,0.0,0,0.0,95.17042325241584,0.0,0-1
pos-002,0,60,14,T1_P0.9,1.0,0.9,29,8,2.2574407631185203,77.66164247757789,0.49487176185110027,0.0,0,0.14219610824950837,77.66164247757789,0.0,0-1
pos-002,0,60,14,T1_P0.95,1.0,0.95,29,11,2.5009018313618196,80.99962035157466,0.49010113256394655,0.01878973064015164,0,0.13542629079601523,80.99962035157466,0.0,0-1
pos-002,0,60,14,T1_P1,1.0,1.0,29,29,2.7667748580244234,86.34682777589752,0.502481834350327,0.026246207183028003,0,0.1300040907872349,86.34682777589752,0.0,0-1
pos-003,1,24,10,argmax,0.0,0.0,34,1,-0.0,0.0,0.0,0.0,98,1.0,0.0,0.0,1-0
pos-003,1,24,10,T0.5_P0.5,0.5,0.5,34,1,-0.0,0.0,0.0,0.0,98,1.0,0.0,0.0,1-0
pos-003,1,24,10,T0.5_P0.9,0.5,0.9,34,3,1.266137751577212,21.823506965331255,0.0,0.0,98,0.5297225223021079,21.823506965331255,0.0,1-0
pos-003,1,24,10,T0.5_P0.95,0.5,0.95,34,4,1.3510833493603513,22.237110046487494,0.0,0.0,98,0.5226949561439013,22.237110046487494,0.0,1-0
pos-003,1,24,10,T0.5_P1,0.5,1.0,34,34,1.6524675945758778,24.930920678038053,0.02345699297976174,5.165942402258102e-07,98,0.5037740772474748,24.930920678038053,0.0,1-0
pos-003,1,24,10,T0.9_P0.5,0.9,0.5,34,2,0.9961251374353717,23.631894086140832,0.0,0.0,98,0.5366295277227288,23.631894086140832,0.0,1-0
pos-003,1,24,10,T0.9_P0.9,0.9,0.9,34,8,2.3253316986220893,36.87459300306828,0.10817965005363414,0.0,98,0.3705577296729605,36.87459300306828,0.0,1-0
pos-003,1,24,10,T0.9_P0.95,0.9,0.95,34,11,2.5598341751177993,35.491733302989985,0.10318362388270348,0.0,98,0.3690842531975681,35.491733302989985,0.0,1-0
pos-003,1,24,10,T0.9_P1,0.9,1.0,34,34,2.849841553670706,36.98854472762745,0.1105895441065282,0.00024080346906204194,98,0.3526229408549541,36.98854472762745,0.0,1-0
pos-003,1,24,10,T1_P0.5,1.0,0.5,34,2,0.9968597579536917,23.818132351644692,0.0,0.0,98,0.5329777970265747,23.818132351644692,0.0,1-0
pos-003,1,24,10,T1_P0.9,1.0,0.9,34,9,2.540948209467395,38.605706905192115,0.12470406115516025,0.0,98,0.33852242944016653,38.605706905192115,0.0,1-0
pos-003,1,24,10,T1_P0.95,1.0,0.95,34,12,2.7699028990358445,37.2969282946039,0.11879227980900753,0.0,98,0.34196445669268644,37.2969282946039,0.0,1-0
pos-003,1,24,10,T1_P1,1.0,1.0,34,34,3.075308887758427,39.63151840188258,0.13002285497781185,0.0005139557172506954,98,0.32499550471773664,39.63151840188258,0.0,1-0
pos-003,1,24,14,argmax,0.0,0.0,34,1,-0.0,11.0,0.0,0.0,99,0.0,11.0,0.0,1-0
pos-003,1,24,14,T0.5_P0.5,0.5,0.5,34,1,-0.0,11.0,0.0,0.0,99,0.0,11.0,0.0,1-0
pos-003,1,24,14,T0.5_P0.9,0.5,0.9,34,3,1.266137751577212,37.20863781653575,0.0,0.0,99,0.0,37.20863781653575,0.0,1-0
pos-003,1,24,14,T0.5_P0.95,0.5,0.95,34,4,1.3510833493603513,37.537532531337014,0.0,0.0,99,0.0,37.537532531337014,0.0,1-0
pos-003,1,24,14,T0.5_P1,0.5,1.0,34,34,1.6524675945758778,39.6860837098396,0.02345913363298509,4.6782100732815164e-07,99,0.002578006248564741,39.6860837098396,0.0,1-0
pos-003,1,24,14,T0.9_P0.5,0.9,0.5,34,2,0.9961251374353717,41.582451170299905,0.0,0.0,99,0.0,41.582451170299905,0.0,1-0
pos-003,1,24,14,T0.9_P0.9,0.9,0.9,34,8,2.3253316986220893,47.95376718639051,0.10817965005363414,0.0,99,0.0,47.95376718639051,0.0,1-0
pos-003,1,24,14,T0.9_P0.95,0.9,0.95,34,11,2.5598341751177993,46.26377612585517,0.10318362388270348,0.0,99,0.018899477942022503,46.26377612585517,0.0,1-0
pos-003,1,24,14,T0.9_P1,0.9,1.0,34,34,2.849841553670706,47.56832321704798,0.11106694501419963,0.00019788056830063964,99,0.01805655330673756,47.56832321704798,0.0,1-0
pos-003,1,24,14,T1_P0.5,1.0,0.5,34,2,0.9968597579536917,41.82346539624607,0.0,0.0,99,0.0,41.82346539624607,0.0,1-0
pos-003,1,24,14,T1_P0.9,1.0,0.9,34,9,2.540948209467395,48.63393168256687,0.12470406115516025,0.0,99,0.024260698629044633,48.63393168256687,0.0,1-0
pos-003,1,24,14,T1_P0.95,1.0,0.95,34,12,2.7699028990358445,47.34849208819771,0.11879227980900753,0.0,99,0.02311058415585705,47.34849208819771,0.0,1-0
pos-003,1,24,14,T1_P1,1.0,1.0,34,34,3.075308887758427,49.44221195101927,0.13091787222005874,0.00041842212740090986,99,0.021963791309470095,49.44221195101927,0.0,1-0
pos-004,1,40,10,argmax,0.0,0.0,44,1,-0.0,8958.0,1.0,1.0,9999,0.0,1000.0,0.0,1-0
pos-004,1,40,10,T0.5_P0.5,0.5,0.5,44,1,-0.0,8958.0,1.0,1.0,9999,0.0,1000.0,0.0,1-0
pos-004,1,40,10,T0.5_P0.9,0.5,0.9,44,2,0.962305811714629,5498.388601567482,0.61379645027545,0.61379645027545,9999,0.38620354972455,613.7964502754501,0.38620354972455,1-0
pos-004,1,40,10,T0.5_P0.95,0.5,0.95,44,3,1.177409593608999,5648.391711430169,0.6304693172109658,0.6304693172109658,9999,0.36953068278903434,630.4693172109658,0.36953068278903434,1-0
pos-004,1,40,10,T0.5_P1,0.5,1.0,44,44,1.2884989121915076,5689.968084941048,0.634846584870126,0.634846584870126,9999,0.36441393372007497,634.8488032892693,0.3651534151298739,1-0
pos-004,1,40,10,T0.9_P0.5,0.9,0.5,44,2,0.9881511284767506,5052.2596011616215,0.563994150609692,0.563994150609692,9999,0.4360058493903079,563.994150609692,0.4360058493903079,1-0
pos-004,1,40,10,T0.9_P0.9,0.9,0.9,44,4,1.5960537829008201,5676.033643752285,0.6323973208241984,0.6323973208241984,9999,0.3676026791758016,632.3973208241983,0.3676026791758016,1-0
pos-004,1,40,10,T0.9_P0.95,0.9,0.95,44,5,1.7297207367865295,5765.867147398118,0.6420815913330415,0.6420815913330415,9999,0.3579184086669585,642.0815913330415,0.3579184086669585,1-0
pos-004,1,40,10,T0.9_P1,0.9,1.0,44,44,1.9701606066753992,5784.4521383738265,0.6437335023341378,0.6437335023341378,9999,0.34521106576512833,643.7666323966753,0.35626649766586205,1-0
pos-004,1,40,10,T1_P0.5,1.0,0.5,44,2,0.9903873889278725,4995.471341718044,0.5576547601828582,0.5576547601828582,9999,0.44234523981714186,557.6547601828582,0.44234523981714186,1-0
pos-004,1,40,10,T1_P0.9,1.0,0.9,44,4,1.6511096971893906,5719.237755187848,0.6369724640724794,0.6369724640724794,9999,0.36302753592752063,636.9724640724794,0.36302753592752063,1-0
pos-004,1,40,10,T1_P0.95,1.0,0.95,44,6,1.8951197169090797,5741.407676726889,0.639042335545763,0.639042335545763,9999,0.3453987415996629,639.0890123143267,0.36095766445423694,1-0
pos-004,1,40,10,T1_P1,1.0,1.0,44,44,2.1309382248024544,5861.933951599795,0.6518377034665966,0.6518377034665966,9999,0.33307129033485167,651.8828890962257,0.3481622965334038,1-0
pos-004,1,40,14,argmax,0.0,0.0,44,1,-0.0,8767.0,1.0,1.0,9999,0.0,1000.0,0.0,1-0
pos-004,1,40,14,T0.5_P0.5,0.5,0.5,44,1,-0.0,8767.0,1.0,1.0,9999,0.0,1000.0,0.0,1-0
pos-004,1,40,14,T0.5_P0.9,0.5,0.9,44,2,0.962305811714629,5381.15347956487,0.61379645027545,0.61379645027545,9999,0.38620354972455,613.7964502754501,0.38620354972455,1-0
pos-004,1,40,14,T0.5_P0.95,0.5,0.95,44,3,1.177409593608999,5524.691061380896,0.6304693172109658,0.6304693172109658,9999,0.36953068278903434,630.4693172109658,0.36953068278903434,1-0
pos-004,1,40,14,T0.5_P1,0.5,1.0,44,44,1.2884989121915076,5567.328828220355,0.634846584870126,0.634846584870126,9999,0.36441393372007497,634.8488032892693,0.3651534151298739,1-0
pos-004,1,40,14,T0.9_P0.5,0.9,0.5,44,2,0.9881511284767506,4944.53671839517,0.563994150609692,0.563994150609692,9999,0.4360058493903079,563.994150609692,0.4360058493903079,1-0
pos-004,1,40,14,T0.9_P0.9,0.9,0.9,44,4,1.5960537829008201,5553.938376483533,0.6323973208241984,0.6323973208241984,9999,0.3676026791758016,632.3973208241983,0.3676026791758016,1-0
pos-004,1,40,14,T0.9_P0.95,0.9,0.95,44,5,1.7297207367865295,5645.644841995891,0.6420815913330415,0.6420815913330415,9999,0.3579184086669585,642.0815913330415,0.3579184086669585,1-0
pos-004,1,40,14,T0.9_P1,0.9,1.0,44,44,1.9701606066753992,5665.010211344691,0.6437335023341378,0.6437335023341378,9999,0.34521106576512833,643.7666323966753,0.35626649766586205,1-0
pos-004,1,40,14,T1_P0.5,1.0,0.5,44,2,0.9903873889278725,4888.9592825231175,0.5576547601828582,0.5576547601828582,9999,0.44234523981714186,557.6547601828582,0.44234523981714186,1-0
pos-004,1,40,14,T1_P0.9,1.0,0.9,44,4,1.6511096971893906,5596.871914820871,0.6369724640724794,0.6369724640724794,9999,0.36302753592752063,636.9724640724794,0.36302753592752063,1-0
pos-004,1,40,14,T1_P0.95,1.0,0.95,44,6,1.8951197169090797,5623.3009014653135,0.639042335545763,0.639042335545763,9999,0.3453987415996629,639.0890123143267,0.36095766445423694,1-0
pos-004,1,40,14,T1_P1,1.0,1.0,44,44,2.1309382248024544,5743.0661736195425,0.6518377034665966,0.6518377034665966,9999,0.33307129033485167,651.8828890962257,0.3481622965334038,1-0
pos-005,1,60,10,argmax,0.0,0.0,32,1,-0.0,0.0,0.0,0.0,-53,1.0,0.0,0.0,1-3
pos-005,1,60,10,T0.5_P0.5,0.5,0.5,32,2,0.9986418737250349,62.65834764732886,0.4783079973078539,0.0,-53,0.5216920026921461,62.65834764732886,0.0,1-3
pos-005,1,60,10,T0.5_P0.9,0.5,0.9,32,2,0.9986418737250349,62.65834764732886,0.4783079973078539,0.0,-53,0.5216920026921461,62.65834764732886,0.0,1-3
pos-005,1,60,10,T0.5_P0.95,0.5,0.95,32,2,0.9986418737250349,62.65834764732886,0.4783079973078539,0.0,-53,0.5216920026921461,62.65834764732886,0.0,1-3
pos-005,1,60,10,T0.5_P1,0.5,1.0,32,32,1.3100129936531126,66.64290167368523,0.49896077163884156,0.007749316010602941,-53,0.49795556202371566,66.64290167368523,0.0,1-3
pos-005,1,60,10,T0.9_P0.5,0.9,0.5,32,2,0.9995805521965031,63.92061887189232,0.4879436555106284,0.0,-53,0.5120563444893717,63.92061887189232,0.0,1-3
pos-005,1,60,10,T0.9_P0.9,0.9,0.9,32,6,1.7677271701561754,84.72550368685263,0.572842699264729,0.05676942413458062,-53,0.4271573007352709,84.72550368685263,0.0,1-3
pos-005,1,60,10,T0.9_P0.95,0.9,0.95,32,9,2.029785727496781,86.244106172707,0.5752926462364307,0.05413345018818825,-53,0.40732311124128967,86.244106172707,0.0,1-3
pos-005,1,60,10,T0.9_P1,0.9,1.0,32,32,2.2818212465061998,87.81620713850508,0.5714651159098267,0.056273342846835474,-53,0.391743452383374,87.81620713850508,0.0,1-3
pos-005,1,60,10,T1_P0.5,1.0,0.5,32,2,0.9996602285089493,64.07850463396689,0.4891488903356251,0.0,-53,0.5108511096643749,64.07850463396689,0.0,1-3
pos-005,1,60,10,T1_P0.9,1.0,0.9,32,7,1.9866051230678976,89.64945788359393,0.5762239496328365,0.06974050223562503,-53,0.4003532709313815,89.64945788359393,0.0,1-3
pos-005,1,60,10,T1_P0.95,1.0,0.95,32,10,2.266063977932633,90.54842492515193,0.5830319825365183,0.0660025405318097,-53,0.3788950773886591,90.54842492515193,0.0,1-3
pos-005,1,60,10,T1_P1,1.0,1.0,32,32,2.5096298085481648,93.59712660269676,0.5873785793813273,0.069997756745092,-53,0.3643608815971561,93.59712660269676,0.0,1-3
pos-005,1,60,14,argmax,0.0,0.0,32,1,-0.0,0.0,0.0,0.0,-85,1.0,0.0,0.0,1-3
pos-005,1,60,14,T0.5_P0.5,0.5,0.5,32,2,0.9986418737250349,57.396959676942465,0.4783079973078539,0.0,-85,0.5216920026921461,57.396959676942465,0.0,1-3
pos-005,1,60,14,T0.5_P0.9,0.5,0.9,32,2,0.9986418737250349,57.396959676942465,0.4783079973078539,0.0,-85,0.5216920026921461,57.396959676942465,0.0,1-3
pos-005,1,60,14,T0.5_P0.95,0.5,0.95,32,2,0.9986418737250349,57.396959676942465,0.4783079973078539,0.0,-85,0.5216920026921461,57.396959676942465,0.0,1-3
pos-005,1,60,14,T0.5_P1,0.5,1.0,32,32,1.3100129936531126,60.11355842779149,0.46741319682076377,0.007749316010602941,-85,0.49795556202371566,60.11355842779149,0.0,1-3
pos-005,1,60,14,T0.9_P0.5,0.9,0.5,32,2,0.9995805521965031,58.55323866127541,0.4879436555106284,0.0,-85,0.5120563444893717,58.55323866127541,0.0,1-3
pos-005,1,60,14,T0.9_P0.9,0.9,0.9,32,6,1.7677271701561754,74.53134728194348,0.484242477276685,0.05676942413458062,-85,0.4271573007352709,74.53134728194348,0.0,1-3
pos-005,1,60,14,T0.9_P0.95,0.9,0.95,32,9,2.029785727496781,74.92357566624892,0.474688993361381,0.05413345018818825,-85,0.40732311124128967,74.92357566624892,0.0,1-3
pos-005,1,60,14,T0.9_P1,0.9,1.0,32,32,2.2818212465061998,76.4257587066476,0.4630931487859526,0.056273342846835474,-85,0.391743452383374,76.4257587066476,0.0,1-3
pos-005,1,60,14,T1_P0.5,1.0,0.5,32,2,0.9996602285089493,58.69786684027501,0.4891488903356251,0.0,-85,0.5108511096643749,58.69786684027501,0.0,1-3
pos-005,1,60,14,T1_P0.9,1.0,0.9,32,7,1.9866051230678976,77.88841253398408,0.47903751275849793,0.06974050223562503,-85,0.4003532709313815,77.88841253398408,0.0,1-3
pos-005,1,60,14,T1_P0.95,1.0,0.95,32,10,2.266063977932633,78.62986757257099,0.4703464995273523,0.0660025405318097,-85,0.3788950773886591,78.62986757257099,0.0,1-3
pos-005,1,60,14,T1_P1,1.0,1.0,32,32,2.5096298085481648,81.016285957288,0.4628841781579329,0.069997756745092,-85,0.3643608815971561,81.016285957288,0.0,1-3
pos-006,2,24,10,argmax,0.0,0.0,38,1,-0.0,1.0,0.0,0.0,53,0.0,1.0,0.0,2-0
pos-006,2,24,10,T0.5_P0.5,0.5,0.5,38,1,-0.0,1.0,0.0,0.0,53,0.0,1.0,0.0,2-0
pos-006,2,24,10,T0.5_P0.9,0.5,0.9,38,2,0.27952242230283775,1.9678204750940018,0.0,0.0,53,0.0,1.9678204750940018,0.0,2-0
pos-006,2,24,10,T0.5_P0.95,0.5,0.95,38,3,0.49780825127039496,2.3396104622148677,0.0,0.0,53,0.0,2.3396104622148677,0.0,2-0
pos-006,2,24,10,T0.5_P1,0.5,1.0,38,38,0.76086296738993,5.680762822296794,0.020626335901951016,2.529616568434372e-06,53,0.001316078399452618,5.680762822296794,0.0,2-0
pos-006,2,24,10,T0.9_P0.5,0.9,0.5,38,1,-0.0,1.0,0.0,0.0,53,0.0,1.0,0.0,2-0
pos-006,2,24,10,T0.9_P0.9,0.9,0.9,38,5,1.6535169066554827,17.603208606362593,0.0788495216020166,0.0,53,0.0,17.603208606362593,0.0,2-0
pos-006,2,24,10,T0.9_P0.95,0.9,0.95,38,8,1.8706837547951611,17.877417956499812,0.07606557616129041,0.0,53,0.014472636410016929,17.877417956499812,0.0,2-0
pos-006,2,24,10,T0.9_P1,0.9,1.0,38,38,2.2202320511053397,18.243247542538466,0.07332144180438706,0.0007932281247039651,53,0.020397139942538733,18.243247542538466,0.0,2-0
pos-006,2,24,10,T1_P0.5,1.0,0.5,38,1,-0.0,1.0,0.0,0.0,53,0.0,1.0,0.0,2-0
pos-006,2,24,10,T1_P0.9,1.0,0.9,38,6,1.8810960108385362,19.497177761058524,0.08845233597114534,0.0,53,0.01986702553839243,19.497177761058524,0.0,2-0
pos-006,2,24,10,T1_P0.95,1.0,0.95,38,10,2.1693441626658854,20.14462066467662,0.08409562911168729,0.0,53,0.01888847810389191,20.14462066467662,0.0,2-0
pos-006,2,24,10,T1_P1,1.0,1.0,38,38,2.5168251331284686,20.830018683034773,0.08160608227520684,0.0016087851759991182,53,0.02721628463733499,20.830018683034773,0.0,2-0
pos-006,2,24,14,argmax,0.0,0.0,38,1,-0.0,24.0,0.0,0.0,81,0.0,24.0,0.0,2-0
pos-006,2,24,14,T0.5_P0.5,0.5,0.5,38,1,-0.0,24.0,0.0,0.0,81,0.0,24.0,0.0,2-0
pos-006,2,24,14,T0.5_P0.9,0.5,0.9,38,2,0.27952242230283775,24.8710384275846,0.0,0.0,81,0.0,24.8710384275846,0.0,2-0
pos-006,2,24,14,T0.5_P0.95,0.5,0.95,38,3,0.49780825127039496,23.94932415465736,0.0,0.0,81,0.03705974222230135,23.94932415465736,0.0,2-0
pos-006,2,24,14,T0.5_P1,0.5,1.0,38,38,0.76086296738993,27.410155193046727,0.021117419491781177,2.529616568434372e-06,81,0.0357365668838892,27.410155193046727,0.0,2-0
pos-006,2,24,14,T0.9_P0.5,0.9,0.5,38,1,-0.0,24.0,0.0,0.0,81,0.0,24.0,0.0,2-0
pos-006,2,24,14,T0.9_P0.9,0.9,0.9,38,5,1.6535169066554827,37.00895345760728,0.0788495216020166,0.0,81,0.10701252773949672,37.00895345760728,0.0,2-0
pos-006,2,24,14,T0.9_P0.95,0.9,0.95,38,8,1.8706837547951611,37.13570793980819,0.08560238192789474,0.0,81,0.10323422911893368,37.13570793980819,0.0,2-0
pos-006,2,24,14,T0.9_P1,0.9,1.0,38,38,2.2202320511053397,37.17210461505986,0.08241474683628809,0.0007932281247039651,81,0.09843341241140433,37.17210461505986,0.0,2-0
pos-006,2,24,14,T1_P0.5,1.0,0.5,38,1,-0.0,24.0,0.0,0.0,81,0.0,24.0,0.0,2-0
pos-006,2,24,14,T1_P0.9,1.0,0.9,38,6,1.8810960108385362,38.543513120702215,0.08845233597114534,0.0,81,0.11643440032919662,38.543513120702215,0.0,2-0
pos-006,2,24,14,T1_P0.95,1.0,0.95,38,10,2.1693441626658854,38.71374491762503,0.09707240261066277,0.0,81,0.11069944098616043,38.71374491762503,0.0,2-0
pos-006,2,24,14,T1_P1,1.0,1.0,38,38,2.5168251331284686,39.2046748808713,0.0939504432836483,0.0016087851759991182,81,0.10530459386331369,39.2046748808713,0.0,2-0
pos-007,2,40,10,argmax,0.0,0.0,4,1,-0.0,0.0,0.0,0.0,214,1.0,0.0,0.0,2-1
pos-007,2,40,10,T0.5_P0.5,0.5,0.5,4,1,-0.0,0.0,0.0,0.0,214,1.0,0.0,0.0,2-1
pos-007,2,40,10,T0.5_P0.9,0.5,0.9,4,1,-0.0,0.0,0.0,0.0,214,1.0,0.0,0.0,2-1
pos-007,2,40,10,T0.5_P0.95,0.5,0.95,4,1,-0.0,0.0,0.0,0.0,214,1.0,0.0,0.0,2-1
pos-007,2,40,10,T0.5_P1,0.5,1.0,4,4,0.2022134163431051,9.668330053543997,0.02904033584992873,0.02904033584992873,214,0.9709596641500714,9.668330053543997,0.0,2-1
pos-007,2,40,10,T0.9_P0.5,0.9,0.5,4,1,-0.0,0.0,0.0,0.0,214,1.0,0.0,0.0,2-1
pos-007,2,40,10,T0.9_P0.9,0.9,0.9,4,2,0.5269455445265934,38.72745754513779,0.1191614078311932,0.1191614078311932,214,0.8808385921688068,38.72745754513779,0.0,2-1
pos-007,2,40,10,T0.9_P0.95,0.9,0.95,4,2,0.5269455445265934,38.72745754513779,0.1191614078311932,0.1191614078311932,214,0.8808385921688068,38.72745754513779,0.0,2-1
pos-007,2,40,10,T0.9_P1,0.9,1.0,4,4,0.7367855737554496,52.91014452368451,0.1489891410881167,0.1489891410881167,214,0.8510108589118832,52.91014452368451,0.0,2-1
pos-007,2,40,10,T1_P0.5,1.0,0.5,4,1,-0.0,0.0,0.0,0.0,214,1.0,0.0,0.0,2-1
pos-007,2,40,10,T1_P0.9,1.0,0.9,4,2,0.58895362530758,46.087517313684636,0.1418077455805681,0.1418077455805681,214,0.8581922544194319,46.087517313684636,0.0,2-1
pos-007,2,40,10,T1_P0.95,1.0,0.95,4,2,0.58895362530758,46.087517313684636,0.1418077455805681,0.1418077455805681,214,0.8581922544194319,46.087517313684636,0.0,2-1
pos-007,2,40,10,T1_P1,1.0,1.0,4,4,0.8551439770819544,65.72689014914857,0.18162361820467704,0.18162361820467704,214,0.8183763817953229,65.72689014914857,0.0,2-1
pos-007,2,40,14,argmax,0.0,0.0,4,1,-0.0,0.0,0.0,0.0,252,1.0,0.0,0.0,2-1
pos-007,2,40,14,T0.5_P0.5,0.5,0.5,4,1,-0.0,0.0,0.0,0.0,252,1.0,0.0,0.0,2-1
pos-007,2,40,14,T0.5_P0.9,0.5,0.9,4,1,-0.0,0.0,0.0,0.0,252,1.0,0.0,0.0,2-1
pos-007,2,40,14,T0.5_P0.95,0.5,0.95,4,1,-0.0,0.0,0.0,0.0,252,1.0,0.0,0.0,2-1
pos-007,2,40,14,T0.5_P1,0.5,1.0,4,4,0.2022134163431051,13.33440667238586,0.02904033584992873,0.02904033584992873,252,0.9709596641500714,13.320792877180002,0.0,2-1
pos-007,2,40,14,T0.9_P0.5,0.9,0.5,4,1,-0.0,0.0,0.0,0.0,252,1.0,0.0,0.0,2-1
pos-007,2,40,14,T0.9_P0.9,0.9,0.9,4,2,0.5269455445265934,55.05257041801126,0.1191614078311932,0.1191614078311932,252,0.8808385921688068,55.05257041801126,0.0,2-1
pos-007,2,40,14,T0.9_P0.95,0.9,0.95,4,2,0.5269455445265934,55.05257041801126,0.1191614078311932,0.1191614078311932,252,0.8808385921688068,55.05257041801126,0.0,2-1
pos-007,2,40,14,T0.9_P1,0.9,1.0,4,4,0.7367855737554496,70.09233542113161,0.1489891410881167,0.1489891410881167,252,0.8510108589118832,68.96783605342009,0.0,2-1
pos-007,2,40,14,T1_P0.5,1.0,0.5,4,1,-0.0,0.0,0.0,0.0,252,1.0,0.0,0.0,2-1
pos-007,2,40,14,T1_P0.9,1.0,0.9,4,2,0.58895362530758,65.51517845822246,0.1418077455805681,0.1418077455805681,252,0.8581922544194319,65.51517845822246,0.0,2-1
pos-007,2,40,14,T1_P0.95,1.0,0.95,4,2,0.58895362530758,65.51517845822246,0.1418077455805681,0.1418077455805681,252,0.8581922544194319,65.51517845822246,0.0,2-1
pos-007,2,40,14,T1_P1,1.0,1.0,4,4,0.8551439770819544,86.55775135110247,0.18162361820467704,0.18162361820467704,252,0.8183763817953229,84.64896218114293,0.0,2-1
pos-008,2,60,10,argmax,0.0,0.0,28,1,-0.0,0.0,0.0,0.0,702,1.0,0.0,0.0,2-1
pos-008,2,60,10,T0.5_P0.5,0.5,0.5,28,1,-0.0,0.0,0.0,0.0,702,1.0,0.0,0.0,2-1
pos-008,2,60,10,T0.5_P0.9,0.5,0.9,28,2,0.9343819551331043,9.109149861236864,0.0,0.0,702,0.6496480822601206,9.109149861236864,0.0,2-1
pos-008,2,60,10,T0.5_P0.95,0.5,0.95,28,2,0.9343819551331043,9.109149861236864,0.0,0.0,702,0.6496480822601206,9.109149861236864,0.0,2-1
pos-008,2,60,10,T0.5_P1,0.5,1.0,28,28,0.9365798015939302,9.11017823103564,6.220652332271727e-07,6.773870714921489e-08,702,0.6495423972974919,9.11017542346733,0.0,2-1
pos-008,2,60,10,T0.9_P0.5,0.9,0.5,28,1,-0.0,0.0,0.0,0.0,702,1.0,0.0,0.0,2-1
pos-008,2,60,10,T0.9_P0.9,0.9,0.9,28,2,0.9790853437565789,10.79177906184267,0.0,0.0,702,0.5849315745445127,10.79177906184267,0.0,2-1
pos-008,2,60,10,T0.9_P0.95,0.9,0.95,28,2,0.9790853437565789,10.79177906184267,0.0,0.0,702,0.5849315745445127,10.79177906184267,0.0,2-1
pos-008,2,60,10,T0.9_P1,0.9,1.0,28,28,1.055193566582226,11.028294841963294,0.000512133055195217,0.00014560378083281012,702,0.580137098510803,11.020907182196995,0.0,2-1
pos-008,2,60,10,T1_P0.5,1.0,0.5,28,1,-0.0,0.0,0.0,0.0,702,1.0,0.0,0.0,2-1
pos-008,2,60,10,T1_P0.9,1.0,0.9,28,2,0.9830121990664339,11.008940098677769,0.0,0.0,702,0.5765792269739319,11.008940098677769,0.0,2-1
pos-008,2,60,10,T1_P0.95,1.0,0.95,28,2,0.9830121990664339,11.008940098677769,0.0,0.0,702,0.5765792269739319,11.008940098677769,0.0,2-1
pos-008,2,60,10,T1_P1,1.0,1.0,28,28,1.108577641106382,11.562320321897314,0.0012133179766757119,0.0003800540401658641,702,0.5683912057997299,11.542436224388247,0.0,2-1
pos-008,2,60,14,argmax,0.0,0.0,28,1,-0.0,0.0,0.0,0.0,692,1.0,0.0,0.0,2-1
pos-008,2,60,14,T0.5_P0.5,0.5,0.5,28,1,-0.0,0.0,0.0,0.0,692,1.0,0.0,0.0,2-1
pos-008,2,60,14,T0.5_P0.9,0.5,0.9,28,2,0.9343819551331043,5.255278766098191,0.0,0.0,692,0.6496480822601206,5.255278766098191,0.0,2-1
pos-008,2,60,14,T0.5_P0.95,0.5,0.95,28,2,0.9343819551331043,5.255278766098191,0.0,0.0,692,0.6496480822601206,5.255278766098191,0.0,2-1
pos-008,2,60,14,T0.5_P1,0.5,1.0,28,28,0.9365798015939302,5.264883495644089,6.825465639746416e-08,6.773870714921489e-08,692,0.6495423972974919,5.264880598214871,0.0,2-1
pos-008,2,60,14,T0.9_P0.5,0.9,0.5,28,1,-0.0,0.0,0.0,0.0,692,1.0,0.0,0.0,2-1
pos-008,2,60,14,T0.9_P0.9,0.9,0.9,28,2,0.9790853437565789,6.226026381832309,0.0,0.0,692,0.5849315745445127,6.226026381832309,0.0,2-1
pos-008,2,60,14,T0.9_P0.95,0.9,0.95,28,2,0.9790853437565789,6.226026381832309,0.0,0.0,692,0.5849315745445127,6.226026381832309,0.0,2-1
pos-008,2,60,14,T0.9_P1,0.9,1.0,28,28,1.055193566582226,6.811155722987964,0.0001507085345516454,0.00014560378083281012,692,0.580137098510803,6.803780266159085,0.0,2-1
pos-008,2,60,14,T1_P0.5,1.0,0.5,28,1,-0.0,0.0,0.0,0.0,692,1.0,0.0,0.0,2-1
pos-008,2,60,14,T1_P0.9,1.0,0.9,28,2,0.9830121990664339,6.351311595391021,0.0,0.0,692,0.5765792269739319,6.351311595391021,0.0,2-1
pos-008,2,60,14,T1_P0.95,1.0,0.95,28,2,0.9830121990664339,6.351311595391021,0.0,0.0,692,0.5765792269739319,6.351311595391021,0.0,2-1
pos-008,2,60,14,T1_P1,1.0,1.0,28,28,1.108577641106382,7.465211758963389,0.0003960734713055632,0.0003800540401658641,692,0.5683912057997299,7.445454071550337,0.0,2-1
pos-009,0,24,10,argmax,0.0,0.0,36,1,-0.0,71.0,0.0,0.0,-16,0.0,71.0,0.0,0-1
pos-009,0,24,10,T0.5_P0.5,0.5,0.5,36,1,-0.0,71.0,0.0,0.0,-16,0.0,71.0,0.0,0-1
pos-009,0,24,10,T0.5_P0.9,0.5,0.9,36,1,-0.0,71.0,0.0,0.0,-16,0.0,71.0,0.0,0-1
pos-009,0,24,10,T0.5_P0.95,0.5,0.95,36,1,-0.0,71.0,0.0,0.0,-16,0.0,71.0,0.0,0-1
pos-009,0,24,10,T0.5_P1,0.5,1.0,36,36,0.06431756478407903,71.04734265963393,0.005211984754687363,1.0348855400965167e-06,-16,0.0016126154402015182,71.04734265963393,0.0,0-1
pos-009,0,24,10,T0.9_P0.5,0.9,0.5,36,1,-0.0,71.0,0.0,0.0,-16,0.0,71.0,0.0,0-1
pos-009,0,24,10,T0.9_P0.9,0.9,0.9,36,1,-0.0,71.0,0.0,0.0,-16,0.0,71.0,0.0,0-1
pos-009,0,24,10,T0.9_P0.95,0.9,0.95,36,2,0.29202446064575405,72.5912624160312,0.05133104567842566,0.0,-16,0.0,72.5912624160312,0.0,0-1
pos-009,0,24,10,T0.9_P1,0.9,1.0,36,36,0.4751970711471096,71.00263376781756,0.05110006856396884,0.000996789054592526,-16,0.026026899375223858,71.00263376781756,0.0,0-1
pos-009,0,24,10,T1_P0.5,1.0,0.5,36,1,-0.0,71.0,0.0,0.0,-16,0.0,71.0,0.0,0-1
pos-009,0,24,10,T1_P0.9,1.0,0.9,36,2,0.35668003146260824,73.09377612259091,0.06754116524486803,0.0,-16,0.0,73.09377612259091,0.0,0-1
pos-009,0,24,10,T1_P0.95,1.0,0.95,36,2,0.35668003146260824,73.09377612259091,0.06754116524486803,0.0,-16,0.0,73.09377612259091,0.0,0-1
pos-009,0,24,10,T1_P1,1.0,1.0,36,36,0.6052938898530098,71.18871091496372,0.06774049971809704,0.0024306995887790183,-16,0.03611043227579965,71.18871091496372,0.0,0-1
pos-009,0,24,14,argmax,0.0,0.0,36,1,-0.0,81.0,0.0,0.0,2,0.0,81.0,0.0,0-1
pos-009,0,24,14,T0.5_P0.5,0.5,0.5,36,1,-0.0,81.0,0.0,0.0,2,0.0,81.0,0.0,0-1
pos-009,0,24,14,T0.5_P0.9,0.5,0.9,36,1,-0.0,81.0,0.0,0.0,2,0.0,81.0,0.0,0-1
pos-009,0,24,14,T0.5_P0.95,0.5,0.95,36,1,-0.0,81.0,0.0,0.0,2,0.0,81.0,0.0,0-1
pos-009,0,24,14,T0.5_P1,0.5,1.0,36,36,0.06431756478407903,80.98953809611112,0.005211984754687363,1.1930201025289792e-06,2,0.0016126154402015182,80.98953809611112,0.0,0-1
pos-009,0,24,14,T0.9_P0.5,0.9,0.5,36,1,-0.0,81.0,0.0,0.0,2,0.0,81.0,0.0,0-1
pos-009,0,24,14,T0.9_P0.9,0.9,0.9,36,1,-0.0,81.0,0.0,0.0,2,0.0,81.0,0.0,0-1
pos-009,0,24,14,T0.9_P0.95,0.9,0.95,36,2,0.29202446064575405,82.18061405060381,0.05133104567842566,0.0,2,0.0,82.18061405060381,0.0,0-1
pos-009,0,24,14,T0.9_P1,0.9,1.0,36,36,0.4751970711471096,80.34258888144245,0.05110006856396884,0.0011648013157875786,2,0.026026899375223858,80.34258888144245,0.0,0-1
pos-009,0,24,14,T1_P0.5,1.0,0.5,36,1,-0.0,81.0,0.0,0.0,2,0.0,81.0,0.0,0-1
pos-009,0,24,14,T1_P0.9,1.0,0.9,36,2,0.35668003146260824,82.55344680063196,0.06754116524486803,0.0,2,0.0,82.55344680063196,0.0,0-1
pos-009,0,24,14,T1_P0.95,1.0,0.95,36,2,0.35668003146260824,82.55344680063196,0.06754116524486803,0.0,2,0.0,82.55344680063196,0.0,0-1
pos-009,0,24,14,T1_P1,1.0,1.0,36,36,0.6052938898530098,80.30489706891693,0.06774049971809704,0.00282937438983592,2,0.03611043227579965,80.30489706891693,0.0,0-1
pos-010,0,40,10,argmax,0.0,0.0,7,1,-0.0,0.0,0.0,0.0,-13,1.0,0.0,0.0,0-1
pos-010,0,40,10,T0.5_P0.5,0.5,0.5,7,1,-0.0,0.0,0.0,0.0,-13,1.0,0.0,0.0,0-1
pos-010,0,40,10,T0.5_P0.9,0.5,0.9,7,1,-0.0,0.0,0.0,0.0,-13,1.0,0.0,0.0,0-1
pos-010,0,40,10,T0.5_P0.95,0.5,0.95,7,1,-0.0,0.0,0.0,0.0,-13,1.0,0.0,0.0,0-1
pos-010,0,40,10,T0.5_P1,0.5,1.0,7,7,0.013568763736410147,0.030515174993142758,1.7948061019931472e-08,1.7948061019931472e-08,-13,0.9987798796712667,0.030515174993142758,0.0,0-1
pos-010,0,40,10,T0.9_P0.5,0.9,0.5,7,1,-0.0,0.0,0.0,0.0,-13,1.0,0.0,0.0,0-1
pos-010,0,40,10,T0.9_P0.9,0.9,0.9,7,1,-0.0,0.0,0.0,0.0,-13,1.0,0.0,0.0,0-1
pos-010,0,40,10,T0.9_P0.95,0.9,0.95,7,1,-0.0,0.0,0.0,0.0,-13,1.0,0.0,0.0,0-1
pos-010,0,40,10,T0.9_P1,0.9,1.0,7,7,0.161787773331392,0.6303687589046864,6.428496794625936e-05,6.428496794625936e-05,-13,0.9764250591849197,0.6303687589046864,0.0,0-1
pos-010,0,40,10,T1_P0.5,1.0,0.5,7,1,-0.0,0.0,0.0,0.0,-13,1.0,0.0,0.0,0-1
pos-010,0,40,10,T1_P0.9,1.0,0.9,7,1,-0.0,0.0,0.0,0.0,-13,1.0,0.0,0.0,0-1
pos-010,0,40,10,T1_P0.95,1.0,0.95,7,1,-0.0,0.0,0.0,0.0,-13,1.0,0.0,0.0,0-1
pos-010,0,40,10,T1_P1,1.0,1.0,7,7,0.2157051415838841,0.9637313078612144,0.0001824250864699819,0.0001824250864699819,-13,0.966052781259859,0.9637313078612144,0.0,0-1
pos-010,0,40,14,argmax,0.0,0.0,7,1,-0.0,0.0,0.0,0.0,-26,1.0,0.0,0.0,0-1
pos-010,0,40,14,T0.5_P0.5,0.5,0.5,7,1,-0.0,0.0,0.0,0.0,-26,1.0,0.0,0.0,0-1
pos-010,0,40,14,T0.5_P0.9,0.5,0.9,7,1,-0.0,0.0,0.0,0.0,-26,1.0,0.0,0.0,0-1
pos-010,0,40,14,T0.5_P0.95,0.5,0.95,7,1,-0.0,0.0,0.0,0.0,-26,1.0,0.0,0.0,0-1
pos-010,0,40,14,T0.5_P1,0.5,1.0,7,7,0.013568763736410147,0.0341750477528321,1.7948061019931472e-08,1.7948061019931472e-08,-26,0.9987798796712667,0.0341750477528321,0.0,0-1
pos-010,0,40,14,T0.9_P0.5,0.9,0.5,7,1,-0.0,0.0,0.0,0.0,-26,1.0,0.0,0.0,0-1
pos-010,0,40,14,T0.9_P0.9,0.9,0.9,7,1,-0.0,0.0,0.0,0.0,-26,1.0,0.0,0.0,0-1
pos-010,0,40,14,T0.9_P0.95,0.9,0.95,7,1,-0.0,0.0,0.0,0.0,-26,1.0,0.0,0.0,0-1
pos-010,0,40,14,T0.9_P1,0.9,1.0,7,7,0.161787773331392,0.6996711040307795,6.428496794625936e-05,6.428496794625936e-05,-26,0.9764250591849197,0.6996711040307795,0.0,0-1
pos-010,0,40,14,T1_P0.5,1.0,0.5,7,1,-0.0,0.0,0.0,0.0,-26,1.0,0.0,0.0,0-1
pos-010,0,40,14,T1_P0.9,1.0,0.9,7,1,-0.0,0.0,0.0,0.0,-26,1.0,0.0,0.0,0-1
pos-010,0,40,14,T1_P0.95,1.0,0.95,7,1,-0.0,0.0,0.0,0.0,-26,1.0,0.0,0.0,0-1
pos-010,0,40,14,T1_P1,1.0,1.0,7,7,0.2157051415838841,1.0618246899603558,0.0001824250864699819,0.0001824250864699819,-26,0.966052781259859,1.0618246899603558,0.0,0-1
pos-011,0,60,10,argmax,0.0,0.0,31,1,-0.0,0.0,0.0,0.0,-222,1.0,0.0,0.0,0-2
pos-011,0,60,10,T0.5_P0.5,0.5,0.5,31,1,-0.0,0.0,0.0,0.0,-222,1.0,0.0,0.0,0-2
pos-011,0,60,10,T0.5_P0.9,0.5,0.9,31,1,-0.0,0.0,0.0,0.0,-222,1.0,0.0,0.0,0-2
pos-011,0,60,10,T0.5_P0.95,0.5,0.95,31,1,-0.0,0.0,0.0,0.0,-222,1.0,0.0,0.0,0-2
pos-011,0,60,10,T0.5_P1,0.5,1.0,31,31,0.0020666675750480807,0.035479656553581804,0.00012101268058620248,6.52880126363747e-05,-222,0.9998789873194138,0.0354768396715335,3.2107771988052257e-10,0-2
pos-011,0,60,10,T0.9_P0.5,0.9,0.5,31,1,-0.0,0.0,0.0,0.0,-222,1.0,0.0,0.0,0-2
pos-011,0,60,10,T0.9_P0.9,0.9,0.9,31,1,-0.0,0.0,0.0,0.0,-222,1.0,0.0,0.0,0-2
pos-011,0,60,10,T0.9_P0.95,0.9,0.95,31,1,-0.0,0.0,0.0,0.0,-222,1.0,0.0,0.0,0-2
pos-011,0,60,10,T0.9_P1,0.9,1.0,31,31,0.17217341835031397,5.180666820900624,0.016248274772681637,0.010540270284230557,-222,0.9837517252273184,5.109774460568504,8.080534654499043e-06,0-2
pos-011,0,60,10,T1_P0.5,1.0,0.5,31,1,-0.0,0.0,0.0,0.0,-222,1.0,0.0,0.0,0-2
pos-011,0,60,10,T1_P0.9,1.0,0.9,31,1,-0.0,0.0,0.0,0.0,-222,1.0,0.0,0.0,0-2
pos-011,0,60,10,T1_P0.95,1.0,0.95,31,1,-0.0,0.0,0.0,0.0,-222,1.0,0.0,0.0,0-2
pos-011,0,60,10,T1_P1,1.0,1.0,31,31,0.2971649057270236,9.925339234071828,0.030307699882627874,0.0202341994995187,-222,0.9696923001173723,9.673625761244805,2.8691055862186293e-05,0-2
pos-011,0,60,14,argmax,0.0,0.0,31,1,-0.0,0.0,0.0,0.0,-238,1.0,0.0,0.0,0-2
pos-011,0,60,14,T0.5_P0.5,0.5,0.5,31,1,-0.0,0.0,0.0,0.0,-238,1.0,0.0,0.0,0-2
pos-011,0,60,14,T0.5_P0.9,0.5,0.9,31,1,-0.0,0.0,0.0,0.0,-238,1.0,0.0,0.0,0-2
pos-011,0,60,14,T0.5_P0.95,0.5,0.95,31,1,-0.0,0.0,0.0,0.0,-238,1.0,0.0,0.0,0-2
pos-011,0,60,14,T0.5_P1,0.5,1.0,31,31,0.0020666675750480807,0.16541821377492522,0.00012101268058620248,0.00012101268058620248,-238,0.9998789873194138,0.05009332392415079,1.3172693782484365e-05,0-2
pos-011,0,60,14,T0.9_P0.5,0.9,0.5,31,1,-0.0,0.0,0.0,0.0,-238,1.0,0.0,0.0,0-2
pos-011,0,60,14,T0.9_P0.9,0.9,0.9,31,1,-0.0,0.0,0.0,0.0,-238,1.0,0.0,0.0,0-2
pos-011,0,60,14,T0.9_P0.95,0.9,0.95,31,1,-0.0,0.0,0.0,0.0,-238,1.0,0.0,0.0,0-2
pos-011,0,60,14,T0.9_P1,0.9,1.0,31,31,0.17217341835031397,29.635327641393864,0.016248274772681637,0.016248274772681637,-238,0.9837517252273184,7.3795887559887765,0.002542202251481338,0-2
pos-011,0,60,14,T1_P0.5,1.0,0.5,31,1,-0.0,0.0,0.0,0.0,-238,1.0,0.0,0.0,0-2
pos-011,0,60,14,T1_P0.9,1.0,0.9,31,1,-0.0,0.0,0.0,0.0,-238,1.0,0.0,0.0,0-2
pos-011,0,60,14,T1_P0.95,1.0,0.95,31,1,-0.0,0.0,0.0,0.0,-238,1.0,0.0,0.0,0-2
pos-011,0,60,14,T1_P1,1.0,1.0,31,31,0.2971649057270236,58.33645864333922,0.030307699882627874,0.030307699882627874,-238,0.9696923001173723,14.032367982856526,0.005060744218363792,0-2
pos-012,1,24,10,argmax,0.0,0.0,34,1,-0.0,0.0,0.0,0.0,-176,1.0,0.0,0.0,1-1
pos-012,1,24,10,T0.5_P0.5,0.5,0.5,34,1,-0.0,0.0,0.0,0.0,-176,1.0,0.0,0.0,1-1
pos-012,1,24,10,T0.5_P0.9,0.5,0.9,34,1,-0.0,0.0,0.0,0.0,-176,1.0,0.0,0.0,1-1
pos-012,1,24,10,T0.5_P0.95,0.5,0.95,34,1,-0.0,0.0,0.0,0.0,-176,1.0,0.0,0.0,1-1
pos-012,1,24,10,T0.5_P1,0.5,1.0,34,34,0.16168883637195838,3.2748458150803383,0.012855887589592222,0.00707974124146918,-176,0.9833256611837946,3.2748458150803383,0.0,1-1
pos-012,1,24,10,T0.9_P0.5,0.9,0.5,34,1,-0.0,0.0,0.0,0.0,-176,1.0,0.0,0.0,1-1
pos-012,1,24,10,T0.9_P0.9,0.9,0.9,34,4,0.7636474522237555,25.500364529000493,0.09333236954815519,0.04333812290227205,-176,0.8696386132751325,25.500364529000493,0.0,1-1
pos-012,1,24,10,T0.9_P0.95,0.9,0.95,34,6,1.0060738500999045,33.0134930367969,0.12792396863388228,0.07983712540517582,-176,0.8364597622281514,33.0134930367969,0.0,1-1
pos-012,1,24,10,T0.9_P1,0.9,1.0,34,34,1.2900572720909214,37.843767305370115,0.14377199144896124,0.09503147889190529,-176,0.8068030744808434,37.843767305370115,0.0,1-1
pos-012,1,24,10,T1_P0.5,1.0,0.5,34,1,-0.0,0.0,0.0,0.0,-176,1.0,0.0,0.0,1-1
pos-012,1,24,10,T1_P0.9,1.0,0.9,34,5,1.0835627625301043,37.987039721615005,0.1456159569042073,0.08386644180682523,-176,0.8072544714449092,37.987039721615005,0.0,1-1
pos-012,1,24,10,T1_P0.95,1.0,0.95,34,7,1.3118767541649945,42.409368389194846,0.16331163040270014,0.103906214592636,-176,0.7766099452779588,42.409368389194846,0.0,1-1
pos-012,1,24,10,T1_P1,1.0,1.0,34,34,1.617967909396596,50.1104780445113,0.18915669711075564,0.12810342911821176,-176,0.7452177513114292,50.1104780445113,0.0,1-1
pos-012,1,24,14,argmax,0.0,0.0,34,1,-0.0,30.0,0.0,0.0,-163,0.0,30.0,0.0,1-1
pos-012,1,24,14,T0.5_P0.5,0.5,0.5,34,1,-0.0,30.0,0.0,0.0,-163,0.0,30.0,0.0,1-1
pos-012,1,24,14,T0.5_P0.9,0.5,0.9,34,1,-0.0,30.0,0.0,0.0,-163,0.0,30.0,0.0,1-1
pos-012,1,24,14,T0.5_P0.95,0.5,0.95,34,1,-0.0,30.0,0.0,0.0,-163,0.0,30.0,0.0,1-1
pos-012,1,24,14,T0.5_P1,0.5,1.0,34,34,0.16168883637195838,33.49356386764099,0.01620757446980343,0.012833392798206751,-163,0.0003541327683854592,33.49356386764099,0.0,1-1
pos-012,1,24,14,T0.9_P0.5,0.9,0.5,34,1,-0.0,30.0,0.0,0.0,-163,0.0,30.0,0.0,1-1
pos-012,1,24,14,T0.9_P0.9,0.9,0.9,34,4,0.7636474522237555,57.575565445264395,0.13036138672486766,0.09333236954815519,-163,0.0,57.575565445264395,0.0,1-1
pos-012,1,24,14,T0.9_P0.95,0.9,0.95,34,6,1.0060738500999045,64.90493940207291,0.16354023777184876,0.12792396863388228,-163,0.0,64.90493940207291,0.0,1-1
pos-012,1,24,14,T0.9_P1,0.9,1.0,34,34,1.2900572720909214,68.70897616088445,0.17812548547179832,0.14141340269856012,-163,0.009855862210300607,68.70897616088445,0.0,1-1
pos-012,1,24,14,T1_P0.5,1.0,0.5,34,1,-0.0,30.0,0.0,0.0,-163,0.0,30.0,0.0,1-1
pos-012,1,24,14,T1_P0.9,1.0,0.9,34,5,1.0835627625301043,71.33432436113748,0.19274552855509067,0.1456159569042073,-163,0.0,71.33432436113748,0.0,1-1
pos-012,1,24,14,T1_P0.95,1.0,0.95,34,7,1.3118767541649945,74.03743875300088,0.20865209658216063,0.16331163040270014,-163,0.01473795813988061,74.03743875300088,0.0,1-1
pos-012,1,24,14,T1_P1,1.0,1.0,34,34,1.617967909396596,80.89400761387665,0.23266440706877856,0.18510755410382684,-163,0.01414221912905435,80.89400761387665,0.0,1-1
pos-013,1,40,10,argmax,0.0,0.0,24,1,-0.0,9237.0,1.0,1.0,-754,0.0,1000.0,1.0,1-1
pos-013,1,40,10,T0.5_P0.5,0.5,0.5,24,1,-0.0,9237.0,1.0,1.0,-754,0.0,1000.0,1.0,1-1
pos-013,1,40,10,T0.5_P0.9,0.5,0.9,24,3,0.9930474472037458,7138.268102666994,0.7719017609680463,0.7719017609680463,-754,0.0,780.1132975731967,0.7719017609680463,1-1
pos-013,1,40,10,T0.5_P0.95,0.5,0.95,24,4,1.1415612766346874,6953.485157953513,0.7517564390179539,0.7517564390179539,-754,0.0,761.2673697626276,0.7517564390179539,1-1
pos-013,1,40,10,T0.5_P1,0.5,1.0,24,24,1.3823140835812642,6694.138558578957,0.7340088288729288,0.7234644224081875,-754,1.0653277153392634e-08,734.9679424167673,0.7234637103150465,1-1
pos-013,1,40,10,T0.9_P0.5,0.9,0.5,24,2,0.856140647353126,6656.055545457507,0.7194930491748187,0.7194930491748187,-754,0.0,729.5912994045252,0.7194930491748187,1-1
pos-013,1,40,10,T0.9_P0.9,0.9,0.9,24,5,1.9345437407310109,4661.61787899856,0.5027305058839647,0.5027305058839647,-754,0.0,520.6267020323421,0.5027305058839647,1-1
pos-013,1,40,10,T0.9_P0.95,0.9,0.95,24,6,2.1141369237550145,4456.103699461092,0.5254881608094066,0.4797229264752621,-754,0.0,504.6259540843579,0.4797229264752621,1-1
pos-013,1,40,10,T0.9_P1,0.9,1.0,24,24,2.3506693185095813,4288.436051645754,0.506588933843875,0.4617223562946979,-754,2.0517641809383377e-05,488.050923195586,0.4613790619918527,1-1
pos-013,1,40,10,T1_P0.5,1.0,0.5,24,2,0.8811739082958164,6477.580359052046,0.7000956808012223,0.7000956808012223,-754,0.0,710.8922362923784,0.7000956808012223,1-1
pos-013,1,40,10,T1_P0.9,1.0,0.9,24,6,2.199653943713278,4133.361881471643,0.4981719904718933,0.4445314454212172,-754,0.0,471.7563655370764,0.4445314454212172,1-1
pos-013,1,40,10,T1_P0.95,1.0,0.95,24,7,2.3169675601368067,4026.610230194076,0.48512267506142903,0.43288721179885675,-754,0.0,460.9182666068932,0.43288721179885675,1-1
pos-013,1,40,10,T1_P1,1.0,1.0,24,24,2.4997354232578894,3929.9570653654305,0.4753164685869288,0.42297697378271004,-754,5.103364106036288e-05,451.8037894677375,0.4222583897426459,1-1
pos-013,1,40,14,argmax,0.0,0.0,24,1,-0.0,9206.0,1.0,1.0,-785,0.0,1000.0,1.0,1-1
pos-013,1,40,14,T0.5_P0.5,0.5,0.5,24,1,-0.0,9206.0,1.0,1.0,-785,0.0,1000.0,1.0,1-1
pos-013,1,40,14,T0.5_P0.9,0.5,0.9,24,3,0.9930474472037458,7109.313685439618,0.7719017609680463,0.7719017609680463,-785,0.0,775.0878349358306,0.7719017609680463,1-1
pos-013,1,40,14,T0.5_P0.95,0.5,0.95,24,4,1.1415612766346874,6925.442991512741,0.7517564390179539,0.7517564390179539,-785,0.0,756.5296529314118,0.7517564390179539,1-1
pos-013,1,40,14,T0.5_P1,0.5,1.0,24,24,1.3823140835812642,6666.168083738302,0.7340088288729288,0.7234641226448355,-785,0.02331912893858389,729.4229108227127,0.7234639456675276,1-1
pos-013,1,40,14,T0.9_P0.5,0.9,0.5,24,2,0.856140647353126,6628.42162886741,0.7194930491748187,0.7194930491748187,-785,0.0,724.2616673388468,0.7194930491748187,1-1
pos-013,1,40,14,T0.9_P0.9,0.9,0.9,24,5,1.9345437407310109,4637.783731784353,0.5027305058839647,0.5027305058839647,-785,0.0745782889873362,512.3772005005387,0.5027305058839647,1-1
pos-013,1,40,14,T0.9_P0.95,0.9,0.95,24,6,2.1141369237550145,4430.660178753583,0.5254881608094066,0.4797229264752621,-785,0.07116519611559122,494.05384409758284,0.4797229264752621,1-1
pos-013,1,40,14,T0.9_P1,0.9,1.0,24,24,2.3506693185095813,4264.323882491799,0.506588933843875,0.4615913501985244,-785,0.06830884509149625,477.3014303554243,0.4614935934986697,1-1
pos-013,1,40,14,T1_P0.5,1.0,0.5,24,2,0.8811739082958164,6450.179210882432,0.7000956808012223,0.7000956808012223,-785,0.0,705.1940542276016,0.7000956808012223,1-1
pos-013,1,40,14,T1_P0.9,1.0,0.9,24,6,2.199653943713278,4108.241276778099,0.4981719904718933,0.4445314454212172,-785,0.07980901415623719,460.4162356515903,0.4445314454212172,1-1
pos-013,1,40,14,T1_P0.95,1.0,0.95,24,7,2.3169675601368067,4001.9642838325885,0.48512267506142903,0.43288721179885675,-785,0.07771846507230248,449.69182381116985,0.43288721179885675,1-1
pos-013,1,40,14,T1_P1,1.0,1.0,24,24,2.4997354232578894,3907.375250856924,0.4753164685869288,0.42270626383798976,-785,0.07550419885186396,440.34313934723724,0.422498258857414,1-1
pos-014,1,60,10,argmax,0.0,0.0,19,1,-0.0,0.0,0.0,0.0,689,1.0,0.0,0.0,1-4
pos-014,1,60,10,T0.5_P0.5,0.5,0.5,19,1,-0.0,0.0,0.0,0.0,689,1.0,0.0,0.0,1-4
pos-014,1,60,10,T0.5_P0.9,0.5,0.9,19,1,-0.0,0.0,0.0,0.0,689,1.0,0.0,0.0,1-4
pos-014,1,60,10,T0.5_P0.95,0.5,0.95,19,1,-0.0,0.0,0.0,0.0,689,1.0,0.0,0.0,1-4
pos-014,1,60,10,T0.5_P1,0.5,1.0,19,19,0.016075744148204042,0.5654008294726851,0.0012711881489042938,0.0012711881489042938,689,0.9987288118510959,0.5653701007539675,0.0,1-4
pos-014,1,60,10,T0.9_P0.5,0.9,0.5,19,1,-0.0,0.0,0.0,0.0,689,1.0,0.0,0.0,1-4
pos-014,1,60,10,T0.9_P0.9,0.9,0.9,19,1,-0.0,0.0,0.0,0.0,689,1.0,0.0,0.0,1-4
pos-014,1,60,10,T0.9_P0.95,0.9,0.95,19,1,-0.0,0.0,0.0,0.0,689,1.0,0.0,0.0,1-4
pos-014,1,60,10,T0.9_P1,0.9,1.0,19,19,0.35359274894135784,20.572709258006107,0.04301934446843869,0.04301934446843869,689,0.9569806555315614,20.49548185254008,0.0,1-4
pos-014,1,60,10,T1_P0.5,1.0,0.5,19,1,-0.0,0.0,0.0,0.0,689,1.0,0.0,0.0,1-4
pos-014,1,60,10,T1_P0.9,1.0,0.9,19,1,-0.0,0.0,0.0,0.0,689,1.0,0.0,0.0,1-4
pos-014,1,60,10,T1_P0.95,1.0,0.95,19,2,0.17207215638673445,9.181889000628315,0.025647734638626577,0.025647734638626577,689,0.9743522653613734,9.181889000628315,0.0,1-4
pos-014,1,60,10,T1_P1,1.0,1.0,19,19,0.5171521123831077,32.68756273005252,0.06723820552333229,0.06723820552333229,689,0.9327617944766677,32.48530793664325,0.0,1-4
pos-014,1,60,14,argmax,0.0,0.0,19,1,-0.0,0.0,0.0,0.0,662,1.0,0.0,0.0,1-4
pos-014,1,60,14,T0.5_P0.5,0.5,0.5,19,1,-0.0,0.0,0.0,0.0,662,1.0,0.0,0.0,1-4
pos-014,1,60,14,T0.5_P0.9,0.5,0.9,19,1,-0.0,0.0,0.0,0.0,662,1.0,0.0,0.0,1-4
pos-014,1,60,14,T0.5_P0.95,0.5,0.95,19,1,-0.0,0.0,0.0,0.0,662,1.0,0.0,0.0,1-4
pos-014,1,60,14,T0.5_P1,0.5,1.0,19,19,0.016075744148204042,0.5350618374014612,0.0012711881489042938,0.0012711881489042938,662,0.9987288118510959,0.5350273933397443,0.0,1-4
pos-014,1,60,14,T0.9_P0.5,0.9,0.5,19,1,-0.0,0.0,0.0,0.0,662,1.0,0.0,0.0,1-4
pos-014,1,60,14,T0.9_P0.9,0.9,0.9,19,1,-0.0,0.0,0.0,0.0,662,1.0,0.0,0.0,1-4
pos-014,1,60,14,T0.9_P0.95,0.9,0.95,19,1,-0.0,0.0,0.0,0.0,662,1.0,0.0,0.0,1-4
pos-014,1,60,14,T0.9_P1,0.9,1.0,19,19,0.35359274894135784,19.68843329360057,0.04301934446843869,0.04301934446843869,662,0.9569806555315614,19.600863542123502,0.0,1-4
pos-014,1,60,14,T1_P0.5,1.0,0.5,19,1,-0.0,0.0,0.0,0.0,662,1.0,0.0,0.0,1-4
pos-014,1,60,14,T1_P0.9,1.0,0.9,19,1,-0.0,0.0,0.0,0.0,662,1.0,0.0,0.0,1-4
pos-014,1,60,14,T1_P0.95,1.0,0.95,19,2,0.17207215638673445,7.976445472612865,0.025647734638626577,0.025647734638626577,662,0.9743522653613734,7.976445472612865,0.0,1-4
pos-014,1,60,14,T1_P1,1.0,1.0,19,19,0.5171521123831077,31.334710819699197,0.06723820552333229,0.06723820552333229,662,0.9327617944766677,31.10478123755306,0.0,1-4
pos-015,2,24,10,argmax,0.0,0.0,47,1,-0.0,0.0,0.0,0.0,282,1.0,0.0,0.0,2-1
pos-015,2,24,10,T0.5_P0.5,0.5,0.5,47,1,-0.0,0.0,0.0,0.0,282,1.0,0.0,0.0,2-1
pos-015,2,24,10,T0.5_P0.9,0.5,0.9,47,1,-0.0,0.0,0.0,0.0,282,1.0,0.0,0.0,2-1
pos-015,2,24,10,T0.5_P0.95,0.5,0.95,47,1,-0.0,0.0,0.0,0.0,282,1.0,0.0,0.0,2-1
pos-015,2,24,10,T0.5_P1,0.5,1.0,47,47,0.01632047044484668,0.34035185127250256,0.0011264976773797443,0.0010228521493003682,282,0.9988105020138895,0.34035185127250256,0.0,2-1
pos-015,2,24,10,T0.9_P0.5,0.9,0.5,47,1,-0.0,0.0,0.0,0.0,282,1.0,0.0,0.0,2-1
pos-015,2,24,10,T0.9_P0.9,0.9,0.9,47,1,-0.0,0.0,0.0,0.0,282,1.0,0.0,0.0,2-1
pos-015,2,24,10,T0.9_P0.95,0.9,0.95,47,2,0.10247039241710625,3.4396003558779618,0.013383658972287788,0.013383658972287788,282,0.9866163410277122,3.4396003558779618,0.0,2-1
pos-015,2,24,10,T0.9_P1,0.9,1.0,47,47,0.4934377686959007,17.227011839010906,0.05128306213569006,0.045504363964046404,282,0.9443345126223542,17.227011839010906,0.0,2-1
pos-015,2,24,10,T1_P0.5,1.0,0.5,47,1,-0.0,0.0,0.0,0.0,282,1.0,0.0,0.0,2-1
pos-015,2,24,10,T1_P0.9,1.0,0.9,47,1,-0.0,0.0,0.0,0.0,282,1.0,0.0,0.0,2-1
pos-015,2,24,10,T1_P0.95,1.0,0.95,47,4,0.3544630923096528,13.46392347970168,0.04825962600429316,0.04825962600429316,282,0.951740373995707,13.46392347970168,0.0,2-1
pos-015,2,24,10,T1_P1,1.0,1.0,47,47,0.7467468594351646,28.35201825956787,0.08272911897699563,0.07345877605129983,282,0.9100433185502251,28.35201825956787,0.0,2-1
pos-015,2,24,14,argmax,0.0,0.0,47,1,-0.0,0.0,0.0,0.0,315,1.0,0.0,0.0,2-1
pos-015,2,24,14,T0.5_P0.5,0.5,0.5,47,1,-0.0,0.0,0.0,0.0,315,1.0,0.0,0.0,2-1
pos-015,2,24,14,T0.5_P0.9,0.5,0.9,47,1,-0.0,0.0,0.0,0.0,315,1.0,0.0,0.0,2-1
pos-015,2,24,14,T0.5_P0.95,0.5,0.95,47,1,-0.0,0.0,0.0,0.0,315,1.0,0.0,0.0,2-1
pos-015,2,24,14,T0.5_P1,0.5,1.0,47,47,0.01632047044484668,0.36855964218982473,0.0011264976773797443,0.0008784144785385965,315,0.9988105020138895,0.36855964218982473,0.0,2-1
pos-015,2,24,14,T0.9_P0.5,0.9,0.5,47,1,-0.0,0.0,0.0,0.0,315,1.0,0.0,0.0,2-1
pos-015,2,24,14,T0.9_P0.9,0.9,0.9,47,1,-0.0,0.0,0.0,0.0,315,1.0,0.0,0.0,2-1
pos-015,2,24,14,T0.9_P0.95,0.9,0.95,47,2,0.10247039241710625,4.135550622436926,0.013383658972287788,0.013383658972287788,315,0.9866163410277122,4.135550622436926,0.0,2-1
pos-015,2,24,14,T0.9_P1,0.9,1.0,47,47,0.4934377686959007,18.860709983034205,0.05128306213569006,0.04189855306778385,315,0.9443345126223542,18.860709983034205,0.0,2-1
pos-015,2,24,14,T1_P0.5,1.0,0.5,47,1,-0.0,0.0,0.0,0.0,315,1.0,0.0,0.0,2-1
pos-015,2,24,14,T1_P0.9,1.0,0.9,47,1,-0.0,0.0,0.0,0.0,315,1.0,0.0,0.0,2-1
pos-015,2,24,14,T1_P0.95,1.0,0.95,47,4,0.3544630923096528,13.945470872621126,0.04825962600429316,0.03326016616446391,315,0.951740373995707,13.945470872621126,0.0,2-1
pos-015,2,24,14,T1_P1,1.0,1.0,47,47,0.7467468594351646,31.11762026562603,0.08272911897699563,0.06838680611304582,315,0.9100433185502251,31.11762026562603,0.0,2-1
pos-016,2,40,10,argmax,0.0,0.0,40,1,-0.0,9138.0,1.0,1.0,9998,0.0,1000.0,0.0,2-2
pos-016,2,40,10,T0.5_P0.5,0.5,0.5,40,1,-0.0,9138.0,1.0,1.0,9998,0.0,1000.0,0.0,2-2
pos-016,2,40,10,T0.5_P0.9,0.5,0.9,40,2,0.8457528127203652,6643.221057970244,0.7269885158645485,0.7269885158645485,9998,0.2730114841354515,726.9885158645485,0.2730114841354515,2-2
pos-016,2,40,10,T0.5_P0.95,0.5,0.95,40,2,0.8457528127203652,6643.221057970244,0.7269885158645485,0.7269885158645485,9998,0.2730114841354515,726.9885158645485,0.2730114841354515,2-2
pos-016,2,40,10,T0.5_P1,0.5,1.0,40,40,0.8535127422168516,6642.001916027478,0.7268446264859793,0.7268446264859793,9998,0.2731553735140207,726.8446264859793,0.27315971793087607,2-2
pos-016,2,40,10,T0.9_P0.5,0.9,0.5,40,1,-0.0,9138.0,1.0,1.0,9998,0.0,1000.0,0.0,2-2
pos-016,2,40,10,T0.9_P0.9,0.9,0.9,40,2,0.9485231418935396,5782.232495750319,0.6327678371361697,0.6327678371361697,9998,0.3672321628638304,632.7678371361696,0.3672321628638304,2-2
pos-016,2,40,10,T0.9_P0.95,0.9,0.95,40,2,0.9485231418935396,5782.232495750319,0.6327678371361697,0.6327678371361697,9998,0.3672321628638304,632.7678371361696,0.3672321628638304,2-2
pos-016,2,40,10,T0.9_P1,0.9,1.0,40,40,1.1392553285569456,5797.172541346844,0.6328038520901859,0.6328038520901859,9998,0.3671961479098139,632.8038520901858,0.3683300449421584,2-2
pos-016,2,40,10,T1_P0.5,1.0,0.5,40,1,-0.0,9138.0,1.0,1.0,9998,0.0,1000.0,0.0,2-2
pos-016,2,40,10,T1_P0.9,1.0,0.9,40,2,0.9580170285681513,5665.883328768616,0.620035382881223,0.620035382881223,9998,0.379964617118777,620.035382881223,0.379964617118777,2-2
pos-016,2,40,10,T1_P0.95,1.0,0.95,40,2,0.9580170285681513,5665.883328768616,0.620035382881223,0.620035382881223,9998,0.379964617118777,620.035382881223,0.379964617118777,2-2
pos-016,2,40,10,T1_P1,1.0,1.0,40,40,1.2471650748067626,5709.214823949807,0.6215754151201083,0.6215754151201083,9998,0.3784245848798918,621.5754151201083,0.38076313259419614,2-2
pos-016,2,40,14,argmax,0.0,0.0,40,1,-0.0,9060.0,1.0,1.0,9998,0.0,1000.0,0.0,2-2
pos-016,2,40,14,T0.5_P0.5,0.5,0.5,40,1,-0.0,9060.0,1.0,1.0,9998,0.0,1000.0,0.0,2-2
pos-016,2,40,14,T0.5_P0.9,0.5,0.9,40,2,0.8457528127203652,6586.515953732809,0.7269885158645485,0.7269885158645485,9998,0.2730114841354515,726.9885158645485,0.2730114841354515,2-2
pos-016,2,40,14,T0.5_P0.95,0.5,0.95,40,2,0.8457528127203652,6586.515953732809,0.7269885158645485,0.7269885158645485,9998,0.2730114841354515,726.9885158645485,0.2730114841354515,2-2
pos-016,2,40,14,T0.5_P1,0.5,1.0,40,40,0.8535127422168516,6585.307757740028,0.7268446264859793,0.7268446264859793,9998,0.2731553735140207,726.8446264859793,0.27315971793087607,2-2
pos-016,2,40,14,T0.9_P0.5,0.9,0.5,40,1,-0.0,9060.0,1.0,1.0,9998,0.0,1000.0,0.0,2-2
pos-016,2,40,14,T0.9_P0.9,0.9,0.9,40,2,0.9485231418935396,5732.876604453697,0.6327678371361697,0.6327678371361697,9998,0.3672321628638304,632.7678371361696,0.3672321628638304,2-2
pos-016,2,40,14,T0.9_P0.95,0.9,0.95,40,2,0.9485231418935396,5732.876604453697,0.6327678371361697,0.6327678371361697,9998,0.3672321628638304,632.7678371361696,0.3672321628638304,2-2
pos-016,2,40,14,T0.9_P1,0.9,1.0,40,40,1.1392553285569456,5747.954881019821,0.6328038520901859,0.6328038520901859,9998,0.3671961479098139,632.8038520901858,0.3683300449421584,2-2
pos-016,2,40,14,T1_P0.5,1.0,0.5,40,1,-0.0,9060.0,1.0,1.0,9998,0.0,1000.0,0.0,2-2
pos-016,2,40,14,T1_P0.9,1.0,0.9,40,2,0.9580170285681513,5617.52056890388,0.620035382881223,0.620035382881223,9998,0.379964617118777,620.035382881223,0.379964617118777,2-2
pos-016,2,40,14,T1_P0.95,1.0,0.95,40,2,0.9580170285681513,5617.52056890388,0.620035382881223,0.620035382881223,9998,0.379964617118777,620.035382881223,0.379964617118777,2-2
pos-016,2,40,14,T1_P1,1.0,1.0,40,40,1.2471650748067626,5661.032117109341,0.6215754151201083,0.6215754151201083,9998,0.3784245848798918,621.5754151201083,0.38076313259419614,2-2
pos-017,2,60,10,argmax,0.0,0.0,3,1,-0.0,0.0,0.0,0.0,-53,1.0,0.0,0.0,2-3
pos-017,2,60,10,T0.5_P0.5,0.5,0.5,3,1,-0.0,0.0,0.0,0.0,-53,1.0,0.0,0.0,2-3
pos-017,2,60,10,T0.5_P0.9,0.5,0.9,3,1,-0.0,0.0,0.0,0.0,-53,1.0,0.0,0.0,2-3
pos-017,2,60,10,T0.5_P0.95,0.5,0.95,3,1,-0.0,0.0,0.0,0.0,-53,1.0,0.0,0.0,2-3
pos-017,2,60,10,T0.5_P1,0.5,1.0,3,3,4.2016628828161924e-05,0.0014020661595043713,2.0394601871010364e-06,2.0394601871010364e-06,-53,0.9999979605398129,0.0014020661595043713,0.0,2-3
pos-017,2,60,10,T0.9_P0.5,0.9,0.5,3,1,-0.0,0.0,0.0,0.0,-53,1.0,0.0,0.0,2-3
pos-017,2,60,10,T0.9_P0.9,0.9,0.9,3,1,-0.0,0.0,0.0,0.0,-53,1.0,0.0,0.0,2-3
pos-017,2,60,10,T0.9_P0.95,0.9,0.95,3,1,-0.0,0.0,0.0,0.0,-53,1.0,0.0,0.0,2-3
pos-017,2,60,10,T0.9_P1,0.9,1.0,3,3,0.00979167835828398,0.5536905831275708,0.0007924120448806176,0.0007924120448806176,-53,0.9992075879551193,0.5536905831275708,0.0,2-3
pos-017,2,60,10,T1_P0.5,1.0,0.5,3,1,-0.0,0.0,0.0,0.0,-53,1.0,0.0,0.0,2-3
pos-017,2,60,10,T1_P0.9,1.0,0.9,3,1,-0.0,0.0,0.0,0.0,-53,1.0,0.0,0.0,2-3
pos-017,2,60,10,T1_P0.95,1.0,0.95,3,1,-0.0,0.0,0.0,0.0,-53,1.0,0.0,0.0,2-3
pos-017,2,60,10,T1_P1,1.0,1.0,3,3,0.01913154132223293,1.185184119514154,0.0016902597664269082,0.0016902597664269082,-53,0.998309740233573,1.185184119514154,0.0,2-3
pos-017,2,60,14,argmax,0.0,0.0,3,1,-0.0,0.0,0.0,0.0,-32,1.0,0.0,0.0,2-3
pos-017,2,60,14,T0.5_P0.5,0.5,0.5,3,1,-0.0,0.0,0.0,0.0,-32,1.0,0.0,0.0,2-3
pos-017,2,60,14,T0.5_P0.9,0.5,0.9,3,1,-0.0,0.0,0.0,0.0,-32,1.0,0.0,0.0,2-3
pos-017,2,60,14,T0.5_P0.95,0.5,0.95,3,1,-0.0,0.0,0.0,0.0,-32,1.0,0.0,0.0,2-3
pos-017,2,60,14,T0.5_P1,0.5,1.0,3,3,4.2016628828161924e-05,0.002295884851656291,2.0394601871010364e-06,2.0394601871010364e-06,-32,0.9999979605398129,0.0015105176765369678,8.764280494580102e-08,2-3
pos-017,2,60,14,T0.9_P0.5,0.9,0.5,3,1,-0.0,0.0,0.0,0.0,-32,1.0,0.0,0.0,2-3
pos-017,2,60,14,T0.9_P0.9,0.9,0.9,3,1,-0.0,0.0,0.0,0.0,-32,1.0,0.0,0.0,2-3
pos-017,2,60,14,T0.9_P0.95,0.9,0.95,3,1,-0.0,0.0,0.0,0.0,-32,1.0,0.0,0.0,2-3
pos-017,2,60,14,T0.9_P1,0.9,1.0,3,3,0.00979167835828398,1.6849008861888786,0.0007924120448806176,0.0007924120448806176,-32,0.9992075879551193,0.6101705480687736,0.00011993419686643289,2-3
pos-017,2,60,14,T1_P0.5,1.0,0.5,3,1,-0.0,0.0,0.0,0.0,-32,1.0,0.0,0.0,2-3
pos-017,2,60,14,T1_P0.9,1.0,0.9,3,1,-0.0,0.0,0.0,0.0,-32,1.0,0.0,0.0,2-3
pos-017,2,60,14,T1_P0.95,1.0,0.95,3,1,-0.0,0.0,0.0,0.0,-32,1.0,0.0,0.0,2-3
pos-017,2,60,14,T1_P1,1.0,1.0,3,3,0.01913154132223293,3.960672500297544,0.0016902597664269082,0.0016902597664269082,-32,0.998309740233573,1.3122921143509854,0.0002955451831209194,2-3
pos-018,0,24,10,argmax,0.0,0.0,3,1,-0.0,0.0,0.0,0.0,50,1.0,0.0,0.0,0-2
pos-018,0,24,10,T0.5_P0.5,0.5,0.5,3,1,-0.0,0.0,0.0,0.0,50,1.0,0.0,0.0,0-2
pos-018,0,24,10,T0.5_P0.9,0.5,0.9,3,1,-0.0,0.0,0.0,0.0,50,1.0,0.0,0.0,0-2
pos-018,0,24,10,T0.5_P0.95,0.5,0.95,3,1,-0.0,0.0,0.0,0.0,50,1.0,0.0,0.0,0-2
pos-018,0,24,10,T0.5_P1,0.5,1.0,3,3,0.00023359424251636246,0.002681236751055976,1.3085558337980883e-05,3.732926820888549e-07,50,0.9999869144416621,0.002681236751055976,0.0,0-2
pos-018,0,24,10,T0.9_P0.5,0.9,0.5,3,1,-0.0,0.0,0.0,0.0,50,1.0,0.0,0.0,0-2
pos-018,0,24,10,T0.9_P0.9,0.9,0.9,3,1,-0.0,0.0,0.0,0.0,50,1.0,0.0,0.0,0-2
pos-018,0,24,10,T0.9_P0.95,0.9,0.95,3,1,-0.0,0.0,0.0,0.0,50,1.0,0.0,0.0,0-2
pos-018,0,24,10,T0.9_P1,0.9,1.0,3,3,0.023495758599587257,0.5088632507789652,0.0021697846067876415,0.0002679021405403446,50,0.9978302153932125,0.5088632507789652,0.0,0-2
pos-018,0,24,10,T1_P0.5,1.0,0.5,3,1,-0.0,0.0,0.0,0.0,50,1.0,0.0,0.0,0-2
pos-018,0,24,10,T1_P0.9,1.0,0.9,3,1,-0.0,0.0,0.0,0.0,50,1.0,0.0,0.0,0-2
pos-018,0,24,10,T1_P0.95,1.0,0.95,3,1,-0.0,0.0,0.0,0.0,50,1.0,0.0,0.0,0-2
pos-018,0,24,10,T1_P1,1.0,1.0,3,3,0.041381411220352604,1.005009061190758,0.004159060557925471,0.0006084397174274549,50,0.9958409394420744,1.005009061190758,0.0,0-2
pos-019,0,40,10,argmax,0.0,0.0,37,1,-0.0,0.0,0.0,0.0,3,1.0,0.0,0.0,0-2
pos-019,0,40,10,T0.5_P0.5,0.5,0.5,37,1,-0.0,0.0,0.0,0.0,3,1.0,0.0,0.0,0-2
pos-019,0,40,10,T0.5_P0.9,0.5,0.9,37,1,-0.0,0.0,0.0,0.0,3,1.0,0.0,0.0,0-2
pos-019,0,40,10,T0.5_P0.95,0.5,0.95,37,2,0.27905995890274576,0.14485036562361203,0.0,0.0,3,0.9517165447921292,0.14485036562361203,0.0,0-2
pos-019,0,40,10,T0.5_P1,0.5,1.0,37,37,0.6527514392498005,29.22815476816823,0.03878232815939523,0.012281270538516844,3,0.9062823153454673,10.155617022204844,0.0021191708606625986,0-2
pos-019,0,40,10,T0.9_P0.5,0.9,0.5,37,1,-0.0,0.0,0.0,0.0,3,1.0,0.0,0.0,0-2
pos-019,0,40,10,T0.9_P0.9,0.9,0.9,37,7,1.7129141904656042,35.75701822434805,0.1490696180354899,0.056947965872512454,3,0.6574452617162695,35.75701822434805,0.0,0-2
pos-019,0,40,10,T0.9_P0.95,0.9,0.95,37,10,2.009815559149085,263.33712335635494,0.19538246872895715,0.10827464191842488,3,0.6216630580362239,70.10665184946286,0.021470052389654673,0-2
pos-019,0,40,10,T0.9_P1,0.9,1.0,37,37,2.29785331403795,265.1112652603182,0.22049947789447846,0.12972434248824594,3,0.5978076531225033,79.06797606558851,0.020671476577192184,0-2
pos-019,0,40,10,T1_P0.5,1.0,0.5,37,1,-0.0,0.0,0.0,0.0,3,1.0,0.0,0.0,0-2
pos-019,0,40,10,T1_P0.9,1.0,0.9,37,8,2.02789848479714,326.06422214835413,0.19820213273355708,0.09797227482856925,3,0.5876858146239714,70.30108117539689,0.028418126774773025,0-2
pos-019,0,40,10,T1_P0.95,1.0,0.95,37,11,2.316798129511735,329.85172163078806,0.24394405918027268,0.1494322344295576,3,0.5541588093726906,88.67966309866037,0.026796895392458636,0-2
pos-019,0,40,10,T1_P1,1.0,1.0,37,37,2.6293419639455933,330.5680193156987,0.2679373917654969,0.16639702206426105,3,0.5304296650500112,99.1462758620309,0.02571352705040753,0-2
pos-020,0,60,10,argmax,0.0,0.0,33,1,-0.0,0.0,0.0,0.0,117,1.0,0.0,0.0,0-3
pos-020,0,60,10,T0.5_P0.5,0.5,0.5,33,1,-0.0,0.0,0.0,0.0,117,1.0,0.0,0.0,0-3
pos-020,0,60,10,T0.5_P0.9,0.5,0.9,33,3,1.3284967312035374,25.117227831699843,0.0,0.0,117,0.6243666083356075,25.117227831699843,0.0,0-3
pos-020,0,60,10,T0.5_P0.95,0.5,0.95,33,5,1.554716918684173,30.233275191681635,0.03945803111662255,0.0,117,0.5997303312757211,30.233275191681635,0.0,0-3
pos-020,0,60,10,T0.5_P1,0.5,1.0,33,33,1.8619656111507463,39.20640795993908,0.07740101946643993,0.016831202095888686,117,0.5747726579212533,39.20640795993908,0.0,0-3
pos-020,0,60,10,T0.9_P0.5,0.9,0.5,33,2,0.933625358455669,26.56239332537917,0.0,0.0,117,0.6504948246660637,26.56239332537917,0.0,0-3
pos-020,0,60,10,T0.9_P0.9,0.9,0.9,33,9,2.5684260547286666,79.88065170806038,0.24787957640856947,0.06881345176008238,117,0.3713888073298831,79.88065170806038,0.0,0-3
pos-020,0,60,10,T0.9_P0.95,0.9,0.95,33,12,2.7971734804451103,81.94666649440987,0.26861267807746103,0.06551172715197313,117,0.35356927447731473,81.94666649440987,0.0,0-3
pos-020,0,60,10,T0.9_P1,0.9,1.0,33,33,3.09383194221554,89.56137491041927,0.3029184189615746,0.07808130727608825,117,0.3369850986907847,89.56137491041927,0.0,0-3
pos-020,0,60,10,T1_P0.5,1.0,0.5,33,3,1.520655523840633,34.7367818073085,0.0,0.0,117,0.477123298579874,34.7367818073085,0.0,0-3
pos-020,0,60,10,T1_P0.9,1.0,0.9,33,10,2.7752830938690494,88.90121799618856,0.3020023543576572,0.0782595084876893,117,0.3330309390898607,88.90121799618856,0.0,0-3
pos-020,0,60,10,T1_P0.95,1.0,0.95,33,14,3.040303503829113,93.78963653739623,0.32221567837709175,0.08429945688114752,117,0.3144703088685928,93.78963653739623,0.0,0-3
pos-020,0,60,10,T1_P1,1.0,1.0,33,33,3.303977279935715,99.7492347164926,0.35139479940021,0.09278255003605164,117,0.30093212731449187,99.7492347164926,0.0,0-3
pos-021,1,24,10,argmax,0.0,0.0,21,1,-0.0,0.0,0.0,0.0,307,1.0,0.0,0.0,1-2
pos-021,1,24,10,T0.5_P0.5,0.5,0.5,21,1,-0.0,0.0,0.0,0.0,307,1.0,0.0,0.0,1-2
pos-021,1,24,10,T0.5_P0.9,0.5,0.9,21,1,-0.0,0.0,0.0,0.0,307,1.0,0.0,0.0,1-2
pos-021,1,24,10,T0.5_P0.95,0.5,0.95,21,1,-0.0,0.0,0.0,0.0,307,1.0,0.0,0.0,1-2
pos-021,1,24,10,T0.5_P1,0.5,1.0,21,21,0.10713460028620335,0.6649771871959064,0.00015832065881365274,8.383282560214365e-06,307,0.9861277462769972,0.6649627809685946,1.5059660053804642e-09,1-2
pos-021,1,24,10,T0.9_P0.5,0.9,0.5,21,1,-0.0,0.0,0.0,0.0,307,1.0,0.0,0.0,1-2
pos-021,1,24,10,T0.9_P0.9,0.9,0.9,21,1,-0.0,0.0,0.0,0.0,307,1.0,0.0,0.0,1-2
pos-021,1,24,10,T0.9_P0.95,0.9,0.95,21,2,0.41949670749317874,3.994180354668465,0.0,0.0,307,0.915017439262373,3.994180354668465,0.0,1-2
pos-021,1,24,10,T0.9_P1,0.9,1.0,21,21,0.5362171248619507,5.885411678806983,0.008877501446530302,0.0020236954801730973,307,0.9035412297352166,5.778244668078633,1.1431537250263672e-05,1-2
pos-021,1,24,10,T1_P0.5,1.0,0.5,21,1,-0.0,0.0,0.0,0.0,307,1.0,0.0,0.0,1-2
pos-021,1,24,10,T1_P0.9,1.0,0.9,21,2,0.48581524386554686,4.952766203601796,0.0,0.0,307,0.894621995668047,4.952766203601796,0.0,1-2
pos-021,1,24,10,T1_P0.95,1.0,0.95,21,2,0.48581524386554686,4.952766203601796,0.0,0.0,307,0.894621995668047,4.952766203601796,0.0,1-2
pos-021,1,24,10,T1_P1,1.0,1.0,21,21,0.6715347611072722,8.560285514995908,0.014963997717443037,0.0041155451347897965,307,0.875381328968118,8.23994888115608,3.420883421047561e-05,1-2
pos-022,1,40,10,argmax,0.0,0.0,36,1,-0.0,14.0,0.0,0.0,354,0.0,14.0,0.0,1-2
pos-022,1,40,10,T0.5_P0.5,0.5,0.5,36,2,0.9977241786189612,18.719228783623144,0.0,0.0,354,0.0,18.719228783623144,0.0,1-2
pos-022,1,40,10,T0.5_P0.9,0.5,0.9,36,4,1.8490347395711118,52.39845622108238,0.08504760001849117,0.08504760001849117,354,0.0,52.39845622108238,0.0,1-2
pos-022,1,40,10,T0.5_P0.95,0.5,0.95,36,5,1.9944710732638904,52.00057084028058,0.08231829274698615,0.08231829274698615,354,0.0,52.00057084028058,0.0,1-2
pos-022,1,40,10,T0.5_P1,0.5,1.0,36,36,2.2325740907968545,51.611712412790766,0.07937886450412535,0.07931389312592388,354,8.362078766391566e-05,51.6117124124873,0.0,1-2
pos-022,1,40,10,T0.9_P0.5,0.9,0.5,36,3,1.5776580131500664,20.04133371331551,0.0,0.0,354,0.0,20.04133371331551,0.0,1-2
pos-022,1,40,10,T0.9_P0.9,0.9,0.9,36,7,2.540527732465752,67.66118466275142,0.11701961622439055,0.11701961622439055,354,0.0,67.66118466275142,0.0,1-2
pos-022,1,40,10,T0.9_P0.95,0.9,0.95,36,8,2.6224471751129586,67.54620795277557,0.11499977573695382,0.11499977573695382,354,0.0,67.54620795277557,0.0,1-2
pos-022,1,40,10,T0.9_P1,0.9,1.0,36,36,2.919055127516548,70.84701972362976,0.11915137588620614,0.11608018534720456,354,0.0024439297034024917,70.84700223732563,0.0,1-2
pos-022,1,40,10,T1_P0.5,1.0,0.5,36,3,1.5790199951183173,20.070511494910463,0.0,0.0,354,0.0,20.070511494910463,0.0,1-2
pos-022,1,40,10,T1_P0.9,1.0,0.9,36,7,2.5839787314434863,69.68064930122934,0.12141546844519913,0.12141546844519913,354,0.0,69.68064930122934,0.0,1-2
pos-022,1,40,10,T1_P0.95,1.0,0.95,36,10,2.7929660860767016,69.87701471204677,0.11621112455152544,0.11621112455152544,354,0.0,69.87701471204677,0.0,1-2
pos-022,1,40,10,T1_P1,1.0,1.0,36,36,3.0648620234218806,74.03088243670894,0.12499269638210696,0.12005087970269723,354,0.003623991387895432,74.03081550247022,0.0,1-2
pos-023,1,60,10,argmax,0.0,0.0,28,1,-0.0,0.0,0.0,0.0,4,1.0,0.0,0.0,1-5
pos-023,1,60,10,T0.5_P0.5,0.5,0.5,28,1,-0.0,0.0,0.0,0.0,4,1.0,0.0,0.0,1-5
pos-023,1,60,10,T0.5_P0.9,0.5,0.9,28,1,-0.0,0.0,0.0,0.0,4,1.0,0.0,0.0,1-5
pos-023,1,60,10,T0.5_P0.95,0.5,0.95,28,1,-0.0,0.0,0.0,0.0,4,1.0,0.0,0.0,1-5
pos-023,1,60,10,T0.5_P1,0.5,1.0,28,28,0.006296152665826379,0.2641640416593605,0.0005078630403165672,0.0005078630403165672,4,0.9994921369596831,0.2641640416593605,0.0,1-5
pos-023,1,60,10,T0.9_P0.5,0.9,0.5,28,1,-0.0,0.0,0.0,0.0,4,1.0,0.0,0.0,1-5
pos-023,1,60,10,T0.9_P0.9,0.9,0.9,28,1,-0.0,0.0,0.0,0.0,4,1.0,0.0,0.0,1-5
pos-023,1,60,10,T0.9_P0.95,0.9,0.95,28,1,-0.0,0.0,0.0,0.0,4,1.0,0.0,0.0,1-5
pos-023,1,60,10,T0.9_P1,0.9,1.0,28,28,0.12022641862863265,8.037065672978704,0.015245027202922945,0.015245027202922945,4,0.9847549727970771,8.037065672978704,0.0,1-5
pos-023,1,60,10,T1_P0.5,1.0,0.5,28,1,-0.0,0.0,0.0,0.0,4,1.0,0.0,0.0,1-5
pos-023,1,60,10,T1_P0.9,1.0,0.9,28,1,-0.0,0.0,0.0,0.0,4,1.0,0.0,0.0,1-5
pos-023,1,60,10,T1_P0.95,1.0,0.95,28,1,-0.0,0.0,0.0,0.0,4,1.0,0.0,0.0,1-5
pos-023,1,60,10,T1_P1,1.0,1.0,28,28,0.17795006297842705,12.656597672373575,0.023794098789212067,0.023794098789212067,4,0.9762059012107879,12.656597672373575,0.0,1-5
pos-024,2,24,10,argmax,0.0,0.0,33,1,-0.0,39.0,0.0,0.0,609,0.0,39.0,0.0,2-2
pos-024,2,24,10,T0.5_P0.5,0.5,0.5,33,1,-0.0,39.0,0.0,0.0,609,0.0,39.0,0.0,2-2
pos-024,2,24,10,T0.5_P0.9,0.5,0.9,33,2,0.6088549167274275,43.93701742972521,0.0,0.0,609,0.0,43.93701742972521,0.0,2-2
pos-024,2,24,10,T0.5_P0.95,0.5,0.95,33,2,0.6088549167274275,43.93701742972521,0.0,0.0,609,0.0,43.93701742972521,0.0,2-2
pos-024,2,24,10,T0.5_P1,0.5,1.0,33,33,0.7599962201695787,44.313024474733474,0.003657124711076776,1.6679911560444374e-05,609,3.7308739781074525e-06,44.31147327077984,0.0,2-2
pos-024,2,24,10,T0.9_P0.5,0.9,0.5,33,1,-0.0,39.0,0.0,0.0,609,0.0,39.0,0.0,2-2
pos-024,2,24,10,T0.9_P0.9,0.9,0.9,33,4,1.2779169583089092,47.921585244989274,0.0,0.0,609,0.0,47.921585244989274,0.0,2-2
pos-024,2,24,10,T0.9_P0.95,0.9,0.95,33,5,1.427430719559383,50.41156417038823,0.028270024299651725,0.0,609,0.0,50.41156417038823,0.0,2-2
pos-024,2,24,10,T0.9_P1,0.9,1.0,33,33,1.7605338993742823,53.107387421415865,0.049953090069490814,0.0015142732355486834,609,0.0006548289849653891,52.96688413502708,0.0,2-2
pos-024,2,24,10,T1_P0.5,1.0,0.5,33,1,-0.0,39.0,0.0,0.0,609,0.0,39.0,0.0,2-2
pos-024,2,24,10,T1_P0.9,1.0,0.9,33,5,1.5489716215910152,51.61631940238452,0.03642030249570907,0.0,609,0.0,51.61631940238452,0.0,2-2
pos-024,2,24,10,T1_P0.95,1.0,0.95,33,6,1.6878994085867203,51.242516861057794,0.03542047271598166,0.0,609,0.0,51.242516861057794,0.0,2-2
pos-024,2,24,10,T1_P1,1.0,1.0,33,33,2.0025418082861166,56.009958232778565,0.06947924575551558,0.0025580672761194015,609,0.001196326129784988,55.77305916178773,0.0,2-2
pos-025,2,40,10,argmax,0.0,0.0,30,1,-0.0,66.0,0.0,0.0,-30,0.0,66.0,0.0,2-3
pos-025,2,40,10,T0.5_P0.5,0.5,0.5,30,1,-0.0,66.0,0.0,0.0,-30,0.0,66.0,0.0,2-3
pos-025,2,40,10,T0.5_P0.9,0.5,0.9,30,1,-0.0,66.0,0.0,0.0,-30,0.0,66.0,0.0,2-3
pos-025,2,40,10,T0.5_P0.95,0.5,0.95,30,1,-0.0,66.0,0.0,0.0,-30,0.0,66.0,0.0,2-3
pos-025,2,40,10,T0.5_P1,0.5,1.0,30,30,0.314878548765426,63.19007203519159,9.654205896246454e-06,9.654205896246454e-06,-30,0.033605926293991784,63.19007203519159,0.0,2-3
pos-025,2,40,10,T0.9_P0.5,0.9,0.5,30,1,-0.0,66.0,0.0,0.0,-30,0.0,66.0,0.0,2-3
pos-025,2,40,10,T0.9_P0.9,0.9,0.9,30,2,0.5704155019748942,57.10421529806083,0.0,0.0,-30,0.13478461669604816,57.10421529806083,0.0,2-3
pos-025,2,40,10,T0.9_P0.95,0.9,0.95,30,3,0.827305172022699,55.30867895587642,0.0,0.0,-30,0.1280815025126429,55.30867895587642,0.0,2-3
pos-025,2,40,10,T0.9_P1,0.9,1.0,30,30,1.0827796152014189,54.131742567584695,0.0024803015224139258,0.0024803015224139258,-30,0.12203469182940949,54.131742567584695,0.0,2-3
pos-025,2,40,10,T1_P0.5,1.0,0.5,30,1,-0.0,66.0,0.0,0.0,-30,0.0,66.0,0.0,2-3
pos-025,2,40,10,T1_P0.9,1.0,0.9,30,3,0.9295725442205833,53.389733574945,0.0,0.0,-30,0.14799659471924204,53.389733574945,0.0,2-3
pos-025,2,40,10,T1_P0.95,1.0,0.95,30,4,1.19069414309637,50.82157735412953,0.0,0.0,-30,0.1396229307769287,50.82157735412953,0.0,2-3
pos-025,2,40,10,T1_P1,1.0,1.0,30,30,1.2432441772116933,52.720450900239335,0.00497679353876194,0.00497679353876194,-30,0.13892805627717505,52.720450900239335,0.0,2-3
pos-026,2,60,10,argmax,0.0,0.0,6,1,-0.0,0.0,0.0,0.0,717,1.0,0.0,0.0,2-6
pos-026,2,60,10,T0.5_P0.5,0.5,0.5,6,1,-0.0,0.0,0.0,0.0,717,1.0,0.0,0.0,2-6
pos-026,2,60,10,T0.5_P0.9,0.5,0.9,6,3,1.2957029598493084,21.884314057199184,0.0,0.0,717,0.6390081367115018,21.884314057199184,0.0,2-6
pos-026,2,60,10,T0.5_P0.95,0.5,0.95,6,3,1.2957029598493084,21.884314057199184,0.0,0.0,717,0.6390081367115018,21.884314057199184,0.0,2-6
pos-026,2,60,10,T0.5_P1,0.5,1.0,6,6,1.2991125412172546,21.918110396299973,0.000273903034500187,0.0,717,0.6388308910355494,21.918110396299973,0.0,2-6
pos-026,2,60,10,T0.9_P0.5,0.9,0.5,6,2,0.936121147882431,27.8331167443259,0.0,0.0,717,0.6476820665275204,27.8331167443259,0.0,2-6
pos-026,2,60,10,T0.9_P0.9,0.9,0.9,6,3,1.4928434052034556,29.207402227580545,0.0,0.0,717,0.5033465853954322,29.207402227580545,0.0,2-6
pos-026,2,60,10,T0.9_P0.95,0.9,0.95,6,3,1.4928434052034556,29.207402227580545,0.0,0.0,717,0.5033465853954322,29.207402227580545,0.0,2-6
pos-026,2,60,10,T0.9_P1,0.9,1.0,6,6,1.557207028177034,30.116313592165135,0.007673780891203983,0.0,717,0.4991852553390519,30.116313592165135,0.0,2-6
pos-026,2,60,10,T1_P0.5,1.0,0.5,6,2,0.9478150725401498,28.940333942656665,0.0,0.0,717,0.6336666589537132,28.940333942656665,0.0,2-6
pos-026,2,60,10,T1_P0.9,1.0,0.9,6,3,1.5104416097048525,30.120965096601708,0.0,0.0,717,0.48580579416576297,30.120965096601708,0.0,2-6
pos-026,2,60,10,T1_P0.95,1.0,0.95,6,3,1.5104416097048525,30.120965096601708,0.0,0.0,717,0.48580579416576297,30.120965096601708,0.0,2-6
pos-026,2,60,10,T1_P1,1.0,1.0,6,6,1.6030339826840019,31.502903981366103,0.011686393428334392,0.0,717,0.47958522502600853,31.502903981366103,0.0,2-6
pos-027,0,24,10,argmax,0.0,0.0,41,1,-0.0,37.0,0.0,0.0,5,0.0,37.0,0.0,0-3
pos-027,0,24,10,T0.5_P0.5,0.5,0.5,41,1,-0.0,37.0,0.0,0.0,5,0.0,37.0,0.0,0-3
pos-027,0,24,10,T0.5_P0.9,0.5,0.9,41,3,1.1041891200828842,28.371645349225417,0.0,0.0,5,0.18674586411702274,28.371645349225417,0.0,0-3
pos-027,0,24,10,T0.5_P0.95,0.5,0.95,41,4,1.3677640519929806,60.712807487657656,0.060834155769733285,0.060834155769733285,5,0.1753853371299743,60.712807487657656,0.0,0-3
pos-027,0,24,10,T0.5_P1,0.5,1.0,41,41,1.3702131291189188,60.7899083601649,0.060988645701749986,0.060988645701749986,5,0.17535648677412247,60.7899083601649,0.0,0-3
pos-027,0,24,10,T0.9_P0.5,0.9,0.5,41,2,0.9048299579472558,25.14472093132022,0.0,0.0,5,0.3204129478021562,25.14472093132022,0.0,0-3
pos-027,0,24,10,T0.9_P0.9,0.9,0.9,41,4,1.7876203399005743,92.40453671651598,0.12780869714028906,0.12780869714028906,5,0.2301602362406625,92.40453671651598,0.0,0-3
pos-027,0,24,10,T0.9_P0.95,0.9,0.95,41,4,1.7876203399005743,92.40453671651598,0.12780869714028906,0.12780869714028906,5,0.2301602362406625,92.40453671651598,0.0,0-3
pos-027,0,24,10,T0.9_P1,0.9,1.0,41,41,1.8969367296386883,97.72306244871898,0.13784446422683325,0.13784446422683325,5,0.22751192443576165,97.72306244871898,0.0,0-3
pos-027,0,24,10,T1_P0.5,1.0,0.5,41,2,0.9219199897501418,24.530960159625614,0.0,0.0,5,0.33700107676687524,24.530960159625614,0.0,0-3
pos-027,0,24,10,T1_P0.9,1.0,0.9,41,4,1.8279343101684526,97.62521059346705,0.13850138678563478,0.13850138678563478,5,0.23516734719507787,97.62521059346705,0.0,0-3
pos-027,0,24,10,T1_P0.95,1.0,0.95,41,4,1.8279343101684526,97.62521059346705,0.13850138678563478,0.13850138678563478,5,0.23516734719507787,97.62521059346705,0.0,0-3
pos-027,0,24,10,T1_P1,1.0,1.0,41,41,2.005346286096243,106.8416992717123,0.15576658679956196,0.15576658679956196,5,0.23045438396589935,106.8416992717123,0.0,0-3
pos-028,0,40,10,argmax,0.0,0.0,36,1,-0.0,227.0,1.0,1.0,320,0.0,227.0,0.0,0-3
pos-028,0,40,10,T0.5_P0.5,0.5,0.5,36,1,-0.0,227.0,1.0,1.0,320,0.0,227.0,0.0,0-3
pos-028,0,40,10,T0.5_P0.9,0.5,0.9,36,1,-0.0,227.0,1.0,1.0,320,0.0,227.0,0.0,0-3
pos-028,0,40,10,T0.5_P0.95,0.5,0.95,36,1,-0.0,227.0,1.0,1.0,320,0.0,227.0,0.0,0-3
pos-028,0,40,10,T0.5_P1,0.5,1.0,36,36,0.2987911900915251,222.32800619625397,0.9788020272612962,0.9763013414821442,320,0.021197972738703993,222.32800588914182,0.0,0-3
pos-028,0,40,10,T0.9_P0.5,0.9,0.5,36,1,-0.0,227.0,1.0,1.0,320,0.0,227.0,0.0,0-3
pos-028,0,40,10,T0.9_P0.9,0.9,0.9,36,3,0.8736663458498268,206.80546205824496,0.9019058468340473,0.9019058468340473,320,0.09809415316595278,206.80546205824496,0.0,0-3
pos-028,0,40,10,T0.9_P0.95,0.9,0.95,36,3,0.8736663458498268,206.80546205824496,0.9019058468340473,0.9019058468340473,320,0.09809415316595278,206.80546205824496,0.0,0-3
pos-028,0,40,10,T0.9_P1,0.9,1.0,36,36,1.1325990216254262,206.17829348623746,0.9057594666445384,0.877015181635787,320,0.09424053335546138,206.1775460762613,0.0,0-3
pos-028,0,40,10,T1_P0.5,1.0,0.5,36,1,-0.0,227.0,1.0,1.0,320,0.0,227.0,0.0,0-3
pos-028,0,40,10,T1_P0.9,1.0,0.9,36,3,0.978211766763524,203.1451960273334,0.8839736663795636,0.8839736663795636,320,0.11602633362043634,203.1451960273334,0.0,0-3
pos-028,0,40,10,T1_P0.95,1.0,0.95,36,4,1.1752761208192704,199.61384767605895,0.8884202291912964,0.8500964911830016,320,0.11157977080870372,199.61384767605895,0.0,0-3
pos-028,0,40,10,T1_P1,1.0,1.0,36,36,1.3238550901393806,203.53237907928022,0.8903986880023206,0.8527544812081908,320,0.10960131199767952,203.53046734854718,0.0,0-3
pos-029,0,60,10,argmax,0.0,0.0,47,1,-0.0,42.0,0.0,0.0,407,0.0,42.0,0.0,0-5
pos-029,0,60,10,T0.5_P0.5,0.5,0.5,47,2,0.999570171475967,53.70708944378647,0.0,0.0,407,0.0,53.70708944378647,0.0,0-5
pos-029,0,60,10,T0.5_P0.9,0.5,0.9,47,4,1.8058491970216781,50.17043684628856,0.07528103734788931,0.0,407,0.19942249462763287,50.17043684628856,0.0,0-5
pos-029,0,60,10,T0.5_P0.95,0.5,0.95,47,7,2.0852081924092145,51.93549689803258,0.07141601421602041,0.0,407,0.18918389295708335,51.93549689803258,0.0,0-5
pos-029,0,60,10,T0.5_P1,0.5,1.0,47,47,2.3889416655621325,58.99383749409866,0.10930126527593019,0.020669834475517856,407,0.1809095459223647,58.99383749409866,0.0,0-5
pos-029,0,60,10,T0.9_P0.5,0.9,0.5,47,3,1.5686232017967097,39.62441510751985,0.0,0.0,407,0.2639962957077883,39.62441510751985,0.0,0-5
pos-029,0,60,10,T0.9_P0.9,0.9,0.9,47,12,3.021829597610796,80.69926666954662,0.23053370703793494,0.06542145095869678,407,0.16823212613170835,80.69926666954662,0.0,0-5
pos-029,0,60,10,T0.9_P0.95,0.9,0.95,47,16,3.2369593632045834,81.06914045817979,0.25031404128114115,0.06252134232139425,407,0.16077445842613636,81.06914045817979,0.0,0-5
pos-029,0,60,10,T0.9_P1,0.9,1.0,47,47,3.5405953213404118,90.63664015217987,0.27929998850353904,0.087518948518714,407,0.15317017178949976,90.63664015217987,0.0,0-5
pos-029,0,60,10,T1_P0.5,1.0,0.5,47,3,1.5716036983470234,39.28603063908922,0.0,0.0,407,0.2705021227365798,39.28603063908922,0.0,0-5
pos-029,0,60,10,T1_P0.9,1.0,0.9,47,14,3.2536656671891877,84.5805595764441,0.25973676891299907,0.07201849212568254,407,0.15722123957367062,84.5805595764441,0.0,0-5
pos-029,0,60,10,T1_P0.95,1.0,0.95,47,18,3.4480301684688475,86.99737959695605,0.29002753345005167,0.07720781431498001,407,0.15078791781979056,86.99737959695605,0.0,0-5
pos-029,0,60,10,T1_P1,1.0,1.0,47,47,3.7476800707224793,98.29028551037024,0.3154552689978941,0.10463424330460105,407,0.1435101372330607,98.29028551037024,0.0,0-5
pos-030,1,24,10,argmax,0.0,0.0,37,1,-0.0,0.0,0.0,0.0,3,1.0,0.0,0.0,1-3
pos-030,1,24,10,T0.5_P0.5,0.5,0.5,37,1,-0.0,0.0,0.0,0.0,3,1.0,0.0,0.0,1-3
pos-030,1,24,10,T0.5_P0.9,0.5,0.9,37,1,-0.0,0.0,0.0,0.0,3,1.0,0.0,0.0,1-3
pos-030,1,24,10,T0.5_P0.95,0.5,0.95,37,1,-0.0,0.0,0.0,0.0,3,1.0,0.0,0.0,1-3
pos-030,1,24,10,T0.5_P1,0.5,1.0,37,37,0.2292440258550071,8.385280172943798,0.024892799565064343,0.024892799565064343,3,0.9751072004349353,8.385280172943798,0.0,1-3
pos-030,1,24,10,T0.9_P0.5,0.9,0.5,37,1,-0.0,0.0,0.0,0.0,3,1.0,0.0,0.0,1-3
pos-030,1,24,10,T0.9_P0.9,0.9,0.9,37,6,1.0561120423015853,61.07936333961979,0.178849212205556,0.178849212205556,3,0.8211507877944442,61.07936333961979,0.0,1-3
pos-030,1,24,10,T0.9_P0.95,0.9,0.95,37,9,1.340204990543079,75.60720051767724,0.21513628011381414,0.21513628011381414,3,0.784863719886186,75.60720051767724,0.0,1-3
pos-030,1,24,10,T0.9_P1,0.9,1.0,37,37,1.7080054409396925,90.09311233700664,0.252588186000923,0.252588186000923,3,0.7474118139990773,90.09311233700664,0.0,1-3
pos-030,1,24,10,T1_P0.5,1.0,0.5,37,1,-0.0,0.0,0.0,0.0,3,1.0,0.0,0.0,1-3
pos-030,1,24,10,T1_P0.9,1.0,0.9,37,8,1.5095504288782813,90.15308321000512,0.26085659504910175,0.26085659504910175,3,0.7391434049508984,90.15308321000512,0.0,1-3
pos-030,1,24,10,T1_P0.95,1.0,0.95,37,11,1.7804631615304987,105.43426662771776,0.29477979776150454,0.29477979776150454,3,0.7052202022384956,105.43426662771776,0.0,1-3
pos-030,1,24,10,T1_P1,1.0,1.0,37,37,2.109634839370296,117.22207805036552,0.32600770378082833,0.32600770378082833,3,0.6739922962191717,117.22207805036552,0.0,1-3
pos-031,1,40,10,argmax,0.0,0.0,34,1,-0.0,0.0,0.0,0.0,352,1.0,0.0,0.0,1-3
pos-031,1,40,10,T0.5_P0.5,0.5,0.5,34,1,-0.0,0.0,0.0,0.0,352,1.0,0.0,0.0,1-3
pos-031,1,40,10,T0.5_P0.9,0.5,0.9,34,2,0.654060394429242,11.957289330565906,0.0,0.0,352,0.8315874742173816,11.957289330565906,0.0,1-3
pos-031,1,40,10,T0.5_P0.95,0.5,0.95,34,2,0.654060394429242,11.957289330565906,0.0,0.0,352,0.8315874742173816,11.957289330565906,0.0,1-3
pos-031,1,40,10,T0.5_P1,0.5,1.0,34,34,0.6545120714179665,11.976152928753365,2.446453057068117e-05,2.446453057068117e-05,352,0.8315671298201964,11.976090508836661,0.0,1-3
pos-031,1,40,10,T0.9_P0.5,0.9,0.5,34,1,-0.0,0.0,0.0,0.0,352,1.0,0.0,0.0,1-3
pos-031,1,40,10,T0.9_P0.9,0.9,0.9,34,2,0.8708976344692381,20.710172942314415,0.0,0.0,352,0.7083074233476844,20.710172942314415,0.0,1-3
pos-031,1,40,10,T0.9_P0.95,0.9,0.95,34,2,0.8708976344692381,20.710172942314415,0.0,0.0,352,0.7083074233476844,20.710172942314415,0.0,1-3
pos-031,1,40,10,T0.9_P1,0.9,1.0,34,34,0.9290039453778441,24.74302960493712,0.005085817188282439,0.005085817188282439,352,0.7047051012794345,24.730085641162553,0.0,1-3
pos-031,1,40,10,T1_P0.5,1.0,0.5,34,1,-0.0,0.0,0.0,0.0,352,1.0,0.0,0.0,1-3
pos-031,1,40,10,T1_P0.9,1.0,0.9,34,2,0.89358285993745,22.035207464176263,0.0,0.0,352,0.6896449652932921,22.035207464176263,0.0,1-3
pos-031,1,40,10,T1_P0.95,1.0,0.95,34,2,0.89358285993745,22.035207464176263,0.0,0.0,352,0.6896449652932921,22.035207464176263,0.0,1-3
pos-031,1,40,10,T1_P1,1.0,1.0,34,34,1.0011721087027767,30.143874957384146,0.010163035182450587,0.010163035182450587,352,0.6826360792476165,30.11844141500512,0.0,1-3
pos-032,1,60,10,argmax,0.0,0.0,42,1,-0.0,54.0,0.0,0.0,705,0.0,54.0,0.0,1-6
pos-032,1,60,10,T0.5_P0.5,0.5,0.5,42,2,0.9077756675024584,53.03054567327917,0.0,0.0,705,0.0,53.03054567327917,0.0,1-6
pos-032,1,60,10,T0.5_P0.9,0.5,0.9,42,7,2.2192908354714302,48.56387186618463,0.04073404187971994,0.0,705,0.10317114966287314,48.56387186618463,0.0,1-6
pos-032,1,60,10,T0.5_P0.95,0.5,0.95,42,10,2.4955236319729366,49.01192583084203,0.0383966591296604,0.0,705,0.09725102844735803,49.01192583084203,0.0,1-6
pos-032,1,60,10,T0.5_P1,0.5,1.0,42,42,2.739211671841305,49.33192312214199,0.03713087836551473,0.00013810689262215293,705,0.09369295273461255,49.33178618340452,0.0,1-6
pos-032,1,60,10,T0.9_P0.5,0.9,0.5,42,4,1.904685960099636,44.024688713000614,0.0,0.0,705,0.17318159281319237,44.024688713000614,0.0,1-6
pos-032,1,60,10,T0.9_P0.9,0.9,0.9,42,13,3.3320946936273006,48.88966240855388,0.06271937321443334,0.0,705,0.10510523716131977,48.88966240855388,0.0,1-6
pos-032,1,60,10,T0.9_P0.95,0.9,0.95,42,16,3.5131547413004323,50.25330562259354,0.06000705209773871,0.0,705,0.10055992461087099,50.25330562259354,0.0,1-6
pos-032,1,60,10,T0.9_P1,0.9,1.0,42,42,3.781283382915155,51.743578880301044,0.06112155667153885,0.0037063331244795695,705,0.09595228206117767,51.71370799252796,0.0,1-6
pos-032,1,60,10,T1_P0.5,1.0,0.5,42,4,1.9228467567875533,43.62448951547932,0.0,0.0,705,0.1807287524231126,43.62448951547932,0.0,1-6
pos-032,1,60,10,T1_P0.9,1.0,0.9,42,14,3.4751293817828763,49.6062854418053,0.06417855512641396,0.0,705,0.1021386980558899,49.6062854418053,0.0,1-6
pos-032,1,60,10,T1_P0.95,1.0,0.95,42,17,3.651177403757267,50.18718859246105,0.061371073071934124,0.0,705,0.09767065477733645,50.18718859246105,0.0,1-6
pos-032,1,60,10,T1_P1,1.0,1.0,42,42,3.9347531489923733,53.07107956189526,0.06418565975185835,0.005571843101731215,705,0.09282163523439708,53.01321422639105,0.0,1-6
pos-033,2,24,10,argmax,0.0,0.0,31,1,-0.0,0.0,0.0,0.0,-34,1.0,0.0,0.0,2-3
pos-033,2,24,10,T0.5_P0.5,0.5,0.5,31,1,-0.0,0.0,0.0,0.0,-34,1.0,0.0,0.0,2-3
pos-033,2,24,10,T0.5_P0.9,0.5,0.9,31,3,1.1836197850579173,5.606666206660375,0.0,0.0,-34,0.6953850939269937,5.606666206660375,0.0,2-3
pos-033,2,24,10,T0.5_P0.95,0.5,0.95,31,4,1.3308116967475419,7.2918076819785185,0.0,0.0,-34,0.676603884591783,7.2918076819785185,0.0,2-3
pos-033,2,24,10,T0.5_P1,0.5,1.0,31,31,1.5752568573122063,9.078499625911846,0.004014177738132057,0.004014177738132057,-34,0.6540890463111727,9.078499625911846,0.0,2-3
pos-033,2,24,10,T0.9_P0.5,0.9,0.5,31,2,0.9058120799105067,5.783775737473105,0.0,0.0,-34,0.6786791256959387,5.783775737473105,0.0,2-3
pos-033,2,24,10,T0.9_P0.9,0.9,0.9,31,6,2.1242880392231425,14.234628268602282,0.0,0.0,-34,0.44770284154832,14.234628268602282,0.0,2-3
pos-033,2,24,10,T0.9_P0.95,0.9,0.95,31,9,2.422568105200596,22.611020752016497,0.024771846611153964,0.024771846611153964,-34,0.4202736998992655,22.611020752016497,0.0,2-3
pos-033,2,24,10,T0.9_P1,0.9,1.0,31,31,2.6963990471182955,23.591194627251774,0.025028339951537817,0.025028339951537817,-34,0.40364348303974446,23.591194627251774,0.0,2-3
pos-033,2,24,10,T1_P0.5,1.0,0.5,31,2,0.9227361586162202,6.08110959009657,0.0,0.0,-34,0.6621605783279684,6.08110959009657,0.0,2-3
pos-033,2,24,10,T1_P0.9,1.0,0.9,31,7,2.3343501656201786,25.1380726577351,0.031634094557417475,0.031634094557417475,-34,0.4043634157830484,25.1380726577351,0.0,2-3
pos-033,2,24,10,T1_P0.95,1.0,0.95,31,10,2.6056152020814487,25.41280473678926,0.029815025585021842,0.029815025585021842,-34,0.381111132020421,25.41280473678926,0.0,2-3
pos-033,2,24,10,T1_P1,1.0,1.0,31,31,2.904016551800029,26.834940239603327,0.030678474692909897,0.030678474692909897,-34,0.3639507888851207,26.834940239603327,0.0,2-3
pos-034,2,40,10,argmax,0.0,0.0,40,1,-0.0,0.0,0.0,0.0,724,1.0,0.0,0.0,2-4
pos-034,2,40,10,T0.5_P0.5,0.5,0.5,40,1,-0.0,0.0,0.0,0.0,724,1.0,0.0,0.0,2-4
pos-034,2,40,10,T0.5_P0.9,0.5,0.9,40,1,-0.0,0.0,0.0,0.0,724,1.0,0.0,0.0,2-4
pos-034,2,40,10,T0.5_P0.95,0.5,0.95,40,1,-0.0,0.0,0.0,0.0,724,1.0,0.0,0.0,2-4
pos-034,2,40,10,T0.5_P1,0.5,1.0,40,40,0.23874156258383836,6.459546195065933,0.031256288380595305,0.006477774221404646,724,0.9687437116194044,6.459535049749045,0.0,2-4
pos-034,2,40,10,T0.9_P0.5,0.9,0.5,40,1,-0.0,0.0,0.0,0.0,724,1.0,0.0,0.0,2-4
pos-034,2,40,10,T0.9_P0.9,0.9,0.9,40,3,0.7278405492352944,30.041741585453632,0.14807903216816354,0.038769896333409916,724,0.8519209678318365,30.041741585453632,0.0,2-4
pos-034,2,40,10,T0.9_P0.95,0.9,0.95,40,4,0.8919752366758533,38.82266167307991,0.1719820599310407,0.06573989792044818,724,0.8280179400689592,38.82266167307991,0.0,2-4
pos-034,2,40,10,T0.9_P1,0.9,1.0,40,40,1.2770320676528408,47.21639693812264,0.21161442552035747,0.0878136349594848,724,0.7883855744796427,47.20454880681267,0.0,2-4
pos-034,2,40,10,T1_P0.5,1.0,0.5,40,1,-0.0,0.0,0.0,0.0,724,1.0,0.0,0.0,2-4
pos-034,2,40,10,T1_P0.9,1.0,0.9,40,4,1.0341535821464092,48.20762488550627,0.2107804238633897,0.0864351488231809,724,0.7892195761366104,48.20762488550627,0.0,2-4
pos-034,2,40,10,T1_P0.95,1.0,0.95,40,6,1.2254834171330578,52.54203559262388,0.2341353422764611,0.09885508836457813,724,0.7658646577235391,52.54203559262388,0.0,2-4
pos-034,2,40,10,T1_P1,1.0,1.0,40,40,1.5771194931388706,60.64381090174845,0.26870713315949635,0.12024546526104717,724,0.7312928668405035,60.61560448427912,0.0,2-4
pos-035,2,60,10,argmax,0.0,0.0,2,1,-0.0,0.0,0.0,0.0,-832,1.0,0.0,0.0,2-7
pos-035,2,60,10,T0.5_P0.5,0.5,0.5,2,1,-0.0,0.0,0.0,0.0,-832,1.0,0.0,0.0,2-7
pos-035,2,60,10,T0.5_P0.9,0.5,0.9,2,2,0.6366731694920902,1475.4751670980409,0.16099019826492536,0.16099019826492536,-832,0.8390098017350746,160.99019826492537,0.16099019826492536,2-7
pos-035,2,60,10,T0.5_P0.95,0.5,0.95,2,2,0.6366731694920902,1475.4751670980409,0.16099019826492536,0.16099019826492536,-832,0.8390098017350746,160.99019826492537,0.16099019826492536,2-7
pos-035,2,60,10,T0.5_P1,0.5,1.0,2,2,0.6366731694920902,1475.4751670980409,0.16099019826492536,0.16099019826492536,-832,0.8390098017350746,160.99019826492537,0.16099019826492536,2-7
pos-035,2,60,10,T0.9_P0.5,0.9,0.5,2,1,-0.0,0.0,0.0,0.0,-832,1.0,0.0,0.0,2-7
pos-035,2,60,10,T0.9_P0.9,0.9,0.9,2,2,0.8628873525486418,2616.95529122238,0.285537947760216,0.285537947760216,-832,0.714462052239784,285.537947760216,0.285537947760216,2-7
pos-035,2,60,10,T0.9_P0.95,0.9,0.95,2,2,0.8628873525486418,2616.95529122238,0.285537947760216,0.285537947760216,-832,0.714462052239784,285.537947760216,0.285537947760216,2-7
pos-035,2,60,10,T0.9_P1,0.9,1.0,2,2,0.8628873525486418,2616.95529122238,0.285537947760216,0.285537947760216,-832,0.714462052239784,285.537947760216,0.285537947760216,2-7
pos-035,2,60,10,T1_P0.5,1.0,0.5,2,1,-0.0,0.0,0.0,0.0,-832,1.0,0.0,0.0,2-7
pos-035,2,60,10,T1_P0.9,1.0,0.9,2,2,0.8868536206807243,2791.752817076313,0.3046102364513162,0.3046102364513162,-832,0.6953897635486839,304.6102364513162,0.3046102364513162,2-7
pos-035,2,60,10,T1_P0.95,1.0,0.95,2,2,0.8868536206807243,2791.752817076313,0.3046102364513162,0.3046102364513162,-832,0.6953897635486839,304.6102364513162,0.3046102364513162,2-7
pos-035,2,60,10,T1_P1,1.0,1.0,2,2,0.8868536206807243,2791.752817076313,0.3046102364513162,0.3046102364513162,-832,0.6953897635486839,304.6102364513162,0.3046102364513162,2-7
pos-036,0,24,10,argmax,0.0,0.0,33,1,-0.0,0.0,0.0,0.0,154,1.0,0.0,0.0,0-4
pos-036,0,24,10,T0.5_P0.5,0.5,0.5,33,1,-0.0,0.0,0.0,0.0,154,1.0,0.0,0.0,0-4
pos-036,0,24,10,T0.5_P0.9,0.5,0.9,33,3,1.266044156934877,103.65490605310173,0.4140000450815968,0.3367246225002291,154,0.5859999549184031,103.65490605310173,0.0,0-4
pos-036,0,24,10,T0.5_P0.95,0.5,0.95,33,4,1.4786218187867788,103.57789414163162,0.4412698569026885,0.32105496755565155,154,0.5587301430973114,103.57789414163162,0.0,0-4
pos-036,0,24,10,T0.5_P1,0.5,1.0,33,33,1.7536438083862247,109.88354001788356,0.4653515017777427,0.33900870487870777,154,0.5328414189844364,109.88354001788356,0.0,0-4
pos-036,0,24,10,T0.9_P0.5,0.9,0.5,33,2,0.9831140988700136,111.84357099505571,0.4236498901327868,0.4236498901327868,154,0.5763501098672131,111.84357099505571,0.0,0-4
pos-036,0,24,10,T0.9_P0.9,0.9,0.9,33,6,2.2228988592453183,134.68465831146673,0.6192233779101417,0.35518669047817686,154,0.3807766220898584,134.68465831146673,0.0,0-4
pos-036,0,24,10,T0.9_P0.95,0.9,0.95,33,7,2.3271539895052387,138.66449767765343,0.6276745777687074,0.36949808942993867,154,0.3723254222312925,138.66449767765343,0.0,0-4
pos-036,0,24,10,T0.9_P1,0.9,1.0,33,33,2.641829177364326,140.429280265513,0.629794301841391,0.37520033349097665,154,0.35512672354477104,140.429280265513,0.0,0-4
pos-036,0,24,10,T1_P0.5,1.0,0.5,33,2,0.9862918630228874,113.83224993355232,0.4311827648998194,0.4311827648998194,154,0.5688172351001807,113.83224993355232,0.0,0-4
pos-036,0,24,10,T1_P0.9,1.0,0.9,33,6,2.2845285459159657,137.9357647057628,0.6413100235480803,0.35530611611005425,154,0.35868997645191975,137.9357647057628,0.0,0-4
pos-036,0,24,10,T1_P0.95,1.0,0.95,33,8,2.4966618119052177,140.28487832055453,0.6382333543270196,0.3656503188367991,154,0.3418582754935482,140.28487832055453,0.0,0-4
pos-036,0,24,10,T1_P1,1.0,1.0,33,33,2.822279713567004,145.76377160555927,0.6551325638624322,0.3834300847312325,154,0.325889045886343,145.76377160555927,0.0,0-4
pos-037,0,40,10,argmax,0.0,0.0,23,1,-0.0,0.0,0.0,0.0,-136,1.0,0.0,0.0,0-4
pos-037,0,40,10,T0.5_P0.5,0.5,0.5,23,1,-0.0,0.0,0.0,0.0,-136,1.0,0.0,0.0,0-4
pos-037,0,40,10,T0.5_P0.9,0.5,0.9,23,3,0.8891157345968228,28.575301367541655,0.08629945447105375,0.08629945447105375,-136,0.8104057419480901,28.575301367541655,0.0,0-4
pos-037,0,40,10,T0.5_P0.95,0.5,0.95,23,4,1.0163593116553407,30.224411432024965,0.10527079199577553,0.08450760254869125,-136,0.793579133999017,30.224411432024965,0.0,0-4
pos-037,0,40,10,T0.5_P1,0.5,1.0,23,23,1.3149148424140906,30.657793512253697,0.10649575113880366,0.08119074802736326,-136,0.7622660776901176,30.657793512253697,0.0,0-4
pos-037,0,40,10,T0.9_P0.5,0.9,0.5,23,2,0.797543319169292,22.218973881351097,0.0,0.0,-136,0.7584894143331402,22.218973881351097,0.0,0-4
pos-037,0,40,10,T0.9_P0.9,0.9,0.9,23,8,2.251021481885683,59.55529008694695,0.23808695614590158,0.14194965158521108,-136,0.4926291897154123,59.55529008694695,0.0,0-4
pos-037,0,40,10,T0.9_P0.95,0.9,0.95,23,10,2.451401806663124,59.83286086761963,0.22796572557558528,0.13591528004160766,-136,0.47168720408339676,59.83286086761963,0.0,0-4
pos-037,0,40,10,T0.9_P1,0.9,1.0,23,23,2.6860649174053504,59.73157587329007,0.22385817403250774,0.1318834802293003,-136,0.45311672600581004,59.73157587329007,0.0,0-4
pos-037,0,40,10,T1_P0.5,1.0,0.5,23,2,0.8313722521614729,24.204201614854163,0.0,0.0,-136,0.7369108520124548,24.204201614854163,0.0,0-4
pos-037,0,40,10,T1_P0.9,1.0,0.9,23,9,2.499238057623958,63.171649701747526,0.2498808189726524,0.14276009694281963,-136,0.4374758299401753,63.171649701747526,0.0,0-4
pos-037,0,40,10,T1_P0.95,1.0,0.95,23,11,2.6826471715048834,62.78373323798338,0.2397072331400672,0.13694779768076656,-136,0.41966454724998636,62.78373323798338,0.0,0-4
pos-037,0,40,10,T1_P1,1.0,1.0,23,23,2.8946336960176575,63.267816122027,0.23840196998391136,0.13408211938484943,-136,0.4040996615873982,63.267816122027,0.0,0-4
pos-038,0,60,10,argmax,0.0,0.0,26,1,-0.0,0.0,0.0,0.0,222,1.0,0.0,0.0,0-7
pos-038,0,60,10,T0.5_P0.5,0.5,0.5,26,1,-0.0,0.0,0.0,0.0,222,1.0,0.0,0.0,0-7
pos-038,0,60,10,T0.5_P0.9,0.5,0.9,26,2,0.6779120020123822,86.10501480598536,0.17901250479414837,0.17901250479414837,222,0.8209874952058516,86.10501480598536,0.0,0-7
pos-038,0,60,10,T0.5_P0.95,0.5,0.95,26,2,0.6779120020123822,86.10501480598536,0.17901250479414837,0.17901250479414837,222,0.8209874952058516,86.10501480598536,0.0,0-7
pos-038,0,60,10,T0.5_P1,0.5,1.0,26,26,0.9426510892614456,99.43135724060974,0.20971231409579238,0.20971231409579238,222,0.7902876859042076,99.43135724060974,0.0,0-7
pos-038,0,60,10,T0.9_P0.5,0.9,0.5,26,1,-0.0,0.0,0.0,0.0,222,1.0,0.0,0.0,0-7
pos-038,0,60,10,T0.9_P0.9,0.9,0.9,26,4,1.4572023581485376,183.81625175826008,0.3940045323804627,0.3940045323804627,222,0.6059954676195374,183.81625175826008,0.0,0-7
pos-038,0,60,10,T0.9_P0.95,0.9,0.95,26,6,1.6731833881574691,194.9649963681901,0.4175179475558644,0.4175179475558644,222,0.5824820524441356,194.9649963681901,0.0,0-7
pos-038,0,60,10,T0.9_P1,0.9,1.0,26,26,1.9784998607338136,207.6814482615548,0.44169391368410993,0.44169391368410993,222,0.5583060863158903,207.6814482615548,0.0,0-7
pos-038,0,60,10,T1_P0.5,1.0,0.5,26,1,-0.0,0.0,0.0,0.0,222,1.0,0.0,0.0,0-7
pos-038,0,60,10,T1_P0.9,1.0,0.9,26,5,1.6984259788767857,207.95227866009554,0.4450028918770642,0.4450028918770642,222,0.5549971081229359,207.95227866009554,0.0,0-7
pos-038,0,60,10,T1_P0.95,1.0,0.95,26,7,1.8896323629445626,216.8509631421896,0.46399380391764683,0.46399380391764683,222,0.5360061960823532,216.8509631421896,0.0,0-7
pos-038,0,60,10,T1_P1,1.0,1.0,26,26,2.2149908335154924,230.00311906790378,0.4882816399541814,0.4882816399541814,222,0.5117183600458187,230.00311906790378,0.0,0-7
pos-039,1,24,10,argmax,0.0,0.0,38,1,-0.0,4.0,0.0,0.0,92,0.0,4.0,0.0,1-4
pos-039,1,24,10,T0.5_P0.5,0.5,0.5,38,2,0.9459144143772442,20.741768567134148,0.0,0.0,92,0.0,20.741768567134148,0.0,1-4
pos-039,1,24,10,T0.5_P0.9,0.5,0.9,38,3,1.5147268933531064,15.740703165224074,0.0,0.0,92,0.2411108476947519,15.740703165224074,0.0,1-4
pos-039,1,24,10,T0.5_P0.95,0.5,0.95,38,4,1.766879513869662,16.689924718734417,0.0,0.0,92,0.22506043398438993,16.689924718734417,0.0,1-4
pos-039,1,24,10,T0.5_P1,0.5,1.0,38,38,1.9045923751565645,16.911597994791755,0.00028181480560423655,0.00028178465340279073,92,0.22092445760856094,16.911597994791755,0.0,1-4
pos-039,1,24,10,T0.9_P0.5,0.9,0.5,38,2,0.982860184074265,23.461692089360408,0.0,0.0,92,0.0,23.461692089360408,0.0,1-4
pos-039,1,24,10,T0.9_P0.9,0.9,0.9,38,5,2.0648577447910412,18.691964178116766,0.0,0.0,92,0.23778871963447074,18.691964178116766,0.0,1-4
pos-039,1,24,10,T0.9_P0.95,0.9,0.95,38,7,2.2979103281111466,18.91046600726241,0.0,0.0,92,0.22585648105533504,18.91046600726241,0.0,1-4
pos-039,1,24,10,T0.9_P1,0.9,1.0,38,38,2.5348749133944444,22.21523628228336,0.007468851501524056,0.007427427275403248,92,0.21787346150189504,22.21523628228336,0.0,1-4
pos-039,1,24,10,T1_P0.5,1.0,0.5,38,2,0.9860852639590608,23.810718200239954,0.0,0.0,92,0.0,23.810718200239954,0.0,1-4
pos-039,1,24,10,T1_P0.9,1.0,0.9,38,6,2.246188162842847,18.891022902977518,0.0,0.0,92,0.22916389534080392,18.891022902977518,0.0,1-4
pos-039,1,24,10,T1_P0.95,1.0,0.95,38,8,2.464603227123041,19.17019866261554,0.0,0.0,92,0.2181100895668162,19.17019866261554,0.0,1-4
pos-039,1,24,10,T1_P1,1.0,1.0,38,38,2.6857555230704806,24.183779596657946,0.01112050565237026,0.011018843458010292,92,0.21173762035149757,24.183779596657946,0.0,1-4
pos-040,1,40,10,argmax,0.0,0.0,31,1,-0.0,0.0,0.0,0.0,136,1.0,0.0,0.0,1-4
pos-040,1,40,10,T0.5_P0.5,0.5,0.5,31,1,-0.0,0.0,0.0,0.0,136,1.0,0.0,0.0,1-4
pos-040,1,40,10,T0.5_P0.9,0.5,0.9,31,2,0.7425387859975523,11.159318330883805,0.0,0.0,136,0.7894468239455886,11.159318330883805,0.0,1-4
pos-040,1,40,10,T0.5_P0.95,0.5,0.95,31,3,1.0227631281139684,16.06148809786361,0.0,0.0,136,0.7427306179099848,16.06148809786361,0.0,1-4
pos-040,1,40,10,T0.5_P1,0.5,1.0,31,31,1.239206510627344,19.51332118465062,0.030417029979031406,5.8659793483915545e-05,136,0.7187179711015544,19.51332118465062,0.0,1-4
pos-040,1,40,10,T0.9_P0.5,0.9,0.5,31,2,0.9089641734806537,17.186287523740038,0.0,0.0,136,0.6757304240803766,17.186287523740038,0.0,1-4
pos-040,1,40,10,T0.9_P0.9,0.9,0.9,31,4,1.6676038158751796,36.26748194207302,0.08252223696883278,0.0,136,0.5318294030792484,36.26748194207302,0.0,1-4
pos-040,1,40,10,T0.9_P0.95,0.9,0.95,31,7,1.972749594472836,39.57432299244045,0.11531005870723124,0.0,136,0.5022521227419235,39.57432299244045,0.0,1-4
pos-040,1,40,10,T0.9_P1,0.9,1.0,31,31,2.299362809264544,45.08641183494099,0.14923288318949335,0.003254280592639282,136,0.4804737670605548,45.08641183494099,0.0,1-4
pos-040,1,40,10,T1_P0.5,1.0,0.5,31,2,0.9253541244799564,18.04971034404603,0.0,0.0,136,0.6594394274708296,18.04971034404603,0.0,1-4
pos-040,1,40,10,T1_P0.9,1.0,0.9,31,6,1.9740582103423365,41.53194287379796,0.11502323943734066,0.0,136,0.47854946525173647,41.53194287379796,0.0,1-4
pos-040,1,40,10,T1_P0.95,1.0,0.95,31,9,2.2103938194367445,44.90074607466619,0.15366720518146235,0.0,136,0.45765281579588163,44.90074607466619,0.0,1-4
pos-040,1,40,10,T1_P1,1.0,1.0,31,31,2.534308155106132,51.224121399133665,0.18425752960293731,0.00523367743033871,136,0.4372294383183203,51.224121399133665,0.0,1-4
pos-041,1,60,10,argmax,0.0,0.0,30,1,-0.0,0.0,0.0,0.0,-544,1.0,0.0,0.0,1-7
pos-041,1,60,10,T0.5_P0.5,0.5,0.5,30,1,-0.0,0.0,0.0,0.0,-544,1.0,0.0,0.0,1-7
pos-041,1,60,10,T0.5_P0.9,0.5,0.9,30,2,0.4302340114854489,0.6169868404226946,0.0,0.0,-544,0.9118590227967578,0.6169868404226946,0.0,1-7
pos-041,1,60,10,T0.5_P0.95,0.5,0.95,30,2,0.4302340114854489,0.6169868404226946,0.0,0.0,-544,0.9118590227967578,0.6169868404226946,0.0,1-7
pos-041,1,60,10,T0.5_P1,0.5,1.0,30,30,0.6599740496670721,2.1264573431381453,9.273706648828898e-06,9.589719374690456e-07,-544,0.8823227989491126,2.1253590203114863,1.2994825687860393e-07,1-7
pos-041,1,60,10,T0.9_P0.5,0.9,0.5,30,1,-0.0,0.0,0.0,0.0,-544,1.0,0.0,0.0,1-7
pos-041,1,60,10,T0.9_P0.9,0.9,0.9,30,3,1.1420413665848723,6.312676617842536,0.0,0.0,-544,0.7075859793541436,6.312676617842536,0.0,1-7
pos-041,1,60,10,T0.9_P0.95,0.9,0.95,30,5,1.4127744829597002,8.311296894023616,0.0,0.0,-544,0.6735412185011764,8.311296894023616,0.0,1-7
pos-041,1,60,10,T0.9_P1,0.9,1.0,30,30,1.7034570555551554,10.459142864585276,0.0021851588127243804,0.0005098643953037903,-544,0.645287549247431,9.335269404737083,0.00013297090210509255,1-7
pos-041,1,60,10,T1_P0.5,1.0,0.5,30,1,-0.0,0.0,0.0,0.0,-544,1.0,0.0,0.0,1-7
pos-041,1,60,10,T1_P0.9,1.0,0.9,30,4,1.3969618913391288,8.687155679623237,0.0,0.0,-544,0.6502054698312806,8.687155679623237,0.0,1-7
pos-041,1,60,10,T1_P0.95,1.0,0.95,30,6,1.6652791015322954,9.81623154266789,0.0,0.0,-544,0.6173772255907664,9.81623154266789,0.0,1-7
pos-041,1,60,10,T1_P1,1.0,1.0,30,30,1.9294313671983465,14.174450777465228,0.00431238973067118,0.001088226421384936,-544,0.5943707996693585,11.563456975151983,0.0003089188949347701,1-7
pos-042,2,24,10,argmax,0.0,0.0,40,1,-0.0,0.0,0.0,0.0,173,1.0,0.0,0.0,2-4
pos-042,2,24,10,T0.5_P0.5,0.5,0.5,40,1,-0.0,0.0,0.0,0.0,173,1.0,0.0,0.0,2-4
pos-042,2,24,10,T0.5_P0.9,0.5,0.9,40,1,-0.0,0.0,0.0,0.0,173,1.0,0.0,0.0,2-4
pos-042,2,24,10,T0.5_P0.95,0.5,0.95,40,1,-0.0,0.0,0.0,0.0,173,1.0,0.0,0.0,2-4
pos-042,2,24,10,T0.5_P1,0.5,1.0,40,40,0.05707073091407907,0.18444066053068453,1.6353845086261464e-06,8.219930861580587e-07,173,0.9934346236352585,0.18444066053068453,0.0,2-4
pos-042,2,24,10,T0.9_P0.5,0.9,0.5,40,1,-0.0,0.0,0.0,0.0,173,1.0,0.0,0.0,2-4
pos-042,2,24,10,T0.9_P0.9,0.9,0.9,40,1,-0.0,0.0,0.0,0.0,173,1.0,0.0,0.0,2-4
pos-042,2,24,10,T0.9_P0.95,0.9,0.95,40,2,0.31921045179271423,1.62230489523456,0.0,0.0,173,0.9420605394559085,1.62230489523456,0.0,2-4
pos-042,2,24,10,T0.9_P1,0.9,1.0,40,40,0.33563138028377737,2.0657148779733845,0.001203838947665996,0.0005146000198457506,173,0.9409264502874524,2.0657148779733845,0.0,2-4
pos-042,2,24,10,T1_P0.5,1.0,0.5,40,1,-0.0,0.0,0.0,0.0,173,1.0,0.0,0.0,2-4
pos-042,2,24,10,T1_P0.9,1.0,0.9,40,1,-0.0,0.0,0.0,0.0,173,1.0,0.0,0.0,2-4
pos-042,2,24,10,T1_P0.95,1.0,0.95,40,2,0.38494098805033217,2.10486501788987,0.0,0.0,173,0.924826249361076,2.10486501788987,0.0,2-4
pos-042,2,24,10,T1_P1,1.0,1.0,40,40,0.4202519554503159,3.158186938530153,0.002812742924044207,0.0012144260011551688,173,0.9222249508722155,3.158186938530153,0.0,2-4
pos-043,2,40,10,argmax,0.0,0.0,26,1,-0.0,53.0,0.0,0.0,-687,0.0,53.0,0.0,2-5
pos-043,2,40,10,T0.5_P0.5,0.5,0.5,26,1,-0.0,53.0,0.0,0.0,-687,0.0,53.0,0.0,2-5
pos-043,2,40,10,T0.5_P0.9,0.5,0.9,26,1,-0.0,53.0,0.0,0.0,-687,0.0,53.0,0.0,2-5
pos-043,2,40,10,T0.5_P0.95,0.5,0.95,26,1,-0.0,53.0,0.0,0.0,-687,0.0,53.0,0.0,2-5
pos-043,2,40,10,T0.5_P1,0.5,1.0,26,26,0.13208106745516338,53.68105478794857,0.005514801041441247,0.0014726984026799787,-687,2.433993072378837e-08,53.68105478794857,0.0,2-5
pos-043,2,40,10,T0.9_P0.5,0.9,0.5,26,1,-0.0,53.0,0.0,0.0,-687,0.0,53.0,0.0,2-5
pos-043,2,40,10,T0.9_P0.9,0.9,0.9,26,2,0.36481027889787127,53.83642300766523,0.0,0.0,-687,0.0,53.83642300766523,0.0,2-5
pos-043,2,40,10,T0.9_P0.95,0.9,0.95,26,3,0.5974954386092993,56.726288584165204,0.04118754630790397,0.0,-687,0.0,56.726288584165204,0.0,2-5
pos-043,2,40,10,T0.9_P1,0.9,1.0,26,26,0.9439621996578345,62.16854155081073,0.07773975282212282,0.023471693099006617,-687,5.068250741946473e-05,62.16854155081073,0.0,2-5
pos-043,2,40,10,T1_P0.5,1.0,0.5,26,1,-0.0,53.0,0.0,0.0,-687,0.0,53.0,0.0,2-5
pos-043,2,40,10,T1_P0.9,1.0,0.9,26,3,0.7118148724914224,57.84869078991932,0.0541443299632161,0.0,-687,0.0,57.84869078991932,0.0,2-5
pos-043,2,40,10,T1_P0.95,1.0,0.95,26,4,0.8944015718788687,63.883865248838354,0.08464587443930607,0.032247567406244744,-687,0.0,63.883865248838354,0.0,2-5
pos-043,2,40,10,T1_P1,1.0,1.0,26,26,1.2147387024764438,65.63805935588833,0.10872475893053539,0.03214514831589845,-687,0.00012644740440242956,65.63805935588833,0.0,2-5
pos-044,2,60,10,argmax,0.0,0.0,23,1,-0.0,18.0,0.0,0.0,760,0.0,18.0,0.0,2-8
pos-044,2,60,10,T0.5_P0.5,0.5,0.5,23,1,-0.0,18.0,0.0,0.0,760,0.0,18.0,0.0,2-8
pos-044,2,60,10,T0.5_P0.9,0.5,0.9,23,1,-0.0,18.0,0.0,0.0,760,0.0,18.0,0.0,2-8
pos-044,2,60,10,T0.5_P0.95,0.5,0.95,23,2,0.2543516822734957,18.000000000000004,0.0,0.0,760,0.0,18.000000000000004,0.0,2-8
pos-044,2,60,10,T0.5_P1,0.5,1.0,23,23,0.34495219089471074,18.176068109092988,4.6984546585040106e-08,4.6984546585040106e-08,760,4.841275227546934e-07,18.176068109092988,0.0,2-8
pos-044,2,60,10,T0.9_P0.5,0.9,0.5,23,1,-0.0,18.0,0.0,0.0,760,0.0,18.0,0.0,2-8
pos-044,2,60,10,T0.9_P0.9,0.9,0.9,23,2,0.6118530757068346,18.0,0.0,0.0,760,0.0,18.0,0.0,2-8
pos-044,2,60,10,T0.9_P0.95,0.9,0.95,23,3,0.8907213447931037,18.67816125113991,0.0,0.0,760,0.0,18.67816125113991,0.0,2-8
pos-044,2,60,10,T0.9_P1,0.9,1.0,23,23,1.1478065378787257,19.743573963843296,0.0001253120597886769,0.0001253120597886769,760,0.00024644670314111976,19.743573963843296,0.0,2-8
pos-044,2,60,10,T1_P0.5,1.0,0.5,23,1,-0.0,18.0,0.0,0.0,760,0.0,18.0,0.0,2-8
pos-044,2,60,10,T1_P0.9,1.0,0.9,23,3,0.9883836326135662,18.846817974895128,0.0,0.0,760,0.0,18.846817974895128,0.0,2-8
pos-044,2,60,10,T1_P0.95,1.0,0.95,23,4,1.1805350333349198,20.039583287960724,0.0,0.0,760,0.0,20.039583287960724,0.0,2-8
pos-044,2,60,10,T1_P1,1.0,1.0,23,23,1.3388299465547338,20.355439457647364,0.0003290069219875309,0.0003290069219875309,760,0.0005189293997717972,20.355439457647364,0.0,2-8
pos-045,0,24,10,argmax,0.0,0.0,3,1,-0.0,0.0,0.0,0.0,-99,1.0,0.0,0.0,0-5
pos-045,0,24,10,T0.5_P0.5,0.5,0.5,3,1,-0.0,0.0,0.0,0.0,-99,1.0,0.0,0.0,0-5
pos-045,0,24,10,T0.5_P0.9,0.5,0.9,3,1,-0.0,0.0,0.0,0.0,-99,1.0,0.0,0.0,0-5
pos-045,0,24,10,T0.5_P0.95,0.5,0.95,3,1,-0.0,0.0,0.0,0.0,-99,1.0,0.0,0.0,0-5
pos-045,0,24,10,T0.5_P1,0.5,1.0,3,3,0.00021734024593280472,0.0023826548502106555,4.72055471467326e-06,4.72055471467326e-06,-99,0.999988451960706,0.0023826548502106555,0.0,0-5
pos-045,0,24,10,T0.9_P0.5,0.9,0.5,3,1,-0.0,0.0,0.0,0.0,-99,1.0,0.0,0.0,0-5
pos-045,0,24,10,T0.9_P0.9,0.9,0.9,3,1,-0.0,0.0,0.0,0.0,-99,1.0,0.0,0.0,0-5
pos-045,0,24,10,T0.9_P0.95,0.9,0.95,3,1,-0.0,0.0,0.0,0.0,-99,1.0,0.0,0.0,0-5
pos-045,0,24,10,T0.9_P1,0.9,1.0,3,3,0.027140339360582796,0.5299857344185779,0.0010965990589723099,0.0010965990589723099,-99,0.9975572756756028,0.5299857344185779,0.0,0-5
pos-045,0,24,10,T1_P0.5,1.0,0.5,3,1,-0.0,0.0,0.0,0.0,-99,1.0,0.0,0.0,0-5
pos-045,0,24,10,T1_P0.9,1.0,0.9,3,1,-0.0,0.0,0.0,0.0,-99,1.0,0.0,0.0,0-5
pos-045,0,24,10,T1_P0.95,1.0,0.95,3,1,-0.0,0.0,0.0,0.0,-99,1.0,0.0,0.0,0-5
pos-045,0,24,10,T1_P1,1.0,1.0,3,3,0.04832923012003176,1.0397828591251996,0.002162348047780175,0.002162348047780175,-99,0.9952371364646586,1.0397828591251996,0.0,0-5
pos-046,0,40,10,argmax,0.0,0.0,36,1,-0.0,0.0,0.0,0.0,71,1.0,0.0,0.0,0-5
pos-046,0,40,10,T0.5_P0.5,0.5,0.5,36,1,-0.0,0.0,0.0,0.0,71,1.0,0.0,0.0,0-5
pos-046,0,40,10,T0.5_P0.9,0.5,0.9,36,2,0.6955907212062603,21.341528174778023,0.18720638749805282,0.0,71,0.8127936125019471,21.341528174778023,0.0,0-5
pos-046,0,40,10,T0.5_P0.95,0.5,0.95,36,3,0.8052565029830028,22.7850811821238,0.20059141052261606,0.0,71,0.7994085894773839,22.7850811821238,0.0,0-5
pos-046,0,40,10,T0.5_P1,0.5,1.0,36,36,1.1481419457078903,27.19137872302414,0.22614789242435973,0.0014167364640269868,71,0.7659258203898676,27.19136694094884,1.2994989808515757e-09,0-5
pos-046,0,40,10,T0.9_P0.5,0.9,0.5,36,2,0.8892997703251382,34.961125387779155,0.30667653848929083,0.0,71,0.6933234615107091,34.961125387779155,0.0,0-5
pos-046,0,40,10,T0.9_P0.9,0.9,0.9,36,8,2.102379510599832,55.8437876451428,0.4475428835715209,0.0,71,0.5222100210810257,55.8437876451428,0.0,0-5
pos-046,0,40,10,T0.9_P0.95,0.9,0.95,36,11,2.3727555497500292,61.87432633451196,0.4531387346610455,0.014758015842124725,71,0.49439769919596555,61.87432633451196,0.0,0-5
pos-046,0,40,10,T0.9_P1,0.9,1.0,36,36,2.6809743126141616,65.60641116499274,0.473835410068456,0.018239846269758334,71,0.4723858367941757,65.52889058674808,8.550152227453985e-06,0-5
pos-046,0,40,10,T1_P0.5,1.0,0.5,36,2,0.9089841925046881,36.968886286773426,0.32428847619976686,0.0,71,0.675711523800233,36.968886286773426,0.0,0-5
pos-046,0,40,10,T1_P0.9,1.0,0.9,36,9,2.383457729273767,62.188930539872146,0.4693896290294565,0.0,71,0.4645189383548371,62.188930539872146,0.0,0-5
pos-046,0,40,10,T1_P0.95,1.0,0.95,36,13,2.6820860161367137,69.45269460535214,0.5007783032884433,0.01853435686239594,71,0.43703995482784574,69.45269460535214,0.0,0-5
pos-046,0,40,10,T1_P1,1.0,1.0,36,36,2.9642386161025076,73.79999361004838,0.5165962576762286,0.02485249094839791,71,0.4185863248073515,73.58080242712298,2.4175767407163347e-05,0-5
pos-047,0,60,10,argmax,0.0,0.0,24,1,-0.0,57.0,0.0,0.0,216,0.0,57.0,0.0,0-8
pos-047,0,60,10,T0.5_P0.5,0.5,0.5,24,1,-0.0,57.0,0.0,0.0,216,0.0,57.0,0.0,0-8
pos-047,0,60,10,T0.5_P0.9,0.5,0.9,24,2,0.41841391407038814,54.96799164748128,0.0,0.0,216,0.0,54.96799164748128,0.0,0-8
pos-047,0,60,10,T0.5_P0.95,0.5,0.95,24,4,0.849035523883942,55.30721321755775,0.04017646663324137,0.0,216,0.03551381362165308,55.30721321755775,0.0,0-8
pos-047,0,60,10,T0.5_P1,0.5,1.0,24,24,1.0432694972182988,54.85489515918401,0.04048817909731556,0.000912510846572297,216,0.034632496223423286,54.85489515918401,0.0,0-8
pos-047,0,60,10,T0.9_P0.5,0.9,0.5,24,1,-0.0,57.0,0.0,0.0,216,0.0,57.0,0.0,0-8
pos-047,0,60,10,T0.9_P0.9,0.9,0.9,24,6,1.9282350269238555,51.082828009927354,0.10347535765087527,0.0,216,0.0966214086572335,51.082828009927354,0.0,0-8
pos-047,0,60,10,T0.9_P0.95,0.9,0.95,24,8,2.1246325928029526,52.80762464287361,0.11178992076310376,0.012312681755995404,216,0.0928881153967947,52.80762464287361,0.0,0-8
pos-047,0,60,10,T0.9_P1,0.9,1.0,24,24,2.3973841716685564,52.99049867794685,0.11805396360347295,0.012218825595300705,216,0.08910075123151426,52.99049867794685,0.0,0-8
pos-047,0,60,10,T1_P0.5,1.0,0.5,24,2,0.7835629852073553,51.40299124233991,0.0,0.0,216,0.0,51.40299124233991,0.0,0-8
pos-047,0,60,10,T1_P0.9,1.0,0.9,24,7,2.18695866309441,50.05373159324814,0.10936346160743868,0.0,216,0.10282176014158108,50.05373159324814,0.0,0-8
pos-047,0,60,10,T1_P0.95,1.0,0.95,24,9,2.347722480407538,52.36492841741697,0.12219574059219283,0.016172175379099266,216,0.09968164349832985,52.36492841741697,0.0,0-8
pos-047,0,60,10,T1_P1,1.0,1.0,24,24,2.6230698531636056,53.225205343747916,0.1328784519006231,0.01632269190464363,216,0.09533116493909577,53.225205343747916,0.0,0-8
pos-048,1,24,10,argmax,0.0,0.0,38,1,-0.0,0.0,0.0,0.0,47,1.0,0.0,0.0,1-5
pos-048,1,24,10,T0.5_P0.5,0.5,0.5,38,1,-0.0,0.0,0.0,0.0,47,1.0,0.0,0.0,1-5
pos-048,1,24,10,T0.5_P0.9,0.5,0.9,38,3,0.9003699109545624,13.081242682439267,0.0,0.0,47,0.8070405101079162,13.081242682439267,0.0,1-5
pos-048,1,24,10,T0.5_P0.95,0.5,0.95,38,3,0.9003699109545624,13.081242682439267,0.0,0.0,47,0.8070405101079162,13.081242682439267,0.0,1-5
pos-048,1,24,10,T0.5_P1,0.5,1.0,38,38,1.0118881537173883,14.61999481629796,0.009832925256135664,0.000514276857998123,47,0.7973511668823492,14.61999481629796,0.0,1-5
pos-048,1,24,10,T0.9_P0.5,0.9,0.5,38,1,-0.0,0.0,0.0,0.0,47,1.0,0.0,0.0,1-5
pos-048,1,24,10,T0.9_P0.9,0.9,0.9,38,4,1.5100117124933214,29.964633786217725,0.03473467287382206,0.0,47,0.5978991139749619,29.964633786217725,0.0,1-5
pos-048,1,24,10,T0.9_P0.95,0.9,0.95,38,7,1.8170734411822773,35.53468437636033,0.06060433917517402,0.0,47,0.5649228487826865,35.53468437636033,0.0,1-5
pos-048,1,24,10,T0.9_P1,0.9,1.0,38,38,2.126930187469536,40.406033545850256,0.09471898845691695,0.013625560675022564,47,0.5410310709435493,40.406033545850256,0.0,1-5
pos-048,1,24,10,T1_P0.5,1.0,0.5,38,2,0.8276316254675896,9.902325022429173,0.0,0.0,47,0.7394124994097585,9.902325022429173,0.0,1-5
pos-048,1,24,10,T1_P0.9,1.0,0.9,38,5,1.7502511783900407,37.89046345336804,0.07830286656908195,0.0,47,0.5449373234372957,37.89046345336804,0.0,1-5
pos-048,1,24,10,T1_P0.95,1.0,0.95,38,8,2.038654374248818,40.98039008605917,0.09048932164212137,0.0,47,0.5162832692904072,40.98039008605917,0.0,1-5
pos-048,1,24,10,T1_P1,1.0,1.0,38,38,2.371825278568534,46.84499779761913,0.12468070634520685,0.02029232046447452,47,0.4922046754758971,46.84499779761913,0.0,1-5
pos-049,1,40,10,argmax,0.0,0.0,39,1,-0.0,71.0,0.0,0.0,-47,0.0,71.0,0.0,1-5
pos-049,1,40,10,T0.5_P0.5,0.5,0.5,39,1,-0.0,71.0,0.0,0.0,-47,0.0,71.0,0.0,1-5
pos-049,1,40,10,T0.5_P0.9,0.5,0.9,39,3,1.273420978542497,58.62930285237379,0.0,0.0,-47,0.16130060877809688,58.62930285237379,0.0,1-5
pos-049,1,40,10,T0.5_P0.95,0.5,0.95,39,4,1.5199269621188478,60.40088071543173,0.0,0.0,-47,0.15189165163694074,60.40088071543173,0.0,1-5
pos-049,1,40,10,T0.5_P1,0.5,1.0,39,39,1.6717816570951645,62.37801051823412,0.017350356839535695,0.000985798349535494,-47,0.1484179116185993,62.37801051823412,0.0,1-5
pos-049,1,40,10,T0.9_P0.5,0.9,0.5,39,2,0.9153274761392128,69.3480346026463,0.0,0.0,-47,0.0,69.3480346026463,0.0,1-5
pos-049,1,40,10,T0.9_P0.9,0.9,0.9,39,5,2.050812628181769,63.33476008278884,0.05721476037185215,0.0,-47,0.1947592513712815,63.33476008278884,0.0,1-5
pos-049,1,40,10,T0.9_P0.95,0.9,0.95,39,6,2.1757767020420036,62.53121645056514,0.05564752217947366,0.0,-47,0.18942436689244552,62.53121645056514,0.0,1-5
pos-049,1,40,10,T0.9_P1,0.9,1.0,39,39,2.412258358820094,71.2495399432679,0.07374826814558401,0.02002161537271376,-47,0.18288572048056387,71.2495399432679,0.0,1-5
pos-049,1,40,10,T1_P0.5,1.0,0.5,39,2,0.9306321799558819,69.26897977764838,0.0,0.0,-47,0.0,69.26897977764838,0.0,1-5
pos-049,1,40,10,T1_P0.9,1.0,0.9,39,5,2.097075307986112,63.98853809931921,0.06596197289942739,0.0,-47,0.19864820660293478,63.98853809931921,0.0,1-5
pos-049,1,40,10,T1_P0.95,1.0,0.95,39,6,2.238970663192716,62.97851176474107,0.06374034644039493,0.0,-47,0.19195765305473644,62.97851176474107,0.0,1-5
pos-049,1,40,10,T1_P1,1.0,1.0,39,39,2.5563253905477805,75.82669166218876,0.0902033134918575,0.029618377817735613,-47,0.18245495532961772,75.82669166218876,0.0,1-5
pos-050,1,60,10,argmax,0.0,0.0,22,1,-0.0,138.0,1.0,0.0,-724,0.0,138.0,0.0,1-8
pos-050,1,60,10,T0.5_P0.5,0.5,0.5,22,1,-0.0,138.0,1.0,0.0,-724,0.0,138.0,0.0,1-8
pos-050,1,60,10,T0.5_P0.9,0.5,0.9,22,1,-0.0,138.0,1.0,0.0,-724,0.0,138.0,0.0,1-8
pos-050,1,60,10,T0.5_P0.95,0.5,0.95,22,2,0.3693510781757173,128.21290954597993,0.929079054681014,0.0,-724,0.0709209453189861,128.21290954597993,0.0,1-8
pos-050,1,60,10,T0.5_P1,0.5,1.0,22,22,0.3851570063412965,130.3457516336482,0.9291703978860216,0.0011841057817952622,-724,0.07082960211397864,128.523229401916,0.00022025428415637518,1-8
pos-050,1,60,10,T0.9_P0.5,0.9,0.5,22,1,-0.0,138.0,1.0,0.0,-724,0.0,138.0,0.0,1-8
pos-050,1,60,10,T0.9_P0.9,0.9,0.9,22,2,0.7081538505692632,111.33598869467929,0.8067825267730383,0.0,-724,0.1932174732269617,111.33598869467929,0.0,1-8
pos-050,1,60,10,T0.9_P0.95,0.9,0.95,22,2,0.7081538505692632,111.33598869467929,0.8067825267730383,0.0,-724,0.1932174732269617,111.33598869467929,0.0,1-8
pos-050,1,60,10,T0.9_P1,0.9,1.0,22,22,1.066472919621043,285.26537375571286,0.8150693235849656,0.03796037985076522,-724,0.18493067641503458,130.98119768858172,0.018645341301539067,1-8
pos-050,1,60,10,T1_P0.5,1.0,0.5,22,1,-0.0,138.0,1.0,0.0,-724,0.0,138.0,0.0,1-8
pos-050,1,60,10,T1_P0.9,1.0,0.9,22,2,0.7536828939813608,108.12612484637597,0.7835226438143187,0.0,-724,0.21647735618568137,108.12612484637597,0.0,1-8
pos-050,1,60,10,T1_P0.95,1.0,0.95,22,3,0.9009976612469237,111.54596051944368,0.7888153904711342,0.024449423949337773,-724,0.21118460952886584,111.54596051944368,0.0,1-8
pos-050,1,60,10,T1_P1,1.0,1.0,22,22,1.2827028737238597,405.96100962161796,0.798167850563361,0.05992394725620188,-724,0.20183214943663882,141.35892501756211,0.0319772953115531,1-8
pos-051,2,24,10,argmax,0.0,0.0,38,1,-0.0,0.0,0.0,0.0,-98,1.0,0.0,0.0,2-5
pos-051,2,24,10,T0.5_P0.5,0.5,0.5,38,1,-0.0,0.0,0.0,0.0,-98,1.0,0.0,0.0,2-5
pos-051,2,24,10,T0.5_P0.9,0.5,0.9,38,3,1.2216028036734394,34.09090926309182,0.09117250332187048,0.0,-98,0.6515634300769982,34.09090926309182,0.0,2-5
pos-051,2,24,10,T0.5_P0.95,0.5,0.95,38,3,1.2216028036734394,34.09090926309182,0.09117250332187048,0.0,-98,0.6515634300769982,34.09090926309182,0.0,2-5
pos-051,2,24,10,T0.5_P1,0.5,1.0,38,38,1.3922927009048278,37.291602638931835,0.10200059800836264,0.012206599557337893,-98,0.6350725669135959,37.291602638931835,0.0,2-5
pos-051,2,24,10,T0.9_P0.5,0.9,0.5,38,2,0.9534906361348633,29.524409692512098,0.0,0.0,-98,0.6262732950314925,29.524409692512098,0.0,2-5
pos-051,2,24,10,T0.9_P0.9,0.9,0.9,38,4,1.6796609352557152,60.48653869553162,0.2185729644805606,0.0544549273763684,-98,0.48938688436145045,60.48653869553162,0.0,2-5
pos-051,2,24,10,T0.9_P0.95,0.9,0.95,38,5,1.886114166538394,62.06065299137284,0.2072973237185975,0.05164573182798973,-98,0.46414062064905587,62.06065299137284,0.0,2-5
pos-051,2,24,10,T0.9_P1,0.9,1.0,38,38,2.0424648622171606,63.896789174668584,0.22388957164021114,0.052051886557162155,-98,0.4544255831214585,63.896789174668584,0.0,2-5
pos-051,2,24,10,T1_P0.5,1.0,0.5,38,2,0.9620936903083455,30.48504530768663,0.0,0.0,-98,0.6141133505356123,30.48504530768663,0.0,2-5
pos-051,2,24,10,T1_P0.9,1.0,0.9,38,4,1.7274476773367933,64.58546496847455,0.23944804284227872,0.06473271143811854,-98,0.46706511066654566,64.58546496847455,0.0,2-5
pos-051,2,24,10,T1_P0.95,1.0,0.95,38,5,1.9528962642288898,66.18986354750598,0.22490415254742765,0.060800896241515,-98,0.43869593441664356,66.18986354750598,0.0,2-5
pos-051,2,24,10,T1_P1,1.0,1.0,38,38,2.17726318568728,68.9776039196231,0.24943504071971367,0.06186299732596226,-98,0.4248117148789176,68.9776039196231,0.0,2-5
pos-052,2,40,10,argmax,0.0,0.0,25,1,-0.0,0.0,0.0,0.0,447,1.0,0.0,0.0,2-6
pos-052,2,40,10,T0.5_P0.5,0.5,0.5,25,1,-0.0,0.0,0.0,0.0,447,1.0,0.0,0.0,2-6
pos-052,2,40,10,T0.5_P0.9,0.5,0.9,25,3,0.9823579343908109,3.4969538719544575,0.0,0.0,447,0.7761670741872274,3.4969538719544575,0.0,2-6
pos-052,2,40,10,T0.5_P0.95,0.5,0.95,25,3,0.9823579343908109,3.4969538719544575,0.0,0.0,447,0.7761670741872274,3.4969538719544575,0.0,2-6
pos-052,2,40,10,T0.5_P1,0.5,1.0,25,25,1.2702715311075812,9.086101806892614,0.026677111924766104,1.1660550000322603e-06,447,0.7423644697101655,9.086101806892614,0.0,2-6
pos-052,2,40,10,T0.9_P0.5,0.9,0.5,25,2,0.8508516895817326,3.043195557162826,0.0,0.0,447,0.7233458584397431,3.043195557162826,0.0,2-6
pos-052,2,40,10,T0.9_P0.9,0.9,0.9,25,5,1.8575373415967078,24.010880636436642,0.08195346704325175,0.0,447,0.522172774097814,24.010880636436642,0.0,2-6
pos-052,2,40,10,T0.9_P0.95,0.9,0.95,25,6,2.0139585218692497,23.759336519019598,0.07901305005347699,0.0,447,0.5034376826861876,23.759336519019598,0.0,2-6
pos-052,2,40,10,T0.9_P1,0.9,1.0,25,25,2.317732779070629,25.19385434533883,0.08074635785626588,0.0004153132085564896,447,0.4806546881596091,25.19385434533883,0.0,2-6
pos-052,2,40,10,T1_P0.5,1.0,0.5,25,2,0.8767136966215858,3.259236408579128,0.0,0.0,447,0.7037057810382611,3.259236408579128,0.0,2-6
pos-052,2,40,10,T1_P0.9,1.0,0.9,25,6,2.1094087180164505,26.375748224690327,0.08826852651735093,0.0,447,0.46733475554708637,26.375748224690327,0.0,2-6
pos-052,2,40,10,T1_P0.95,1.0,0.95,25,7,2.201419747876625,26.54877850476516,0.0866815846727628,0.0,447,0.45893274513330373,26.54877850476516,0.0,2-6
pos-052,2,40,10,T1_P1,1.0,1.0,25,25,2.508064372610208,28.417733816426704,0.09051527228561662,0.0008381640695907049,447,0.4374838085998343,28.417733816426704,0.0,2-6
pos-053,2,60,10,argmax,0.0,0.0,24,1,-0.0,97.0,0.0,0.0,-381,0.0,97.0,0.0,2-9
pos-053,2,60,10,T0.5_P0.5,0.5,0.5,24,1,-0.0,97.0,0.0,0.0,-381,0.0,97.0,0.0,2-9
pos-053,2,60,10,T0.5_P0.9,0.5,0.9,24,2,0.9472878028651206,61.530191424520545,0.0,0.0,-381,0.3656681296441181,61.530191424520545,0.0,2-9
pos-053,2,60,10,T0.5_P0.95,0.5,0.95,24,2,0.9472878028651206,61.530191424520545,0.0,0.0,-381,0.3656681296441181,61.530191424520545,0.0,2-9
pos-053,2,60,10,T0.5_P1,0.5,1.0,24,24,1.0707372133521427,63.70685455931077,0.014495142241546684,0.0101326302098497,-381,0.3603677180917263,63.70685455931077,0.0,2-9
pos-053,2,60,10,T0.9_P0.5,0.9,0.5,24,1,-0.0,97.0,0.0,0.0,-381,0.0,97.0,0.0,2-9
pos-053,2,60,10,T0.9_P0.9,0.9,0.9,24,3,1.2141762966000065,63.89777287315313,0.04806875108760239,0.04806875108760239,-381,0.4036998944730389,63.89777287315313,0.0,2-9
pos-053,2,60,10,T0.9_P0.95,0.9,0.95,24,5,1.4845202270656372,70.77161164995275,0.09446328558165475,0.06814067151670766,-381,0.38402466193836426,70.77161164995275,0.0,2-9
pos-053,2,60,10,T0.9_P1,0.9,1.0,24,24,1.7828511899302633,75.7365960706034,0.13031990049063796,0.07561915982332909,-381,0.3688184044786419,75.7365960706034,0.0,2-9
pos-053,2,60,10,T1_P0.5,1.0,0.5,24,2,0.9864486628881903,55.13710552726906,0.0,0.0,-381,0.43157623167763853,55.13710552726906,0.0,2-9
pos-053,2,60,10,T1_P0.9,1.0,0.9,24,4,1.429327173400829,69.44562733644331,0.09276419650969377,0.057676843165801024,-381,0.391541409313381,69.44562733644331,0.0,2-9
pos-053,2,60,10,T1_P0.95,1.0,0.95,24,6,1.6826863430848897,75.94578859022565,0.1357959508611044,0.08386321359896151,-381,0.3729699269279213,75.94578859022565,0.0,2-9
pos-053,2,60,10,T1_P1,1.0,1.0,24,24,1.9931396121365292,81.51529127655789,0.1716028794876036,0.09754898118029394,-381,0.35751650760334663,81.51529127655789,0.0,2-9
pos-054,0,24,10,argmax,0.0,0.0,47,1,-0.0,0.0,0.0,0.0,-215,1.0,0.0,0.0,0-6
pos-054,0,24,10,T0.5_P0.5,0.5,0.5,47,1,-0.0,0.0,0.0,0.0,-215,1.0,0.0,0.0,0-6
pos-054,0,24,10,T0.5_P0.9,0.5,0.9,47,1,-0.0,0.0,0.0,0.0,-215,1.0,0.0,0.0,0-6
pos-054,0,24,10,T0.5_P0.95,0.5,0.95,47,1,-0.0,0.0,0.0,0.0,-215,1.0,0.0,0.0,0-6
pos-054,0,24,10,T0.5_P1,0.5,1.0,47,47,0.22810313057629172,1.0652588038397859,0.0007872488028813654,0.0006709673180160866,-215,0.9645858671444205,1.0652588038397859,0.0,0-6
pos-054,0,24,10,T0.9_P0.5,0.9,0.5,47,1,-0.0,0.0,0.0,0.0,-215,1.0,0.0,0.0,0-6
pos-054,0,24,10,T0.9_P0.9,0.9,0.9,47,2,0.5737448621854786,2.992646047906393,0.0,0.0,-215,0.8639706341860731,2.992646047906393,0.0,0-6
pos-054,0,24,10,T0.9_P0.95,0.9,0.95,47,2,0.5737448621854786,2.992646047906393,0.0,0.0,-215,0.8639706341860731,2.992646047906393,0.0,0-6
pos-054,0,24,10,T0.9_P1,0.9,1.0,47,47,0.8816949598737827,15.620258965750704,0.03381408278144558,0.02709679699151152,-215,0.8330332624300496,15.620258965750704,0.0,0-6
pos-054,0,24,10,T1_P0.5,1.0,0.5,47,1,-0.0,0.0,0.0,0.0,-215,1.0,0.0,0.0,0-6
pos-054,0,24,10,T1_P0.9,1.0,0.9,47,2,0.6325180346127435,3.503552616790923,0.0,0.0,-215,0.8407476083276854,3.503552616790923,0.0,0-6
pos-054,0,24,10,T1_P0.95,1.0,0.95,47,3,0.7362784247687775,9.455544234909793,0.015164447112326894,0.015164447112326894,-215,0.8279981356863848,9.455544234909793,0.0,0-6
pos-054,0,24,10,T1_P1,1.0,1.0,47,47,1.0931532292544905,23.768712504764295,0.05410993771859396,0.043191253907760976,-215,0.7923388077798411,23.768712504764295,0.0,0-6
pos-055,0,40,10,argmax,0.0,0.0,1,1,-0.0,0.0,0.0,0.0,-9997,1.0,0.0,1.0,0-6
pos-055,0,40,10,T0.5_P0.5,0.5,0.5,1,1,-0.0,0.0,0.0,0.0,-9997,1.0,0.0,1.0,0-6
pos-055,0,40,10,T0.5_P0.9,0.5,0.9,1,1,-0.0,0.0,0.0,0.0,-9997,1.0,0.0,1.0,0-6
pos-055,0,40,10,T0.5_P0.95,0.5,0.95,1,1,-0.0,0.0,0.0,0.0,-9997,1.0,0.0,1.0,0-6
pos-055,0,40,10,T0.5_P1,0.5,1.0,1,1,-0.0,0.0,0.0,0.0,-9997,1.0,0.0,1.0,0-6
pos-055,0,40,10,T0.9_P0.5,0.9,0.5,1,1,-0.0,0.0,0.0,0.0,-9997,1.0,0.0,1.0,0-6
pos-055,0,40,10,T0.9_P0.9,0.9,0.9,1,1,-0.0,0.0,0.0,0.0,-9997,1.0,0.0,1.0,0-6
pos-055,0,40,10,T0.9_P0.95,0.9,0.95,1,1,-0.0,0.0,0.0,0.0,-9997,1.0,0.0,1.0,0-6
pos-055,0,40,10,T0.9_P1,0.9,1.0,1,1,-0.0,0.0,0.0,0.0,-9997,1.0,0.0,1.0,0-6
pos-055,0,40,10,T1_P0.5,1.0,0.5,1,1,-0.0,0.0,0.0,0.0,-9997,1.0,0.0,1.0,0-6
pos-055,0,40,10,T1_P0.9,1.0,0.9,1,1,-0.0,0.0,0.0,0.0,-9997,1.0,0.0,1.0,0-6
pos-055,0,40,10,T1_P0.95,1.0,0.95,1,1,-0.0,0.0,0.0,0.0,-9997,1.0,0.0,1.0,0-6
pos-055,0,40,10,T1_P1,1.0,1.0,1,1,-0.0,0.0,0.0,0.0,-9997,1.0,0.0,1.0,0-6
pos-056,0,60,10,argmax,0.0,0.0,37,1,-0.0,17.0,0.0,0.0,799,0.0,17.0,0.0,0-9
pos-056,0,60,10,T0.5_P0.5,0.5,0.5,37,1,-0.0,17.0,0.0,0.0,799,0.0,17.0,0.0,0-9
pos-056,0,60,10,T0.5_P0.9,0.5,0.9,37,1,-0.0,17.0,0.0,0.0,799,0.0,17.0,0.0,0-9
pos-056,0,60,10,T0.5_P0.95,0.5,0.95,37,1,-0.0,17.0,0.0,0.0,799,0.0,17.0,0.0,0-9
pos-056,0,60,10,T0.5_P1,0.5,1.0,37,37,0.05512243890482696,17.41013368096614,0.0012218386610972508,6.951363628389213e-07,799,0.0004377939839289684,17.41011912148809,0.0,0-9
pos-056,0,60,10,T0.9_P0.5,0.9,0.5,37,1,-0.0,17.0,0.0,0.0,799,0.0,17.0,0.0,0-9
pos-056,0,60,10,T0.9_P0.9,0.9,0.9,37,1,-0.0,17.0,0.0,0.0,799,0.0,17.0,0.0,0-9
pos-056,0,60,10,T0.9_P0.95,0.9,0.95,37,2,0.25758616087856673,20.0800730281014,0.0,0.0,799,0.0,20.0800730281014,0.0,0-9
pos-056,0,60,10,T0.9_P1,0.9,1.0,37,37,0.5274349122851565,22.978493343939107,0.024240697577892087,0.0006512944194001574,799,0.01258355410177446,22.92337121192975,0.0,0-9
pos-056,0,60,10,T1_P0.5,1.0,0.5,37,1,-0.0,17.0,0.0,0.0,799,0.0,17.0,0.0,0-9
pos-056,0,60,10,T1_P0.9,1.0,0.9,37,2,0.3202289292338703,21.13169036922632,0.0,0.0,799,0.0,21.13169036922632,0.0,0-9
pos-056,0,60,10,T1_P0.95,1.0,0.95,37,3,0.5139613157084599,24.862712929080153,0.031925015187105776,0.0,799,0.0,24.862712929080153,0.0,0-9
pos-056,0,60,10,T1_P1,1.0,1.0,37,37,0.6974852215857942,25.715704735259038,0.03587470665956812,0.0015915114998151791,799,0.018681879434111336,25.560984837317484,0.0,0-9
pos-057,1,24,10,argmax,0.0,0.0,36,1,-0.0,100.0,0.0,0.0,104,0.0,100.0,0.0,1-6
pos-057,1,24,10,T0.5_P0.5,0.5,0.5,36,1,-0.0,100.0,0.0,0.0,104,0.0,100.0,0.0,1-6
pos-057,1,24,10,T0.5_P0.9,0.5,0.9,36,4,1.4875288730803373,79.48320463951273,0.0,0.0,104,0.09219660310299484,79.48320463951273,0.0,1-6
pos-057,1,24,10,T0.5_P0.95,0.5,0.95,36,5,1.6315282430395948,78.53282122278151,0.0,0.0,104,0.08957970535944265,78.53282122278151,0.0,1-6
pos-057,1,24,10,T0.5_P1,0.5,1.0,36,36,1.7931030555978273,78.97427074852156,0.017341004440107104,6.597255716785178e-08,104,0.08749754039198071,78.97427074852156,0.0,1-6
pos-057,1,24,10,T0.9_P0.5,0.9,0.5,36,2,0.9081688939528018,92.23550731905227,0.0,0.0,104,0.0,92.23550731905227,0.0,1-6
pos-057,1,24,10,T0.9_P0.9,0.9,0.9,36,6,2.278018538890201,67.83245741141292,0.05355982009958033,0.0,104,0.13726081266842902,67.83245741141292,0.0,1-6
pos-057,1,24,10,T0.9_P0.95,0.9,0.95,36,9,2.493721016604838,66.83300724085814,0.05138522808458119,0.0,104,0.13168786140298222,66.83300724085814,0.0,1-6
pos-057,1,24,10,T0.9_P1,0.9,1.0,36,36,2.756733544121869,67.82098830634799,0.0651696317087901,9.029392393758566e-05,104,0.1263424944895157,67.82098830634799,0.0,1-6
pos-057,1,24,10,T1_P0.5,1.0,0.5,36,2,0.9246938228049311,91.84313069417013,0.0,0.0,104,0.0,91.84313069417013,0.0,1-6
pos-057,1,24,10,T1_P0.9,1.0,0.9,36,7,2.4368925348658275,66.15254043274888,0.059782466657462646,0.0,104,0.1394474384276757,66.15254043274888,0.0,1-6
pos-057,1,24,10,T1_P0.95,1.0,0.95,36,10,2.6587175026945236,66.24652921377091,0.07098652277935211,0.0,104,0.13334869782293501,66.24652921377091,0.0,1-6
pos-057,1,24,10,T1_P1,1.0,1.0,36,36,2.9305931250139774,66.72739428265015,0.07586556644721978,0.00021871148196315614,104,0.12756939631665004,66.72739428265015,0.0,1-6
pos-058,1,40,10,argmax,0.0,0.0,31,1,-0.0,2.0,0.0,0.0,163,0.0,2.0,0.0,1-6
pos-058,1,40,10,T0.5_P0.5,0.5,0.5,31,1,-0.0,2.0,0.0,0.0,163,0.0,2.0,0.0,1-6
pos-058,1,40,10,T0.5_P0.9,0.5,0.9,31,1,-0.0,2.0,0.0,0.0,163,0.0,2.0,0.0,1-6
pos-058,1,40,10,T0.5_P0.95,0.5,0.95,31,1,-0.0,2.0,0.0,0.0,163,0.0,2.0,0.0,1-6
pos-058,1,40,10,T0.5_P1,0.5,1.0,31,31,0.2021156877791093,4.96045618080377,0.012672152526416123,0.004108768487993995,163,0.009200655709712553,4.96045618080377,0.0,1-6
pos-058,1,40,10,T0.9_P0.5,0.9,0.5,31,1,-0.0,2.0,0.0,0.0,163,0.0,2.0,0.0,1-6
pos-058,1,40,10,T0.9_P0.9,0.9,0.9,31,3,0.6758691393616876,10.180847662154749,0.061567454476323426,0.0,163,0.06537934607445736,10.180847662154749,0.0,1-6
pos-058,1,40,10,T0.9_P0.95,0.9,0.95,31,5,1.0006228533302557,26.762006935001793,0.09554807205183888,0.037427346459425845,163,0.06171921618208598,26.762006935001793,0.0,1-6
pos-058,1,40,10,T0.9_P1,0.9,1.0,31,31,1.3083680256862165,36.017500212633905,0.12135308368156399,0.053169511457880216,163,0.05951072512727453,36.017500212633905,0.0,1-6
pos-058,1,40,10,T1_P0.5,1.0,0.5,31,1,-0.0,2.0,0.0,0.0,163,0.0,2.0,0.0,1-6
pos-058,1,40,10,T1_P0.9,1.0,0.9,31,4,1.035618322753354,32.88626500492763,0.12295762175257344,0.04945941341516393,163,0.07758132444882557,32.88626500492763,0.0,1-6
pos-058,1,40,10,T1_P0.95,1.0,0.95,31,6,1.2665487841193181,35.38954929246951,0.1313829197825259,0.04755798605901761,163,0.0745987728484899,35.38954929246951,0.0,1-6
pos-058,1,40,10,T1_P1,1.0,1.0,31,31,1.6334202800308724,48.13807543179496,0.15904677413854398,0.07262770995520056,163,0.07125955738797596,48.13807543179496,0.0,1-6
pos-059,1,60,10,argmax,0.0,0.0,6,1,-0.0,0.0,0.0,0.0,-461,1.0,0.0,0.0,1-9
pos-059,1,60,10,T0.5_P0.5,0.5,0.5,6,1,-0.0,0.0,0.0,0.0,-461,1.0,0.0,0.0,1-9
pos-059,1,60,10,T0.5_P0.9,0.5,0.9,6,1,-0.0,0.0,0.0,0.0,-461,1.0,0.0,0.0,1-9
pos-059,1,60,10,T0.5_P0.95,0.5,0.95,6,1,-0.0,0.0,0.0,0.0,-461,1.0,0.0,0.0,1-9
pos-059,1,60,10,T0.5_P1,0.5,1.0,6,6,0.14997103144051627,0.7723462004538056,0.00017286214265899462,0.0001438293972714836,-461,0.9787962244930751,0.7723462004538056,0.0,1-9
pos-059,1,60,10,T0.9_P0.5,0.9,0.5,6,1,-0.0,0.0,0.0,0.0,-461,1.0,0.0,0.0,1-9
pos-059,1,60,10,T0.9_P0.9,0.9,0.9,6,2,0.4871928060259456,3.7038726419421377,0.0,0.0,-461,0.8941750673730818,3.7038726419421377,0.0,1-9
pos-059,1,60,10,T0.9_P0.95,0.9,0.95,6,2,0.4871928060259456,3.7038726419421377,0.0,0.0,-461,0.8941750673730818,3.7038726419421377,0.0,1-9
pos-059,1,60,10,T0.9_P1,0.9,1.0,6,6,0.5943296501490988,5.723336530386867,0.009654590074215355,0.006558731285113259,-461,0.8834418385152932,5.723336530386867,0.0,1-9
pos-059,1,60,10,T1_P0.5,1.0,0.5,6,1,-0.0,0.0,0.0,0.0,-461,1.0,0.0,0.0,1-9
pos-059,1,60,10,T1_P0.9,1.0,0.9,6,2,0.5513268141010114,4.472408298103614,0.0,0.0,-461,0.8722169057684681,4.472408298103614,0.0,1-9
pos-059,1,60,10,T1_P0.95,1.0,0.95,6,2,0.5513268141010114,4.472408298103614,0.0,0.0,-461,0.8722169057684681,4.472408298103614,0.0,1-9
pos-059,1,60,10,T1_P1,1.0,1.0,6,6,0.7147671849639359,7.771073256247777,0.015872413422654445,0.010361796811923422,-461,0.8547859680607651,7.771073256247777,0.0,1-9
pos-060,2,24,10,argmax,0.0,0.0,29,1,-0.0,10.0,0.0,0.0,210,0.0,10.0,0.0,2-6
pos-060,2,24,10,T0.5_P0.5,0.5,0.5,29,2,0.965411542243535,46.358591539644046,0.3909525972004736,0.0,210,0.0,46.358591539644046,0.0,2-6
pos-060,2,24,10,T0.5_P0.9,0.5,0.9,29,6,2.3569037047376784,44.99147006930733,0.2313180373053566,0.0,210,0.0,44.99147006930733,0.0,2-6
pos-060,2,24,10,T0.5_P0.95,0.5,0.95,29,6,2.3569037047376784,44.99147006930733,0.2313180373053566,0.0,210,0.0,44.99147006930733,0.0,2-6
pos-060,2,24,10,T0.5_P1,0.5,1.0,29,29,2.573351992176385,43.810006236782456,0.2239877014992344,8.442509149617922e-06,210,0.03438876100795255,43.81000611206438,0.0,2-6
pos-060,2,24,10,T0.9_P0.5,0.9,0.5,29,3,1.5473118064275804,44.34917651867703,0.333099772778917,0.0,210,0.0,44.34917651867703,0.0,2-6
pos-060,2,24,10,T0.9_P0.9,0.9,0.9,29,7,2.7050674530462584,43.878864032638916,0.19351046308981545,0.0,210,0.06890969494895087,43.878864032638916,0.0,2-6
pos-060,2,24,10,T0.9_P0.95,0.9,0.95,29,8,2.8152013057187832,43.796314098975856,0.18796165088122754,0.0,210,0.06693374517074516,43.796314098975856,0.0,2-6
pos-060,2,24,10,T0.9_P1,0.9,1.0,29,29,2.999297891520745,46.77056341269513,0.20583187525250232,0.0010349186989298028,210,0.06466393637253438,46.770201901230585,0.0,2-6
pos-060,2,24,10,T1_P0.5,1.0,0.5,29,3,1.5542714784838192,44.5440950668539,0.3339089869203229,0.0,210,0.0,44.5440950668539,0.0,2-6
pos-060,2,24,10,T1_P0.9,1.0,0.9,29,7,2.7241539126453045,43.80423033523295,0.18893019903973793,0.0,210,0.07459670929084139,43.80423033523295,0.0,2-6
pos-060,2,24,10,T1_P0.95,1.0,0.95,29,8,2.844790678540802,43.709965683976705,0.18257928017958092,0.0,210,0.07208912897626601,43.709965683976705,0.0,2-6
pos-060,2,24,10,T1_P1,1.0,1.0,29,29,3.074246678810164,47.678901115026164,0.20638326653303088,0.0019360268712103339,210,0.0688914402263375,47.67793702279653,0.0,2-6
pos-061,2,40,10,argmax,0.0,0.0,20,1,-0.0,42.0,0.0,0.0,-621,0.0,42.0,0.0,2-7
pos-061,2,40,10,T0.5_P0.5,0.5,0.5,20,1,-0.0,42.0,0.0,0.0,-621,0.0,42.0,0.0,2-7
pos-061,2,40,10,T0.5_P0.9,0.5,0.9,20,3,1.1578467663563174,61.22530969604372,0.03630310200267897,0.03630310200267897,-621,0.0,61.22530969604372,0.0,2-7
pos-061,2,40,10,T0.5_P0.95,0.5,0.95,20,4,1.3290318891961865,66.73666918326168,0.06815014085431728,0.06815014085431728,-621,0.0,66.73666918326168,0.0,2-7
pos-061,2,40,10,T0.5_P1,0.5,1.0,20,20,1.6817225322006217,70.4070512673048,0.09619247221350782,0.08676019975396786,-621,0.002756321872141218,70.4070512673048,0.0,2-7
pos-061,2,40,10,T0.9_P0.5,0.9,0.5,20,2,0.989939662131045,53.4665431492452,0.0,0.0,-621,0.0,53.4665431492452,0.0,2-7
pos-061,2,40,10,T0.9_P0.9,0.9,0.9,20,8,2.3869690899058695,103.42379653242621,0.2740675218229264,0.23447623412387011,-621,0.0,103.42379653242621,0.0,2-7
pos-061,2,40,10,T0.9_P0.95,0.9,0.95,20,10,2.563840434154418,103.23933186603287,0.28143105275519437,0.24330346759357216,-621,0.01947442438735447,103.23933186603287,0.0,2-7
pos-061,2,40,10,T0.9_P1,0.9,1.0,20,20,2.858488156861978,107.00806615098173,0.30349669476288466,0.2621664276600831,-621,0.01851766613903738,107.00806615098173,0.0,2-7
pos-061,2,40,10,T1_P0.5,1.0,0.5,20,2,0.9918403000886297,53.61866793994588,0.0,0.0,-621,0.0,53.61866793994588,0.0,2-7
pos-061,2,40,10,T1_P0.9,1.0,0.9,20,9,2.597552798934404,106.5904715908321,0.2998242412055518,0.25479268976437575,-621,0.024599127687119093,106.5904715908321,0.0,2-7
pos-061,2,40,10,T1_P0.95,1.0,0.95,20,12,2.839620543942864,109.06637534520146,0.32071777848808714,0.27803841689720704,-621,0.023314210409788382,109.06637534520146,0.0,2-7
pos-061,2,40,10,T1_P1,1.0,1.0,20,20,3.055055127334165,113.64327645501602,0.34303566640213384,0.2945096598732416,-621,0.02247660025526914,113.64327645501602,0.0,2-7
pos-062,2,60,10,argmax,0.0,0.0,36,1,-0.0,22.0,0.0,0.0,650,0.0,22.0,0.0,2-10
pos-062,2,60,10,T0.5_P0.5,0.5,0.5,36,1,-0.0,22.0,0.0,0.0,650,0.0,22.0,0.0,2-10
pos-062,2,60,10,T0.5_P0.9,0.5,0.9,36,1,-0.0,22.0,0.0,0.0,650,0.0,22.0,0.0,2-10
pos-062,2,60,10,T0.5_P0.95,0.5,0.95,36,2,0.4630740694301282,19.840903367816015,0.0,0.0,650,0.09814075600836301,19.840903367816015,0.0,2-10
pos-062,2,60,10,T0.5_P1,0.5,1.0,36,36,0.4785765023412479,19.91407949719247,5.280070195970498e-06,4.2317294931535355e-06,650,0.09800959723136048,19.91407949719247,0.0,2-10
pos-062,2,60,10,T0.9_P0.5,0.9,0.5,36,1,-0.0,22.0,0.0,0.0,650,0.0,22.0,0.0,2-10
pos-062,2,60,10,T0.9_P0.9,0.9,0.9,36,2,0.7705950411264055,17.032679185562174,0.0,0.0,650,0.22578730974717393,17.032679185562174,0.0,2-10
pos-062,2,60,10,T0.9_P0.95,0.9,0.95,36,2,0.7705950411264055,17.032679185562174,0.0,0.0,650,0.22578730974717393,17.032679185562174,0.0,2-10
pos-062,2,60,10,T0.9_P1,0.9,1.0,36,36,1.0547234636829985,19.965614281356114,0.0022424810171349898,0.0017034615349927338,650,0.21781795202447787,19.965614281356114,0.0,2-10
pos-062,2,60,10,T1_P0.5,1.0,0.5,36,1,-0.0,22.0,0.0,0.0,650,0.0,22.0,0.0,2-10
pos-062,2,60,10,T1_P0.9,1.0,0.9,36,2,0.8081762642960877,16.542852272107677,0.0,0.0,650,0.24805216944965108,16.542852272107677,0.0,2-10
pos-062,2,60,10,T1_P0.95,1.0,0.95,36,3,0.9573601405668525,17.988625236503204,0.0,0.0,650,0.24181052442319828,17.988625236503204,0.0,2-10
pos-062,2,60,10,T1_P1,1.0,1.0,36,36,1.2309567039886518,21.721588725060826,0.004752612744699876,0.0035902891629296953,650,0.2343852174280658,21.721588725060826,0.0,2-10
pos-063,0,24,10,argmax,0.0,0.0,35,1,-0.0,53.0,0.0,0.0,-199,0.0,53.0,0.0,0-7
pos-063,0,24,10,T0.5_P0.5,0.5,0.5,35,1,-0.0,53.0,0.0,0.0,-199,0.0,53.0,0.0,0-7
pos-063,0,24,10,T0.5_P0.9,0.5,0.9,35,1,-0.0,53.0,0.0,0.0,-199,0.0,53.0,0.0,0-7
pos-063,0,24,10,T0.5_P0.95,0.5,0.95,35,1,-0.0,53.0,0.0,0.0,-199,0.0,53.0,0.0,0-7
pos-063,0,24,10,T0.5_P1,0.5,1.0,35,35,0.27907700459225826,53.375708969803114,0.005928116781606258,1.3253363219788422e-05,-199,0.014069077636674442,53.375708969803114,0.0,0-7
pos-063,0,24,10,T0.9_P0.5,0.9,0.5,35,1,-0.0,53.0,0.0,0.0,-199,0.0,53.0,0.0,0-7
pos-063,0,24,10,T0.9_P0.9,0.9,0.9,35,4,0.9739018494594042,51.82998639513034,0.0,0.0,-199,0.07789952427349621,51.82998639513034,0.0,0-7
pos-063,0,24,10,T0.9_P0.95,0.9,0.95,35,5,1.197692567169605,57.52116745382187,0.04583377977876235,0.0,-199,0.07432909463307442,57.52116745382187,0.0,0-7
pos-063,0,24,10,T0.9_P1,0.9,1.0,35,35,1.2600733284022219,58.38030529003132,0.05139258833460127,0.0031261480085216656,-199,0.07389606609104712,58.38030529003132,0.0,0-7
pos-063,0,24,10,T1_P0.5,1.0,0.5,35,1,-0.0,53.0,0.0,0.0,-199,0.0,53.0,0.0,0-7
pos-063,0,24,10,T1_P0.9,1.0,0.9,35,4,1.1221097169543581,51.73638210986728,0.0,0.0,-199,0.09349180522419727,51.73638210986728,0.0,0-7
pos-063,0,24,10,T1_P0.95,1.0,0.95,35,5,1.3737259499682184,58.826094214839806,0.057053804044566565,0.0,-199,0.08815774208916315,58.826094214839806,0.0,0-7
pos-063,0,24,10,T1_P1,1.0,1.0,35,35,1.481828363525379,60.473301823131486,0.06744575543738678,0.006185053346057188,-199,0.08718617979364626,60.473301823131486,0.0,0-7
pos-064,0,40,10,argmax,0.0,0.0,32,1,-0.0,1.0,0.0,0.0,-187,0.0,1.0,0.0,0-7
pos-064,0,40,10,T0.5_P0.5,0.5,0.5,32,2,0.9985129317986124,0.522698049794732,0.0,0.0,-187,0.477301950205268,0.522698049794732,0.0,0-7
pos-064,0,40,10,T0.5_P0.9,0.5,0.9,32,2,0.9985129317986124,0.522698049794732,0.0,0.0,-187,0.477301950205268,0.522698049794732,0.0,0-7
pos-064,0,40,10,T0.5_P0.95,0.5,0.95,32,4,1.2731338258471294,4.553568745561244,0.021598058799840877,0.0,-187,0.45472638118019043,4.553568745561244,0.0,0-7
pos-064,0,40,10,T0.5_P1,0.5,1.0,32,32,1.6061244600707019,14.574338080732318,0.04694599489950597,0.013404245350661042,-187,0.4327158800516034,11.364751210271145,0.0003642291046823846,0-7
pos-064,0,40,10,T0.9_P0.5,0.9,0.5,32,2,0.999540700977123,0.5126160222843155,0.0,0.0,-187,0.4873839777156844,0.5126160222843155,0.0,0-7
pos-064,0,40,10,T0.9_P0.9,0.9,0.9,32,7,2.225126387857996,34.11377017658586,0.15126360979372855,0.04685667585670773,-187,0.34939289264851947,34.11377017658586,0.0,0-7
pos-064,0,40,10,T0.9_P0.95,0.9,0.95,32,9,2.4300366787285275,37.471724879013706,0.1663608198694525,0.0448171331483182,-187,0.3341847774005744,37.471724879013706,0.0,0-7
pos-064,0,40,10,T0.9_P1,0.9,1.0,32,32,2.753776813370686,105.78789893562045,0.20400873360365132,0.07496896875680002,-187,0.31794269010159915,49.84731520803928,0.006348227840170355,0-7
pos-064,0,40,10,T1_P0.5,1.0,0.5,32,2,0.9996279452849051,0.511354877964186,0.0,0.0,-187,0.48864512203581406,0.511354877964186,0.0,0-7
pos-064,0,40,10,T1_P0.9,1.0,0.9,32,8,2.4414686508992833,39.25008320072065,0.1690395495456998,0.05284302045380447,-187,0.3223116217821759,39.25008320072065,0.0,0-7
pos-064,0,40,10,T1_P0.95,1.0,0.95,32,11,2.695158905985093,45.94271555468514,0.2140211177716527,0.06337037356136592,-187,0.30486424243062415,45.94271555468514,0.0,0-7
pos-064,0,40,10,T1_P1,1.0,1.0,32,32,2.9753100497082285,136.97487593097142,0.242215881450718,0.09379735287597524,-187,0.2922901005587657,59.98744585481653,0.008736657975051623,0-7
pos-065,0,60,10,argmax,0.0,0.0,6,1,-0.0,12.0,0.0,0.0,-583,0.0,12.0,0.0,0-11
pos-065,0,60,10,T0.5_P0.5,0.5,0.5,6,1,-0.0,12.0,0.0,0.0,-583,0.0,12.0,0.0,0-11
pos-065,0,60,10,T0.5_P0.9,0.5,0.9,6,2,0.7095404962388066,9.673308224155242,0.0,0.0,-583,0.1938909813203963,9.673308224155242,0.0,0-11
pos-065,0,60,10,T0.5_P0.95,0.5,0.95,6,2,0.7095404962388066,9.673308224155242,0.0,0.0,-583,0.1938909813203963,9.673308224155242,0.0,0-11
pos-065,0,60,10,T0.5_P1,0.5,1.0,6,6,0.7986368287960024,9.970813244003311,0.0010908668612201677,0.0,-583,0.19161695657549077,9.970813244003311,0.0,0-11
pos-065,0,60,10,T0.9_P0.5,0.9,0.5,6,1,-0.0,12.0,0.0,0.0,-583,0.0,12.0,0.0,0-11
pos-065,0,60,10,T0.9_P0.9,0.9,0.9,6,2,0.8952632936717155,8.25815877404741,0.0,0.0,-583,0.31182010216271594,8.25815877404741,0.0,0-11
pos-065,0,60,10,T0.9_P0.95,0.9,0.95,6,3,1.1654445432138871,8.890332264451924,0.0,0.0,-583,0.2934690207963075,8.890332264451924,0.0,0-11
pos-065,0,60,10,T0.9_P1,0.9,1.0,6,6,1.2847398791023155,11.955169622896625,0.016316098179223484,0.0,-583,0.28817138879868875,11.955169622896625,0.0,0-11
pos-065,0,60,10,T1_P0.5,1.0,0.5,6,1,-0.0,12.0,0.0,0.0,-583,0.0,12.0,0.0,0-11
pos-065,0,60,10,T1_P0.9,1.0,0.9,6,2,0.9139581340873315,8.051337920814055,0.0,0.0,-583,0.3290551732654954,8.051337920814055,0.0,0-11
pos-065,0,60,10,T1_P0.95,1.0,0.95,6,3,1.2212660330148313,8.83873240990948,0.0,0.0,-583,0.3053905256433765,8.83873240990948,0.0,0-11
pos-065,0,60,10,T1_P1,1.0,1.0,6,6,1.3791678300005816,13.10107432746878,0.022451116692618896,0.0,-583,0.297556226025159,13.10107432746878,0.0,0-11
pos-066,1,24,10,argmax,0.0,0.0,31,1,-0.0,64.0,0.0,0.0,-165,0.0,64.0,0.0,1-7
pos-066,1,24,10,T0.5_P0.5,0.5,0.5,31,2,0.9913966446642142,56.872809020865695,0.0,0.0,-165,0.0,56.872809020865695,0.0,1-7
pos-066,1,24,10,T0.5_P0.9,0.5,0.9,31,4,1.8724169274665508,38.54956594039119,0.0,0.0,-165,0.3221793225256733,38.54956594039119,0.0,1-7
pos-066,1,24,10,T0.5_P0.95,0.5,0.95,31,4,1.8724169274665508,38.54956594039119,0.0,0.0,-165,0.3221793225256733,38.54956594039119,0.0,1-7
pos-066,1,24,10,T0.5_P1,0.5,1.0,31,31,1.9215113995932092,38.83031053886687,0.0006370936325060998,9.853251302402788e-05,-165,0.32001916344465514,38.83031053886687,0.0,1-7
pos-066,1,24,10,T0.9_P0.5,0.9,0.5,31,2,0.9973336408696803,56.486231608184475,0.0,0.0,-165,0.0,56.486231608184475,0.0,1-7
pos-066,1,24,10,T0.9_P0.9,0.9,0.9,31,4,1.9549508861894376,34.18616183292677,0.0,0.0,-165,0.39478770561190313,34.18616183292677,0.0,1-7
pos-066,1,24,10,T0.9_P0.95,0.9,0.95,31,4,1.9549508861894376,34.18616183292677,0.0,0.0,-165,0.39478770561190313,34.18616183292677,0.0,1-7
pos-066,1,24,10,T0.9_P1,0.9,1.0,31,31,2.2019244769533057,38.70771149557315,0.014110070545517583,0.006016456396977347,-165,0.3769474926788047,38.70771149557315,0.0,1-7
pos-066,1,24,10,T1_P0.5,1.0,0.5,31,2,0.997839490150245,56.43771093412456,0.0,0.0,-165,0.0,56.43771093412456,0.0,1-7
pos-066,1,24,10,T1_P0.9,1.0,0.9,31,4,1.9629401043103436,33.60014522213615,0.0,0.0,-165,0.40465081474769515,33.60014522213615,0.0,1-7
pos-066,1,24,10,T1_P0.95,1.0,0.95,31,5,2.1226957937572153,35.03943839059441,0.0,0.0,-165,0.3890782635509952,35.03943839059441,0.0,1-7
pos-066,1,24,10,T1_P1,1.0,1.0,31,31,2.2769886778221853,40.649732683903544,0.021544783071386655,0.010326554556708856,-165,0.3806956567649972,40.649732683903544,0.0,1-7
pos-067,1,40,10,argmax,0.0,0.0,21,1,-0.0,44.0,0.0,0.0,-594,0.0,44.0,0.0,1-7
pos-067,1,40,10,T0.5_P0.5,0.5,0.5,21,1,-0.0,44.0,0.0,0.0,-594,0.0,44.0,0.0,1-7
pos-067,1,40,10,T0.5_P0.9,0.5,0.9,21,2,0.32536047231671494,43.04838737921236,0.0,0.0,-594,0.0,43.04838737921236,0.0,1-7
pos-067,1,40,10,T0.5_P0.95,0.5,0.95,21,3,0.6055896733973115,41.78342588544387,0.0,0.0,-594,0.0,41.78342588544387,0.0,1-7
pos-067,1,40,10,T0.5_P1,0.5,1.0,21,21,0.8717947333044772,41.470886182615416,1.980917346731191e-06,1.408843174404861e-07,-594,0.0020790044592769183,41.470886182615416,0.0,1-7
pos-067,1,40,10,T0.9_P0.5,0.9,0.5,21,1,-0.0,44.0,0.0,0.0,-594,0.0,44.0,0.0,1-7
pos-067,1,40,10,T0.9_P0.9,0.9,0.9,21,4,1.5308425074477623,37.01782664301558,0.0,0.0,-594,0.0,37.01782664301558,0.0,1-7
pos-067,1,40,10,T0.9_P0.95,0.9,0.95,21,7,1.864165016934809,37.919089771106826,0.0,0.0,-594,0.020912272150956864,37.919089771106826,0.0,1-7
pos-067,1,40,10,T0.9_P1,0.9,1.0,21,21,2.1345744958376645,38.681648349663234,0.0006681150932808229,9.70028477130734e-05,-594,0.02008591302090388,38.681648349663234,0.0,1-7
pos-067,1,40,10,T1_P0.5,1.0,0.5,21,1,-0.0,44.0,0.0,0.0,-594,0.0,44.0,0.0,1-7
pos-067,1,40,10,T1_P0.9,1.0,0.9,21,6,1.8911921712772577,36.850090256505126,0.0,0.0,-594,0.027592803039740585,36.850090256505126,0.0,1-7
pos-067,1,40,10,T1_P0.95,1.0,0.95,21,8,2.106347902667391,38.44254681073336,0.0,0.0,-594,0.026420155196089416,38.44254681073336,0.0,1-7
pos-067,1,40,10,T1_P1,1.0,1.0,21,21,2.366549696740793,38.61869446984291,0.001336042773161018,0.00020906465568864408,-594,0.02539668321488601,38.61869446984291,0.0,1-7
pos-068,1,60,10,argmax,0.0,0.0,22,1,-0.0,65.0,0.0,0.0,-498,0.0,65.0,0.0,1-11
pos-068,1,60,10,T0.5_P0.5,0.5,0.5,22,1,-0.0,65.0,0.0,0.0,-498,0.0,65.0,0.0,1-11
pos-068,1,60,10,T0.5_P0.9,0.5,0.9,22,3,1.1086122326195385,47.468878765197296,0.0,0.0,-498,0.260464945739443,47.468878765197296,0.0,1-11
pos-068,1,60,10,T0.5_P0.95,0.5,0.95,22,4,1.342447944757099,47.34316823791978,0.0,0.0,-498,0.24720257493056377,47.34316823791978,0.0,1-11
pos-068,1,60,10,T0.5_P1,0.5,1.0,22,22,1.4994235714111066,48.69503237265291,0.015462197214052637,0.001730031836385764,-498,0.2422889327652979,48.69503237265291,0.0,1-11
pos-068,1,60,10,T0.9_P0.5,0.9,0.5,22,2,0.9497910455399323,41.02424272106318,0.0,0.0,-498,0.3688578042913357,41.02424272106318,0.0,1-11
pos-068,1,60,10,T0.9_P0.9,0.9,0.9,22,5,1.9327015546343485,45.798751891679345,0.04402296898791295,0.0,-498,0.26954150642634034,45.798751891679345,0.0,1-11
pos-068,1,60,10,T0.9_P0.95,0.9,0.95,22,7,2.1709792489661695,47.761754928728266,0.06958730013104392,0.0,-498,0.2561451477126113,47.761754928728266,0.0,1-11
pos-068,1,60,10,T0.9_P1,0.9,1.0,22,22,2.472305520342792,55.42124336203637,0.09438515494807807,0.026871367510285994,-498,0.2441209996747709,55.42124336203637,0.0,1-11
pos-068,1,60,10,T1_P0.5,1.0,0.5,22,2,0.9590580774981345,40.205899154345246,0.0,0.0,-498,0.38144770531776534,40.205899154345246,0.0,1-11
pos-068,1,60,10,T1_P0.9,1.0,0.9,22,6,2.145228177130846,48.320482131638755,0.08567291730899046,0.0,-498,0.25876686498863316,48.320482131638755,0.0,1-11
pos-068,1,60,10,T1_P0.95,1.0,0.95,22,8,2.3601616564312575,48.65254902107421,0.08174435698816993,0.0,-498,0.24690102371616857,48.65254902107421,0.0,1-11
pos-068,1,60,10,T1_P1,1.0,1.0,22,22,2.65601802189555,58.86493480077736,0.11713443408209802,0.037141908835668536,-498,0.23529054688466092,58.86493480077736,0.0,1-11
pos-069,2,24,10,argmax,0.0,0.0,30,1,-0.0,0.0,0.0,0.0,72,1.0,0.0,0.0,2-7
pos-069,2,24,10,T0.5_P0.5,0.5,0.5,30,1,-0.0,0.0,0.0,0.0,72,1.0,0.0,0.0,2-7
pos-069,2,24,10,T0.5_P0.9,0.5,0.9,30,5,1.6305903121003995,182.088372245052,0.3656006478876028,0.3072664339686089,72,0.6343993521123972,182.088372245052,0.0,2-7
pos-069,2,24,10,T0.5_P0.95,0.5,0.95,30,6,1.8080803691214469,203.2802193228333,0.39106720961760905,0.3350746939598016,72,0.608932790382391,203.2802193228333,0.0,2-7
pos-069,2,24,10,T0.5_P1,0.5,1.0,30,30,2.052908583508584,213.40203408469102,0.41227326903937106,0.34567487820813664,72,0.5877267309606287,213.40203408469102,0.0,2-7
pos-069,2,24,10,T0.9_P0.5,0.9,0.5,30,3,1.4399525844037462,240.3748877209003,0.4499206134587438,0.4499206134587438,72,0.5500793865412562,240.3748877209003,0.0,2-7
pos-069,2,24,10,T0.9_P0.9,0.9,0.9,30,8,2.6364912351261105,321.7593185021833,0.6388849016500985,0.5057985505938222,72,0.3611150983499016,321.7593185021833,0.0,2-7
pos-069,2,24,10,T0.9_P0.95,0.9,0.95,30,11,2.8755139665966656,333.758765860029,0.6580135602895055,0.5175960214156448,72,0.34198643971049447,333.758765860029,0.0,2-7
pos-069,2,24,10,T0.9_P1,0.9,1.0,30,30,3.161410247958736,346.0042765628635,0.6747219726309247,0.5329628667887256,72,0.32527802736907535,346.0042765628635,0.0,2-7
pos-069,2,24,10,T1_P0.5,1.0,0.5,30,3,1.4674707900254707,251.59319462982492,0.4720404947011235,0.4720404947011235,72,0.5279595052988765,251.59319462982492,0.0,2-7
pos-069,2,24,10,T1_P0.9,1.0,0.9,30,9,2.8216534948870016,346.9424806205392,0.6783005106089754,0.539172957435311,72,0.32169948939102455,346.9424806205392,0.0,2-7
pos-069,2,24,10,T1_P0.95,1.0,0.95,30,13,3.094847672073706,357.5666301256964,0.6971763567998243,0.5487302260753817,72,0.3028236432001758,357.5666301256964,0.0,2-7
pos-069,2,24,10,T1_P1,1.0,1.0,30,30,3.326159480027385,364.259825843277,0.7093889150037108,0.5563416098697069,72,0.29061108499628907,364.259825843277,0.0,2-7
pos-070,2,40,10,argmax,0.0,0.0,1,1,-0.0,0.0,0.0,0.0,378,1.0,0.0,0.0,2-8
pos-070,2,40,10,T0.5_P0.5,0.5,0.5,1,1,-0.0,0.0,0.0,0.0,378,1.0,0.0,0.0,2-8
pos-070,2,40,10,T0.5_P0.9,0.5,0.9,1,1,-0.0,0.0,0.0,0.0,378,1.0,0.0,0.0,2-8
pos-070,2,40,10,T0.5_P0.95,0.5,0.95,1,1,-0.0,0.0,0.0,0.0,378,1.0,0.0,0.0,2-8
pos-070,2,40,10,T0.5_P1,0.5,1.0,1,1,-0.0,0.0,0.0,0.0,378,1.0,0.0,0.0,2-8
pos-070,2,40,10,T0.9_P0.5,0.9,0.5,1,1,-0.0,0.0,0.0,0.0,378,1.0,0.0,0.0,2-8
pos-070,2,40,10,T0.9_P0.9,0.9,0.9,1,1,-0.0,0.0,0.0,0.0,378,1.0,0.0,0.0,2-8
pos-070,2,40,10,T0.9_P0.95,0.9,0.95,1,1,-0.0,0.0,0.0,0.0,378,1.0,0.0,0.0,2-8
pos-070,2,40,10,T0.9_P1,0.9,1.0,1,1,-0.0,0.0,0.0,0.0,378,1.0,0.0,0.0,2-8
pos-070,2,40,10,T1_P0.5,1.0,0.5,1,1,-0.0,0.0,0.0,0.0,378,1.0,0.0,0.0,2-8
pos-070,2,40,10,T1_P0.9,1.0,0.9,1,1,-0.0,0.0,0.0,0.0,378,1.0,0.0,0.0,2-8
pos-070,2,40,10,T1_P0.95,1.0,0.95,1,1,-0.0,0.0,0.0,0.0,378,1.0,0.0,0.0,2-8
pos-070,2,40,10,T1_P1,1.0,1.0,1,1,-0.0,0.0,0.0,0.0,378,1.0,0.0,0.0,2-8
pos-071,2,60,10,argmax,0.0,0.0,40,1,-0.0,0.0,0.0,0.0,-372,1.0,0.0,0.0,2-11
pos-071,2,60,10,T0.5_P0.5,0.5,0.5,40,1,-0.0,0.0,0.0,0.0,-372,1.0,0.0,0.0,2-11
pos-071,2,60,10,T0.5_P0.9,0.5,0.9,40,2,0.4518627022305991,13.15888258262864,0.09466822001891108,0.0,-372,0.9053317799810889,13.15888258262864,0.0,2-11
pos-071,2,60,10,T0.5_P0.95,0.5,0.95,40,3,0.7848331642095394,24.49217639836675,0.15767682144574155,0.0,-372,0.8423231785542584,24.49217639836675,0.0,2-11
pos-071,2,60,10,T0.5_P1,0.5,1.0,40,40,0.9114590846342802,26.978924751312338,0.16900252221214065,0.007548378776365075,-372,0.8309974777878596,26.978924751312338,0.0,2-11
pos-071,2,60,10,T0.9_P0.5,0.9,0.5,40,1,-0.0,0.0,0.0,0.0,-372,1.0,0.0,0.0,2-11
pos-071,2,60,10,T0.9_P0.9,0.9,0.9,40,5,1.6118621177932395,63.537147128914576,0.39171590885217367,0.03767395551127242,-372,0.6082840911478263,63.537147128914576,0.0,2-11
pos-071,2,60,10,T0.9_P0.95,0.9,0.95,40,9,1.8998416275475458,71.49429889869712,0.42039214420338483,0.05321992707478627,-372,0.5796078557966151,71.49429889869712,0.0,2-11
pos-071,2,60,10,T0.9_P1,0.9,1.0,40,40,2.257972171927098,82.71248840110185,0.44675592494002764,0.09026503724166755,-372,0.5532440750599725,82.71248840110185,0.0,2-11
pos-071,2,60,10,T1_P0.5,1.0,0.5,40,2,0.8022041964302932,33.96503804136412,0.24435279166449003,0.0,-372,0.7556472083355099,33.96503804136412,0.0,2-11
pos-071,2,60,10,T1_P0.9,1.0,0.9,40,7,1.9310341080285114,72.79622000876579,0.4534671176916247,0.04470515270093568,-372,0.5465328823083753,72.79622000876579,0.0,2-11
pos-071,2,60,10,T1_P0.95,1.0,0.95,40,11,2.194278825663377,85.2790082039239,0.4775339106995387,0.08677194153597802,-372,0.5224660893004612,85.2790082039239,0.0,2-11
pos-071,2,60,10,T1_P1,1.0,1.0,40,40,2.5690655933767417,97.19681238998784,0.5035044899026375,0.12297917195147619,-372,0.4964955100973623,97.19681238998784,0.0,2-11
pos-072,0,24,10,argmax,0.0,0.0,38,1,-0.0,0.0,0.0,0.0,451,1.0,0.0,0.0,0-8
pos-072,0,24,10,T0.5_P0.5,0.5,0.5,38,1,-0.0,0.0,0.0,0.0,451,1.0,0.0,0.0,0-8
pos-072,0,24,10,T0.5_P0.9,0.5,0.9,38,1,-0.0,0.0,0.0,0.0,451,1.0,0.0,0.0,0-8
pos-072,0,24,10,T0.5_P0.95,0.5,0.95,38,2,0.347307473537933,2.2128840082669106,0.0,0.0,451,0.9349151762274438,2.2128840082669106,0.0,0-8
pos-072,0,24,10,T0.5_P1,0.5,1.0,38,38,0.4273186659843898,2.875323504327074,0.0011718500670945698,0.0002921621991475667,451,0.9271831956641925,2.8753204571869295,0.0,0-8
pos-072,0,24,10,T0.9_P0.5,0.9,0.5,38,1,-0.0,0.0,0.0,0.0,451,1.0,0.0,0.0,0-8
pos-072,0,24,10,T0.9_P0.9,0.9,0.9,38,3,0.8940283388817178,7.029130813861662,0.0,0.0,451,0.7845792708051218,7.029130813861662,0.0,0-8
pos-072,0,24,10,T0.9_P0.95,0.9,0.95,38,4,1.0739684983355098,9.441253414723647,0.0,0.0,451,0.7586442447819378,9.441253414723647,0.0,0-8
pos-072,0,24,10,T0.9_P1,0.9,1.0,38,38,1.3561317902187175,21.654434485736598,0.033279167560094615,0.01622821957635229,451,0.7314846917185569,21.65182000453742,0.0,0-8
pos-072,0,24,10,T1_P0.5,1.0,0.5,38,1,-0.0,0.0,0.0,0.0,451,1.0,0.0,0.0,0-8
pos-072,0,24,10,T1_P0.9,1.0,0.9,38,3,0.9817856609368805,8.006951021719363,0.0,0.0,451,0.753187078832943,8.006951021719363,0.0,0-8
pos-072,0,24,10,T1_P0.95,1.0,0.95,38,5,1.3196025396887965,13.812564932254908,0.021544025508256563,0.0,451,0.7052964480342258,13.812564932254908,0.0,0-8
pos-072,0,24,10,T1_P1,1.0,1.0,38,38,1.5971739967174112,30.233551438096377,0.05051676109360414,0.026345424946953487,451,0.6812731549443312,30.227651234806437,0.0,0-8
pos-073,0,40,10,argmax,0.0,0.0,30,1,-0.0,0.0,0.0,0.0,477,1.0,0.0,0.0,0-8
pos-073,0,40,10,T0.5_P0.5,0.5,0.5,30,1,-0.0,0.0,0.0,0.0,477,1.0,0.0,0.0,0-8
pos-073,0,40,10,T0.5_P0.9,0.5,0.9,30,1,-0.0,0.0,0.0,0.0,477,1.0,0.0,0.0,0-8
pos-073,0,40,10,T0.5_P0.95,0.5,0.95,30,2,0.39967719990500217,2.854487756188245,0.0,0.0,477,0.9207086734392155,2.854487756188245,0.0,0-8
pos-073,0,40,10,T0.5_P1,0.5,1.0,30,30,0.4214303440407373,2.941993734560076,0.0003128139478412805,5.998096280248062e-07,477,0.9190969180195754,2.941993734560076,0.0,0-8
pos-073,0,40,10,T0.9_P0.5,0.9,0.5,30,1,-0.0,0.0,0.0,0.0,477,1.0,0.0,0.0,0-8
pos-073,0,40,10,T0.9_P0.9,0.9,0.9,30,2,0.7296166669517381,7.33960888740605,0.0,0.0,477,0.7961219753498319,7.33960888740605,0.0,0-8
pos-073,0,40,10,T0.9_P0.95,0.9,0.95,30,3,0.8216788679352824,7.865755283333164,0.0,0.0,477,0.7855603874204663,7.865755283333164,0.0,0-8
pos-073,0,40,10,T0.9_P1,0.9,1.0,30,30,1.135753672829068,9.929203956200379,0.0109812235680135,0.00037711556382769067,477,0.7550537183730678,9.929203956200379,0.0,0-8
pos-073,0,40,10,T1_P0.5,1.0,0.5,30,1,-0.0,0.0,0.0,0.0,477,1.0,0.0,0.0,0-8
pos-073,0,40,10,T1_P0.9,1.0,0.9,30,2,0.7725343952719271,8.167715178512491,0.0,0.0,477,0.7731190228190974,8.167715178512491,0.0,0-8
pos-073,0,40,10,T1_P0.95,1.0,0.95,30,4,1.0104693978518249,9.302044338729694,0.0,0.0,477,0.7443313313085993,9.302044338729694,0.0,0-8
pos-073,0,40,10,T1_P1,1.0,1.0,30,30,1.3493095450844064,12.196001596752648,0.01723414734528795,0.0008353492369341096,477,0.7125291230041015,12.196001596752648,0.0,0-8
pos-074,0,60,10,argmax,0.0,0.0,31,1,-0.0,0.0,0.0,0.0,642,1.0,0.0,0.0,0-12
pos-074,0,60,10,T0.5_P0.5,0.5,0.5,31,1,-0.0,0.0,0.0,0.0,642,1.0,0.0,0.0,0-12
pos-074,0,60,10,T0.5_P0.9,0.5,0.9,31,2,0.759219129634065,38.628698150971154,0.21948123949415427,0.0,642,0.7805187605058457,38.628698150971154,0.0,0-12
pos-074,0,60,10,T0.5_P0.95,0.5,0.95,31,2,0.759219129634065,38.628698150971154,0.21948123949415427,0.0,642,0.7805187605058457,38.628698150971154,0.0,0-12
pos-074,0,60,10,T0.5_P1,0.5,1.0,31,31,0.7620763180721072,38.69644060997774,0.2196343887357912,0.00019618198403232494,642,0.7803656112642084,38.69630982510532,0.0,0-12
pos-074,0,60,10,T0.9_P0.5,0.9,0.5,31,1,-0.0,0.0,0.0,0.0,642,1.0,0.0,0.0,0-12
pos-074,0,60,10,T0.9_P0.9,0.9,0.9,31,2,0.9156831527385426,58.210674693898724,0.3307424698516973,0.0,642,0.6692575301483027,58.210674693898724,0.0,0-12
pos-074,0,60,10,T0.9_P0.95,0.9,0.95,31,2,0.9156831527385426,58.210674693898724,0.3307424698516973,0.0,642,0.6692575301483027,58.210674693898724,0.0,0-12
pos-074,0,60,10,T0.9_P1,0.9,1.0,31,31,1.035081303387639,62.65272556749411,0.33920383867209325,0.0125902793277887,642,0.6607961613279066,62.5664263875242,0.0,0-12
pos-074,0,60,10,T1_P0.5,1.0,0.5,31,1,-0.0,0.0,0.0,0.0,642,1.0,0.0,0.0,0-12
pos-074,0,60,10,T1_P0.9,1.0,0.9,31,2,0.9309269222341408,60.988531614632365,0.3465257478104112,0.0,642,0.6534742521895889,60.988531614632365,0.0,0-12
pos-074,0,60,10,T1_P0.95,1.0,0.95,31,2,0.9309269222341408,60.988531614632365,0.3465257478104112,0.0,642,0.6534742521895889,60.988531614632365,0.0,0-12
pos-074,0,60,10,T1_P1,1.0,1.0,31,31,1.1252041986775831,68.89062299186357,0.3608716898796991,0.021822508631539197,642,0.6391283101203009,68.69343110643227,0.0,0-12
pos-075,1,24,10,argmax,0.0,0.0,32,1,-0.0,90.0,0.0,0.0,-270,0.0,90.0,0.0,1-8
pos-075,1,24,10,T0.5_P0.5,0.5,0.5,32,1,-0.0,90.0,0.0,0.0,-270,0.0,90.0,0.0,1-8
pos-075,1,24,10,T0.5_P0.9,0.5,0.9,32,4,1.1865404046628727,92.85610143354577,0.0914180694611395,0.0,-270,0.0,92.85610143354577,0.0,1-8
pos-075,1,24,10,T0.5_P0.95,0.5,0.95,32,6,1.4902641701084056,92.03410187590663,0.10973514992872901,0.0,-270,0.0,92.03410187590663,0.0,1-8
pos-075,1,24,10,T0.5_P1,0.5,1.0,32,32,1.7585100966774956,93.16781081135001,0.13786760919348737,0.00074661246941203,-270,0.0029330088550299166,93.16781081135001,0.0,1-8
pos-075,1,24,10,T0.9_P0.5,0.9,0.5,32,2,0.8996700741508219,90.94717029064563,0.0,0.0,-270,0.0,90.94717029064563,0.0,1-8
pos-075,1,24,10,T0.9_P0.9,0.9,0.9,32,9,2.6266158004630262,98.23133094920806,0.339835763379886,0.0,-270,0.0,98.23133094920806,0.0,1-8
pos-075,1,24,10,T0.9_P0.95,0.9,0.95,32,13,2.9039063096095847,97.82889929202022,0.35868611447699794,0.0,-270,0.018610551592600205,97.82889929202022,0.0,1-8
pos-075,1,24,10,T0.9_P1,0.9,1.0,32,32,3.1752875581813904,100.08138361850614,0.3797114724069992,0.009386396384963854,-270,0.01781188811038913,100.08138361850614,0.0,1-8
pos-075,1,24,10,T1_P0.5,1.0,0.5,32,3,1.3849944715131408,95.26086406666377,0.14698512339017464,0.0,-270,0.0,95.26086406666377,0.0,1-8
pos-075,1,24,10,T1_P0.9,1.0,0.9,32,11,2.9072370113461328,97.26928071716951,0.37605576889748366,0.0,-270,0.023254279925532535,97.26928071716951,0.0,1-8
pos-075,1,24,10,T1_P0.95,1.0,0.95,32,14,3.0996214481060655,100.46967150422009,0.4017086547622629,0.011164917497485424,-270,0.02229820186749324,100.46967150422009,0.0,1-8
pos-075,1,24,10,T1_P1,1.0,1.0,32,32,3.3878563815585228,101.71482083622948,0.4220651647415748,0.012543637439265417,-270,0.021220456937781153,101.71482083622948,0.0,1-8
pos-076,1,40,10,argmax,0.0,0.0,44,1,-0.0,100.0,0.0,0.0,-256,0.0,100.0,0.0,1-8
pos-076,1,40,10,T0.5_P0.5,0.5,0.5,44,1,-0.0,100.0,0.0,0.0,-256,0.0,100.0,0.0,1-8
pos-076,1,40,10,T0.5_P0.9,0.5,0.9,44,1,-0.0,100.0,0.0,0.0,-256,0.0,100.0,0.0,1-8
pos-076,1,40,10,T0.5_P0.95,0.5,0.95,44,1,-0.0,100.0,0.0,0.0,-256,0.0,100.0,0.0,1-8
pos-076,1,40,10,T0.5_P1,0.5,1.0,44,44,0.22795539479014879,100.63549780405384,0.024353962089194284,0.0011743563588072171,-256,1.155605003518971e-06,100.63549780405384,0.0,1-8
pos-076,1,40,10,T0.9_P0.5,0.9,0.5,44,1,-0.0,100.0,0.0,0.0,-256,0.0,100.0,0.0,1-8
pos-076,1,40,10,T0.9_P0.9,0.9,0.9,44,4,0.815419287124048,102.68656409821484,0.12716276744475494,0.0,-256,0.0,102.68656409821484,0.0,1-8
pos-076,1,40,10,T0.9_P0.95,0.9,0.95,44,8,1.1714594085659615,103.90418244514417,0.13962101079368483,0.019137044379481744,-256,0.0,103.90418244514417,0.0,1-8
pos-076,1,40,10,T0.9_P1,0.9,1.0,44,44,1.5384176096147464,104.47966474860344,0.16196809040114887,0.01988937687456847,-256,0.00039209696200501697,104.47966474860344,0.0,1-8
pos-076,1,40,10,T1_P0.5,1.0,0.5,44,1,-0.0,100.0,0.0,0.0,-256,0.0,100.0,0.0,1-8
pos-076,1,40,10,T1_P0.9,1.0,0.9,44,6,1.2290823033213518,105.49377600246133,0.17468437571185194,0.026761187515964763,-256,0.0,105.49377600246133,0.0,1-8
pos-076,1,40,10,T1_P0.95,1.0,0.95,44,10,1.5532055120954593,104.31637888307526,0.1776593945958613,0.025422035930775456,-256,0.0,104.31637888307526,0.0,1-8
pos-076,1,40,10,T1_P1,1.0,1.0,44,44,1.9356605130550328,105.74387935178017,0.2034701665540795,0.02723664982289263,-256,0.0007616093742254575,105.74387935178017,0.0,1-8
pos-077,1,60,10,argmax,0.0,0.0,1,1,-0.0,0.0,0.0,0.0,-9999,1.0,0.0,1.0,1-12
pos-077,1,60,10,T0.5_P0.5,0.5,0.5,1,1,-0.0,0.0,0.0,0.0,-9999,1.0,0.0,1.0,1-12
pos-077,1,60,10,T0.5_P0.9,0.5,0.9,1,1,-0.0,0.0,0.0,0.0,-9999,1.0,0.0,1.0,1-12
pos-077,1,60,10,T0.5_P0.95,0.5,0.95,1,1,-0.0,0.0,0.0,0.0,-9999,1.0,0.0,1.0,1-12
pos-077,1,60,10,T0.5_P1,0.5,1.0,1,1,-0.0,0.0,0.0,0.0,-9999,1.0,0.0,1.0,1-12
pos-077,1,60,10,T0.9_P0.5,0.9,0.5,1,1,-0.0,0.0,0.0,0.0,-9999,1.0,0.0,1.0,1-12
pos-077,1,60,10,T0.9_P0.9,0.9,0.9,1,1,-0.0,0.0,0.0,0.0,-9999,1.0,0.0,1.0,1-12
pos-077,1,60,10,T0.9_P0.95,0.9,0.95,1,1,-0.0,0.0,0.0,0.0,-9999,1.0,0.0,1.0,1-12
pos-077,1,60,10,T0.9_P1,0.9,1.0,1,1,-0.0,0.0,0.0,0.0,-9999,1.0,0.0,1.0,1-12
pos-077,1,60,10,T1_P0.5,1.0,0.5,1,1,-0.0,0.0,0.0,0.0,-9999,1.0,0.0,1.0,1-12
pos-077,1,60,10,T1_P0.9,1.0,0.9,1,1,-0.0,0.0,0.0,0.0,-9999,1.0,0.0,1.0,1-12
pos-077,1,60,10,T1_P0.95,1.0,0.95,1,1,-0.0,0.0,0.0,0.0,-9999,1.0,0.0,1.0,1-12
pos-077,1,60,10,T1_P1,1.0,1.0,1,1,-0.0,0.0,0.0,0.0,-9999,1.0,0.0,1.0,1-12
pos-078,2,24,10,argmax,0.0,0.0,48,1,-0.0,100.0,0.0,0.0,407,0.0,100.0,0.0,2-8
pos-078,2,24,10,T0.5_P0.5,0.5,0.5,48,1,-0.0,100.0,0.0,0.0,407,0.0,100.0,0.0,2-8
pos-078,2,24,10,T0.5_P0.9,0.5,0.9,48,4,1.6700937813499117,84.34588233522967,0.10825351735675012,0.0,407,0.12628002867340138,84.34588233522967,0.0,2-8
pos-078,2,24,10,T0.5_P0.95,0.5,0.95,48,4,1.6700937813499117,84.34588233522967,0.10825351735675012,0.0,407,0.12628002867340138,84.34588233522967,0.0,2-8
pos-078,2,24,10,T0.5_P1,0.5,1.0,48,48,1.7249420366905819,84.68790643299269,0.11049030882454121,0.0015401986565127764,407,0.12552827217713886,84.68790643299269,0.0,2-8
pos-078,2,24,10,T0.9_P0.5,0.9,0.5,48,2,0.9500934311635825,91.87652991572403,0.0,0.0,407,0.0,91.87652991572403,0.0,2-8
pos-078,2,24,10,T0.9_P0.9,0.9,0.9,48,4,1.8985527157168036,79.08554561975586,0.1662006217732189,0.0,407,0.18104862489677498,79.08554561975586,0.0,2-8
pos-078,2,24,10,T0.9_P0.95,0.9,0.95,48,5,2.004354114369102,79.26946342060955,0.16277166790198866,0.0,407,0.17731333572278019,79.26946342060955,0.0,2-8
pos-078,2,24,10,T0.9_P1,0.9,1.0,48,48,2.304999422113959,85.02077074047762,0.19375447505213372,0.02430398239217211,407,0.16916590102914728,85.02077074047762,0.0,2-8
pos-078,2,24,10,T1_P0.5,1.0,0.5,48,2,0.9593063071169003,91.60030775642271,0.0,0.0,407,0.0,91.60030775642271,0.0,2-8
pos-078,2,24,10,T1_P0.9,1.0,0.9,48,4,1.9183171733482656,78.44063236872418,0.17422238148648853,0.0,407,0.18816995181129095,78.44063236872418,0.0,2-8
pos-078,2,24,10,T1_P0.95,1.0,0.95,48,6,2.1390897827999305,80.49835911466894,0.18502112522614514,0.0,407,0.17979797203843795,80.49835911466894,0.0,2-8
pos-078,2,24,10,T1_P1,1.0,1.0,48,48,2.4412172483521712,87.22079007083613,0.21266829305682794,0.03521117086276169,407,0.17141246113956587,87.22079007083613,0.0,2-8
pos-079,2,40,10,argmax,0.0,0.0,29,1,-0.0,43.0,0.0,0.0,-524,0.0,43.0,0.0,2-9
pos-079,2,40,10,T0.5_P0.5,0.5,0.5,29,1,-0.0,43.0,0.0,0.0,-524,0.0,43.0,0.0,2-9
pos-079,2,40,10,T0.5_P0.9,0.5,0.9,29,1,-0.0,43.0,0.0,0.0,-524,0.0,43.0,0.0,2-9
pos-079,2,40,10,T0.5_P0.95,0.5,0.95,29,1,-0.0,43.0,0.0,0.0,-524,0.0,43.0,0.0,2-9
pos-079,2,40,10,T0.5_P1,0.5,1.0,29,29,0.027759432490627064,43.122904541146106,0.0007428710593590488,8.978295628461626e-05,-524,0.00026493577710453854,43.122904541146106,0.0,2-9
pos-079,2,40,10,T0.9_P0.5,0.9,0.5,29,1,-0.0,43.0,0.0,0.0,-524,0.0,43.0,0.0,2-9
pos-079,2,40,10,T0.9_P0.9,0.9,0.9,29,1,-0.0,43.0,0.0,0.0,-524,0.0,43.0,0.0,2-9
pos-079,2,40,10,T0.9_P0.95,0.9,0.95,29,2,0.15388193766179878,43.37821303269978,0.0,0.0,-524,0.0,43.37821303269978,0.0,2-9
pos-079,2,40,10,T0.9_P1,0.9,1.0,29,29,0.559564021218694,47.112809226641275,0.026557000679468912,0.0052657916283691195,-524,0.009606057333087253,47.112809226641275,0.0,2-9
pos-079,2,40,10,T1_P0.5,1.0,0.5,29,1,-0.0,43.0,0.0,0.0,-524,0.0,43.0,0.0,2-9
pos-079,2,40,10,T1_P0.9,1.0,0.9,29,2,0.20505493088478682,43.54652561263975,0.0,0.0,-524,0.0,43.54652561263975,0.0,2-9
pos-079,2,40,10,T1_P0.95,1.0,0.95,29,4,0.46704966684140936,46.247860073242634,0.022800714168741885,0.0,-524,0.015172509236866302,46.247860073242634,0.0,2-9
pos-079,2,40,10,T1_P1,1.0,1.0,29,29,0.807169649238956,49.3977886739339,0.04170368483506619,0.008488460142486323,-524,0.014581502207881358,49.3977886739339,0.0,2-9
pos-080,2,60,10,argmax,0.0,0.0,8,1,-0.0,0.0,0.0,0.0,53,1.0,0.0,0.0,2-16
pos-080,2,60,10,T0.5_P0.5,0.5,0.5,8,1,-0.0,0.0,0.0,0.0,53,1.0,0.0,0.0,2-16
pos-080,2,60,10,T0.5_P0.9,0.5,0.9,8,2,0.3912031392981363,17.535890673916057,0.07691180120138622,0.07691180120138622,53,0.9230881987986138,17.535890673916057,0.0,2-16
pos-080,2,60,10,T0.5_P0.95,0.5,0.95,8,2,0.3912031392981363,17.535890673916057,0.07691180120138622,0.07691180120138622,53,0.9230881987986138,17.535890673916057,0.0,2-16
pos-080,2,60,10,T0.5_P1,0.5,1.0,8,8,0.6134352942599874,24.784992365505893,0.10407094307885136,0.10405192900375307,53,0.8959290569211487,24.784992365505893,0.0,2-16
pos-080,2,60,10,T0.9_P0.5,0.9,0.5,8,1,-0.0,0.0,0.0,0.0,53,1.0,0.0,0.0,2-16
pos-080,2,60,10,T0.9_P0.9,0.9,0.9,8,3,1.0734157342597843,63.604234512285366,0.2663880170414726,0.2663880170414726,53,0.7336119829585275,63.604234512285366,0.0,2-16
pos-080,2,60,10,T0.9_P0.95,0.9,0.95,8,4,1.2994722559318788,74.11767412155987,0.30154268496466224,0.30154268496466224,53,0.6984573150353379,74.11767412155987,0.0,2-16
pos-080,2,60,10,T0.9_P1,0.9,1.0,8,8,1.5562500290658001,82.03640611522161,0.3336062459978797,0.33191771291113914,53,0.6663937540021204,82.03640611522161,0.0,2-16
pos-080,2,60,10,T1_P0.5,1.0,0.5,8,1,-0.0,0.0,0.0,0.0,53,1.0,0.0,0.0,2-16
pos-080,2,60,10,T1_P0.9,1.0,0.9,8,4,1.4090735872796392,84.2017384069457,0.34097936325832795,0.34097936325832795,53,0.659020636741672,84.2017384069457,0.0,2-16
pos-080,2,60,10,T1_P0.95,1.0,0.95,8,5,1.6108518976132586,91.09916096885668,0.37072802506400376,0.37072802506400376,53,0.6292719749359963,91.09916096885668,0.0,2-16
pos-080,2,60,10,T1_P1,1.0,1.0,8,8,1.7227055555245343,94.0988065779816,0.38064527599333503,0.37779202323417765,53,0.619354724006665,94.0988065779816,0.0,2-16
pos-081,0,24,10,argmax,0.0,0.0,34,1,-0.0,0.0,0.0,0.0,-114,1.0,0.0,0.0,0-9
pos-081,0,24,10,T0.5_P0.5,0.5,0.5,34,1,-0.0,0.0,0.0,0.0,-114,1.0,0.0,0.0,0-9
pos-081,0,24,10,T0.5_P0.9,0.5,0.9,34,1,-0.0,0.0,0.0,0.0,-114,1.0,0.0,0.0,0-9
pos-081,0,24,10,T0.5_P0.95,0.5,0.95,34,1,-0.0,0.0,0.0,0.0,-114,1.0,0.0,0.0,0-9
pos-081,0,24,10,T0.5_P1,0.5,1.0,34,34,0.0016069987990134371,0.03580211508366603,0.00010230547582468607,0.00010230547582468607,-114,0.9998976945241752,0.03580211508366603,0.0,0-9
pos-081,0,24,10,T0.9_P0.5,0.9,0.5,34,1,-0.0,0.0,0.0,0.0,-114,1.0,0.0,0.0,0-9
pos-081,0,24,10,T0.9_P0.9,0.9,0.9,34,1,-0.0,0.0,0.0,0.0,-114,1.0,0.0,0.0,0-9
pos-081,0,24,10,T0.9_P0.95,0.9,0.95,34,1,-0.0,0.0,0.0,0.0,-114,1.0,0.0,0.0,0-9
pos-081,0,24,10,T0.9_P1,0.9,1.0,34,34,0.10669934780952456,3.8094370717448376,0.010245686953316024,0.010245686953316024,-114,0.9897543130466839,3.8094370717448376,0.0,0-9
pos-081,0,24,10,T1_P0.5,1.0,0.5,34,1,-0.0,0.0,0.0,0.0,-114,1.0,0.0,0.0,0-9
pos-081,0,24,10,T1_P0.9,1.0,0.9,34,1,-0.0,0.0,0.0,0.0,-114,1.0,0.0,0.0,0-9
pos-081,0,24,10,T1_P0.95,1.0,0.95,34,1,-0.0,0.0,0.0,0.0,-114,1.0,0.0,0.0,0-9
pos-081,0,24,10,T1_P1,1.0,1.0,34,34,0.18654167307783076,7.169200583142911,0.019079431708500922,0.019079431708500922,-114,0.980920568291499,7.169200583142911,0.0,0-9
pos-082,0,40,10,argmax,0.0,0.0,29,1,-0.0,0.0,0.0,0.0,-175,1.0,0.0,0.0,0-9
pos-082,0,40,10,T0.5_P0.5,0.5,0.5,29,1,-0.0,0.0,0.0,0.0,-175,1.0,0.0,0.0,0-9
pos-082,0,40,10,T0.5_P0.9,0.5,0.9,29,2,0.5747474301640154,5.047007136296054,0.0,0.0,-175,0.8635944017217282,5.047007136296054,0.0,0-9
pos-082,0,40,10,T0.5_P0.95,0.5,0.95,29,2,0.5747474301640154,5.047007136296054,0.0,0.0,-175,0.8635944017217282,5.047007136296054,0.0,0-9
pos-082,0,40,10,T0.5_P1,0.5,1.0,29,29,0.859369853905266,8.94657256220813,0.009734221175402248,3.3876467283822156e-05,-175,0.8243845222281463,8.94657256220813,0.0,0-9
pos-082,0,40,10,T0.9_P0.5,0.9,0.5,29,1,-0.0,0.0,0.0,0.0,-175,1.0,0.0,0.0,0-9
pos-082,0,40,10,T0.9_P0.9,0.9,0.9,29,3,1.2495211159205528,16.288786936099598,0.0,0.0,-175,0.652141306222078,16.288786936099598,0.0,0-9
pos-082,0,40,10,T0.9_P0.95,0.9,0.95,29,4,1.458288722423149,24.208650708270028,0.04507318362938077,0.0,-175,0.6227472213744261,24.208650708270028,0.0,0-9
pos-082,0,40,10,T0.9_P1,0.9,1.0,29,29,1.7277841743653997,29.775969158734753,0.08232569537399376,0.004859124713935462,-175,0.598453319705241,29.775969158734753,0.0,0-9
pos-082,0,40,10,T1_P0.5,1.0,0.5,29,1,-0.0,0.0,0.0,0.0,-175,1.0,0.0,0.0,0-9
pos-082,0,40,10,T1_P0.9,1.0,0.9,29,4,1.5425005262281817,27.484322810562784,0.05537473862693243,0.0,-175,0.5883908316997407,27.484322810562784,0.0,0-9
pos-082,0,40,10,T1_P0.95,1.0,0.95,29,5,1.6855411865335448,30.44004051919801,0.08234693925268902,0.0,-175,0.5715903117391661,30.44004051919801,0.0,0-9
pos-082,0,40,10,T1_P1,1.0,1.0,29,29,1.9094056526957057,35.72857483098755,0.10843438945319818,0.00896873627719869,-175,0.5553408876044656,35.72857483098755,0.0,0-9
pos-083,0,60,10,argmax,0.0,0.0,3,1,-0.0,0.0,0.0,0.0,542,1.0,0.0,0.0,0-13
pos-083,0,60,10,T0.5_P0.5,0.5,0.5,3,1,-0.0,0.0,0.0,0.0,542,1.0,0.0,0.0,0-13
pos-083,0,60,10,T0.5_P0.9,0.5,0.9,3,1,-0.0,0.0,0.0,0.0,542,1.0,0.0,0.0,0-13
pos-083,0,60,10,T0.5_P0.95,0.5,0.95,3,1,-0.0,0.0,0.0,0.0,542,1.0,0.0,0.0,0-13
pos-083,0,60,10,T0.5_P1,0.5,1.0,3,3,0.008896756896984345,0.05420571964825931,1.2513770478294303e-09,1.2513770478294303e-09,542,0.99924715724302,0.05420571964825931,0.0,0-13
pos-083,0,60,10,T0.9_P0.5,0.9,0.5,3,1,-0.0,0.0,0.0,0.0,542,1.0,0.0,0.0,0-13
pos-083,0,60,10,T0.9_P0.9,0.9,0.9,3,1,-0.0,0.0,0.0,0.0,542,1.0,0.0,0.0,0-13
pos-083,0,60,10,T0.9_P0.95,0.9,0.95,3,1,-0.0,0.0,0.0,0.0,542,1.0,0.0,0.0,0-13
pos-083,0,60,10,T0.9_P1,0.9,1.0,3,3,0.13069304639270815,1.3114940052893937,1.1126522101883597e-05,1.1126522101883597e-05,542,0.9819133786263803,1.3114940052893937,0.0,0-13
pos-083,0,60,10,T1_P0.5,1.0,0.5,3,1,-0.0,0.0,0.0,0.0,542,1.0,0.0,0.0,0-13
pos-083,0,60,10,T1_P0.9,1.0,0.9,3,1,-0.0,0.0,0.0,0.0,542,1.0,0.0,0.0,0-13
pos-083,0,60,10,T1_P0.95,1.0,0.95,3,1,-0.0,0.0,0.0,0.0,542,1.0,0.0,0.0,0-13
pos-083,0,60,10,T1_P1,1.0,1.0,3,3,0.17819446454793259,1.9545496396759898,3.444155090374716e-05,3.444155090374716e-05,542,0.9732514684816101,1.9545496396759898,0.0,0-13
pos-084,1,24,10,argmax,0.0,0.0,40,1,-0.0,61.0,0.0,0.0,-58,0.0,61.0,0.0,1-9
pos-084,1,24,10,T0.5_P0.5,0.5,0.5,40,1,-0.0,61.0,0.0,0.0,-58,0.0,61.0,0.0,1-9
pos-084,1,24,10,T0.5_P0.9,0.5,0.9,40,4,1.3707463552012098,52.17358306974696,0.0,0.0,-58,0.03873865233886679,52.17358306974696,0.0,1-9
pos-084,1,24,10,T0.5_P0.95,0.5,0.95,40,6,1.5961332459001492,53.519463250231865,0.0,0.0,-58,0.0371837636155423,53.519463250231865,0.0,1-9
pos-084,1,24,10,T0.5_P1,0.5,1.0,40,40,1.879071255554519,54.39507986970396,0.011556117131192522,0.00024633018977133635,-58,0.03567481426807,54.39507986970396,0.0,1-9
pos-084,1,24,10,T0.9_P0.5,0.9,0.5,40,2,0.9773756297444285,50.296248271908425,0.0,0.0,-58,0.0,50.296248271908425,0.0,1-9
pos-084,1,24,10,T0.9_P0.9,0.9,0.9,40,9,2.632845353001228,57.89755924734885,0.041035588877451075,0.0,-58,0.07796370930097196,57.89755924734885,0.0,1-9
pos-084,1,24,10,T0.9_P0.95,0.9,0.95,40,11,2.813747555462477,57.21400863894093,0.03933596534021465,0.0,-58,0.07473458650773228,57.21400863894093,0.0,1-9
pos-084,1,24,10,T0.9_P1,0.9,1.0,40,40,3.085383000549595,59.855531164157554,0.0492444170272296,0.00791833108008441,-58,0.07158454909152252,59.855531164157554,0.0,1-9
pos-084,1,24,10,T1_P0.5,1.0,0.5,40,2,0.9816193185948096,50.0707427329436,0.0,0.0,-58,0.0,50.0707427329436,0.0,1-9
pos-084,1,24,10,T1_P0.9,1.0,0.9,40,10,2.8383185328173397,57.4263325837993,0.04559172339213771,0.0,-58,0.08123527408864141,57.4263325837993,0.0,1-9
pos-084,1,24,10,T1_P0.95,1.0,0.95,40,12,2.9980361630638237,58.02894653017016,0.04389404685742678,0.0,-58,0.07821035622306935,58.02894653017016,0.0,1-9
pos-084,1,24,10,T1_P1,1.0,1.0,40,40,3.2829874662989234,61.970474210882614,0.05979649900450971,0.012135782926395257,-58,0.07471549746263634,61.970474210882614,0.0,1-9
pos-085,1,40,10,argmax,0.0,0.0,16,1,-0.0,0.0,0.0,0.0,-184,1.0,0.0,0.0,1-9
pos-085,1,40,10,T0.5_P0.5,0.5,0.5,16,1,-0.0,0.0,0.0,0.0,-184,1.0,0.0,0.0,1-9
pos-085,1,40,10,T0.5_P0.9,0.5,0.9,16,1,-0.0,0.0,0.0,0.0,-184,1.0,0.0,0.0,1-9
pos-085,1,40,10,T0.5_P0.95,0.5,0.95,16,1,-0.0,0.0,0.0,0.0,-184,1.0,0.0,0.0,1-9
pos-085,1,40,10,T0.5_P1,0.5,1.0,16,16,0.0001487344777413853,0.0024479624451215452,7.4919075547264505e-06,7.4919075547264505e-06,-184,0.9999925080924452,0.0024479624451215452,0.0,1-9
pos-085,1,40,10,T0.9_P0.5,0.9,0.5,16,1,-0.0,0.0,0.0,0.0,-184,1.0,0.0,0.0,1-9
pos-085,1,40,10,T0.9_P0.9,0.9,0.9,16,1,-0.0,0.0,0.0,0.0,-184,1.0,0.0,0.0,1-9
pos-085,1,40,10,T0.9_P0.95,0.9,0.95,16,1,-0.0,0.0,0.0,0.0,-184,1.0,0.0,0.0,1-9
pos-085,1,40,10,T0.9_P1,0.9,1.0,16,16,0.02962026673036586,0.7902753912173421,0.002423198211028941,0.002423198211028941,-184,0.997576801788971,0.7902753912173421,0.0,1-9
pos-085,1,40,10,T1_P0.5,1.0,0.5,16,1,-0.0,0.0,0.0,0.0,-184,1.0,0.0,0.0,1-9
pos-085,1,40,10,T1_P0.9,1.0,0.9,16,1,-0.0,0.0,0.0,0.0,-184,1.0,0.0,0.0,1-9
pos-085,1,40,10,T1_P0.95,1.0,0.95,16,1,-0.0,0.0,0.0,0.0,-184,1.0,0.0,0.0,1-9
pos-085,1,40,10,T1_P1,1.0,1.0,16,16,0.058028725940713,1.67828828542558,0.005131645115064756,0.005131645115064756,-184,0.9948683548849352,1.67828828542558,0.0,1-9
pos-086,1,60,10,argmax,0.0,0.0,36,1,-0.0,0.0,0.0,0.0,267,1.0,0.0,0.0,1-14
pos-086,1,60,10,T0.5_P0.5,0.5,0.5,36,2,0.9999823148494789,58.707865241434796,0.4975242817070745,0.0,267,0.5024757182929254,58.707865241434796,0.0,1-14
pos-086,1,60,10,T0.5_P0.9,0.5,0.9,36,5,1.8966054112924937,81.24958117964093,0.6637505988447724,0.0,267,0.33624940115522756,81.24958117964093,0.0,1-14
pos-086,1,60,10,T0.5_P0.95,0.5,0.95,36,8,2.1730259367128637,83.06674015094208,0.6811572431204092,0.0,267,0.3188427568795907,83.06674015094208,0.0,1-14
pos-086,1,60,10,T0.5_P1,0.5,1.0,36,36,2.4768074327592986,85.58584253672475,0.6954740658172882,0.002536420866841676,267,0.30452593418271173,85.58584253672475,0.0,1-14
pos-086,1,60,10,T0.9_P0.5,0.9,0.5,36,3,1.5821084253062254,80.46614845171872,0.6510082492032241,0.0,267,0.34899175079677597,80.46614845171872,0.0,1-14
pos-086,1,60,10,T0.9_P0.9,0.9,0.9,36,12,3.0885315835878537,95.31409876513237,0.7795457017054132,0.0,267,0.22045429829458685,95.31409876513237,0.0,1-14
pos-086,1,60,10,T0.9_P0.95,0.9,0.95,36,15,3.3063771515472613,99.11668229381615,0.7911773580287865,0.01419694113123986,267,0.20882264197121378,99.11668229381615,0.0,1-14
pos-086,1,60,10,T0.9_P1,0.9,1.0,36,36,3.5274345547640436,101.13183013418606,0.7990596073209104,0.01691135674953748,267,0.2009403926790894,101.13183013418606,0.0,1-14
pos-086,1,60,10,T1_P0.5,1.0,0.5,36,3,1.5826429141305627,80.68193749015902,0.6525446726238169,0.0,267,0.3474553273761831,80.68193749015902,0.0,1-14
pos-086,1,60,10,T1_P0.9,1.0,0.9,36,13,3.265794838980882,97.45291057233462,0.7987751536901389,0.0,267,0.20122484630986118,97.45291057233462,0.0,1-14
pos-086,1,60,10,T1_P0.95,1.0,0.95,36,16,3.4645725853903837,101.56285430293997,0.8087301759384866,0.01701460746990811,267,0.19126982406151338,101.56285430293997,0.0,1-14
pos-086,1,60,10,T1_P1,1.0,1.0,36,36,3.687878229800851,104.34697466127339,0.8163101346719249,0.021231520134628094,267,0.18368986532807485,104.34697466127339,0.0,1-14
pos-087,2,24,10,argmax,0.0,0.0,41,1,-0.0,0.0,0.0,0.0,340,1.0,0.0,0.0,2-9
pos-087,2,24,10,T0.5_P0.5,0.5,0.5,41,1,-0.0,0.0,0.0,0.0,340,1.0,0.0,0.0,2-9
pos-087,2,24,10,T0.5_P0.9,0.5,0.9,41,1,-0.0,0.0,0.0,0.0,340,1.0,0.0,0.0,2-9
pos-087,2,24,10,T0.5_P0.95,0.5,0.95,41,1,-0.0,0.0,0.0,0.0,340,1.0,0.0,0.0,2-9
pos-087,2,24,10,T0.5_P1,0.5,1.0,41,41,0.003731566453822809,0.11758598537368209,0.00023270230287803767,0.0002163930326832176,340,0.9997672976971218,0.11758598537368209,0.0,2-9
pos-087,2,24,10,T0.9_P0.5,0.9,0.5,41,1,-0.0,0.0,0.0,0.0,340,1.0,0.0,0.0,2-9
pos-087,2,24,10,T0.9_P0.9,0.9,0.9,41,1,-0.0,0.0,0.0,0.0,340,1.0,0.0,0.0,2-9
pos-087,2,24,10,T0.9_P0.95,0.9,0.95,41,1,-0.0,0.0,0.0,0.0,340,1.0,0.0,0.0,2-9
pos-087,2,24,10,T0.9_P1,0.9,1.0,41,41,0.22947251526138962,10.08654551163281,0.022791901618026574,0.020370288318761396,340,0.9772080983819733,10.08654551163281,0.0,2-9
pos-087,2,24,10,T1_P0.5,1.0,0.5,41,1,-0.0,0.0,0.0,0.0,340,1.0,0.0,0.0,2-9
pos-087,2,24,10,T1_P0.9,1.0,0.9,41,1,-0.0,0.0,0.0,0.0,340,1.0,0.0,0.0,2-9
pos-087,2,24,10,T1_P0.95,1.0,0.95,41,1,-0.0,0.0,0.0,0.0,340,1.0,0.0,0.0,2-9
pos-087,2,24,10,T1_P1,1.0,1.0,41,41,0.3811135889096147,17.89940991804645,0.04080819063087962,0.03629429969063285,340,0.9591918093691201,17.89940991804645,0.0,2-9
pos-088,2,40,10,argmax,0.0,0.0,39,1,-0.0,0.0,0.0,0.0,795,1.0,0.0,0.0,2-10
pos-088,2,40,10,T0.5_P0.5,0.5,0.5,39,1,-0.0,0.0,0.0,0.0,795,1.0,0.0,0.0,2-10
pos-088,2,40,10,T0.5_P0.9,0.5,0.9,39,2,0.4755973854748745,7.4528363415812615,0.0,0.0,795,0.8979063514851883,7.4528363415812615,0.0,2-10
pos-088,2,40,10,T0.5_P0.95,0.5,0.95,39,3,0.7311336395584437,10.030441154305317,0.0,0.0,795,0.8546837496733023,10.030441154305317,0.0,2-10
pos-088,2,40,10,T0.5_P1,0.5,1.0,39,39,0.9244013656610478,11.160232258029684,0.0019769627835032316,0.0013947273108560491,795,0.835508253220484,11.160232258029684,0.0,2-10
pos-088,2,40,10,T0.9_P0.5,0.9,0.5,39,1,-0.0,0.0,0.0,0.0,795,1.0,0.0,0.0,2-10
pos-088,2,40,10,T0.9_P0.9,0.9,0.9,39,6,1.75086420257656,28.07014127461612,0.01706195473756114,0.01706195473756114,795,0.595992988618784,28.07014127461612,0.0,2-10
pos-088,2,40,10,T0.9_P0.95,0.9,0.95,39,10,2.0436820033025054,29.188371979316145,0.016228897854006285,0.016228897854006285,795,0.5668933884055508,29.188371979316145,0.0,2-10
pos-088,2,40,10,T0.9_P1,0.9,1.0,39,39,2.3993307525255285,31.564121048276963,0.028093179013135374,0.015817777570561502,795,0.53963117439607,31.564121048276963,0.0,2-10
pos-088,2,40,10,T1_P0.5,1.0,0.5,39,2,0.8146948527719164,18.408197791631647,0.0,0.0,795,0.7478329069639501,18.408197791631647,0.0,2-10
pos-088,2,40,10,T1_P0.9,1.0,0.9,39,8,2.0775693085625306,31.80387585049478,0.021748006195895436,0.021748006195895436,795,0.5324889215272552,31.80387585049478,0.0,2-10
pos-088,2,40,10,T1_P0.95,1.0,0.95,39,12,2.368942666976886,33.88361796960689,0.032556457821386255,0.020612999556244935,795,0.5046988585656291,33.88361796960689,0.0,2-10
pos-088,2,40,10,T1_P1,1.0,1.0,39,39,2.7103797899595814,35.886273231870945,0.037383589801018774,0.02038388904802928,795,0.48072010945148386,35.886273231870945,0.0,2-10
pos-089,2,60,10,argmax,0.0,0.0,20,1,-0.0,0.0,0.0,0.0,-461,1.0,0.0,0.0,2-17
pos-089,2,60,10,T0.5_P0.5,0.5,0.5,20,1,-0.0,0.0,0.0,0.0,-461,1.0,0.0,0.0,2-17
pos-089,2,60,10,T0.5_P0.9,0.5,0.9,20,2,0.8235065118881586,0.0,0.0,0.0,-461,1.0,0.0,0.0,2-17
pos-089,2,60,10,T0.5_P0.95,0.5,0.95,20,2,0.8235065118881586,0.0,0.0,0.0,-461,1.0,0.0,0.0,2-17
pos-089,2,60,10,T0.5_P1,0.5,1.0,20,20,0.9438751783324522,0.5019060722599524,0.000110590277169827,3.437685663983832e-05,-461,0.9836178333925036,0.5019060722599524,0.0,2-17
pos-089,2,60,10,T0.9_P0.5,0.9,0.5,20,1,-0.0,0.0,0.0,0.0,-461,1.0,0.0,0.0,2-17
pos-089,2,60,10,T0.9_P0.9,0.9,0.9,20,3,1.232082578316053,1.9437713560566037,0.0,0.0,-461,0.9329734015152895,1.9437713560566037,0.0,2-17
pos-089,2,60,10,T0.9_P0.95,0.9,0.95,20,3,1.232082578316053,1.9437713560566037,0.0,0.0,-461,0.9329734015152895,1.9437713560566037,0.0,2-17
pos-089,2,60,10,T0.9_P1,0.9,1.0,20,20,1.582714399068948,4.70284391485733,0.007810839863643077,0.002733549270436402,-461,0.8889838158766601,4.70284391485733,0.0,2-17
pos-089,2,60,10,T1_P0.5,1.0,0.5,20,1,-0.0,0.0,0.0,0.0,-461,1.0,0.0,0.0,2-17
pos-089,2,60,10,T1_P0.9,1.0,0.9,20,3,1.2786897082094208,2.334572409243762,0.0,0.0,-461,0.9194975031295256,2.334572409243762,0.0,2-17
pos-089,2,60,10,T1_P0.95,1.0,0.95,20,4,1.4057973399126515,2.4628921436961786,0.0,0.0,-461,0.8986712418207139,2.4628921436961786,0.0,2-17
pos-089,2,60,10,T1_P1,1.0,1.0,20,20,1.7669248469579342,6.6536674161745974,0.013056953918116973,0.004660556879730698,-461,0.8552291137236915,6.6536674161745974,0.0,2-17
pos-090,0,24,10,argmax,0.0,0.0,35,1,-0.0,135.0,1.0,0.0,-29,0.0,135.0,0.0,0-10
pos-090,0,24,10,T0.5_P0.5,0.5,0.5,35,1,-0.0,135.0,1.0,0.0,-29,0.0,135.0,0.0,0-10
pos-090,0,24,10,T0.5_P0.9,0.5,0.9,35,1,-0.0,135.0,1.0,0.0,-29,0.0,135.0,0.0,0-10
pos-090,0,24,10,T0.5_P0.95,0.5,0.95,35,1,-0.0,135.0,1.0,0.0,-29,0.0,135.0,0.0,0-10
pos-090,0,24,10,T0.5_P1,0.5,1.0,35,35,0.2981410649583507,131.37660930358675,0.9686668100361961,0.002625317386899425,-29,0.0030439132813562604,131.37660930358675,0.0,0-10
pos-090,0,24,10,T0.9_P0.5,0.9,0.5,35,1,-0.0,135.0,1.0,0.0,-29,0.0,135.0,0.0,0-10
pos-090,0,24,10,T0.9_P0.9,0.9,0.9,35,4,0.9165943947623895,114.9691850412077,0.8539404086332258,0.0,-29,0.033533976677245135,114.9691850412077,0.0,0-10
pos-090,0,24,10,T0.9_P0.95,0.9,0.95,35,6,1.191978232289874,118.24247983309901,0.8408570131931796,0.02679863457471421,-29,0.03196782164952283,118.24247983309901,0.0,0-10
pos-090,0,24,10,T0.9_P1,0.9,1.0,35,35,1.565061406702632,122.87134048765971,0.843282631297833,0.03736727498533471,-29,0.030381871324412276,122.87134048765971,0.0,0-10
pos-090,0,24,10,T1_P0.5,1.0,0.5,35,1,-0.0,135.0,1.0,0.0,-29,0.0,135.0,0.0,0-10
pos-090,0,24,10,T1_P0.9,1.0,0.9,35,5,1.2435264204825458,116.71286760792276,0.8316176327316099,0.03616109749297855,-29,0.042382048298644094,116.71286760792276,0.0,0-10
pos-090,0,24,10,T1_P0.95,1.0,0.95,35,7,1.5241557628301114,115.03591043374178,0.8140667562672664,0.03429472108581005,-29,0.04019459104441046,115.03591043374178,0.0,0-10
pos-090,0,24,10,T1_P1,1.0,1.0,35,35,1.9002688573174782,122.43479592666807,0.8143225646045735,0.0499937977857106,-29,0.03820728180448566,122.43479592666807,0.0,0-10
pos-091,0,40,10,argmax,0.0,0.0,36,1,-0.0,0.0,0.0,0.0,-177,1.0,0.0,0.0,0-10
pos-091,0,40,10,T0.5_P0.5,0.5,0.5,36,1,-0.0,0.0,0.0,0.0,-177,1.0,0.0,0.0,0-10
pos-091,0,40,10,T0.5_P0.9,0.5,0.9,36,1,-0.0,0.0,0.0,0.0,-177,1.0,0.0,0.0,0-10
pos-091,0,40,10,T0.5_P0.95,0.5,0.95,36,2,0.21030451255875882,8.338894663539351,0.03322268790254722,0.03322268790254722,-177,0.9667773120974528,8.338894663539351,0.0,0-10
pos-091,0,40,10,T0.5_P1,0.5,1.0,36,36,0.37061629002897506,8.715381736976735,0.033530104956673135,0.03352988781168816,-177,0.9451190798575294,8.715381736976735,0.0,0-10
pos-091,0,40,10,T0.9_P0.5,0.9,0.5,36,1,-0.0,0.0,0.0,0.0,-177,1.0,0.0,0.0,0-10
pos-091,0,40,10,T0.9_P0.9,0.9,0.9,36,3,0.9639288957810657,31.322863106598977,0.12065289634773159,0.12065289634773159,-177,0.7848938197142366,31.322863106598977,0.0,0-10
pos-091,0,40,10,T0.9_P0.95,0.9,0.95,36,3,0.9639288957810657,31.322863106598977,0.12065289634773159,0.12065289634773159,-177,0.7848938197142366,31.322863106598977,0.0,0-10
pos-091,0,40,10,T0.9_P1,0.9,1.0,36,36,1.2475417749481954,38.3048095497071,0.1407936618728526,0.14062816405408707,-177,0.7549788790778527,38.3048095497071,0.0,0-10
pos-091,0,40,10,T1_P0.5,1.0,0.5,36,1,-0.0,0.0,0.0,0.0,-177,1.0,0.0,0.0,0-10
pos-091,0,40,10,T1_P0.9,1.0,0.9,36,3,1.0602050616670642,36.10339042623808,0.13895283554790006,0.13895283554790006,-177,0.7495718277507215,36.10339042623808,0.0,0-10
pos-091,0,40,10,T1_P0.95,1.0,0.95,36,4,1.1899390202119937,41.387888446358716,0.15799957733254094,0.15799957733254094,-177,0.7329909694172597,41.387888446358716,0.0,0-10
pos-091,0,40,10,T1_P1,1.0,1.0,36,36,1.452949729802626,46.26928210145506,0.16788699220173234,0.16751697116319358,-177,0.7070877834560012,46.26928210145506,0.0,0-10
pos-092,0,60,10,argmax,0.0,0.0,42,1,-0.0,50.0,0.0,0.0,27,0.0,50.0,0.0,0-14
pos-092,0,60,10,T0.5_P0.5,0.5,0.5,42,1,-0.0,50.0,0.0,0.0,27,0.0,50.0,0.0,0-14
pos-092,0,60,10,T0.5_P0.9,0.5,0.9,42,6,1.7890472936065713,58.50577560092454,0.05808423949037638,0.0,27,0.0,58.50577560092454,0.0,0-14
pos-092,0,60,10,T0.5_P0.95,0.5,0.95,42,8,2.0256088079053045,59.03728167260369,0.08053599549921538,0.0,27,0.0,59.03728167260369,0.0,0-14
pos-092,0,60,10,T0.5_P1,0.5,1.0,42,42,2.3890531707735456,67.05335729876134,0.10326202754813787,0.019996188199927118,27,0.0066777875052435095,67.05335729876134,0.0,0-14
pos-092,0,60,10,T0.9_P0.5,0.9,0.5,42,4,1.7870943964570594,62.956778406211775,0.13030880733886557,0.0,27,0.0,62.956778406211775,0.0,0-14
pos-092,0,60,10,T0.9_P0.9,0.9,0.9,42,15,3.3249269554988445,93.5478068678926,0.22246551792302827,0.0736283668849966,27,0.025380890561705647,93.5478068678926,0.0,0-14
pos-092,0,60,10,T0.9_P0.95,0.9,0.95,42,18,3.5078081587621344,93.03762037510919,0.22927864715139432,0.0703971564218523,27,0.024267039981874093,93.03762037510919,0.0,0-14
pos-092,0,60,10,T0.9_P1,0.9,1.0,42,42,3.77637184369459,98.67563954206591,0.2383262117763862,0.08694427984113906,27,0.023121581865438324,98.67563954206591,0.0,0-14
pos-092,0,60,10,T1_P0.5,1.0,0.5,42,4,1.825700159476188,63.91077765484395,0.1409517583128553,0.0,27,0.0,63.91077765484395,0.0,0-14
pos-092,0,60,10,T1_P0.9,1.0,0.9,42,16,3.508319006705622,99.1374194924344,0.2564816300790089,0.0826450777861055,27,0.02840412037064882,99.1374194924344,0.0,0-14
pos-092,0,60,10,T1_P0.95,1.0,0.95,42,19,3.6870720672806008,96.97967881320233,0.24482271589913526,0.07888827123040648,27,0.027112951090204902,96.97967881320233,0.0,0-14
pos-092,0,60,10,T1_P1,1.0,1.0,42,42,3.9619966746052206,105.26394485276174,0.2607896013105783,0.10309986885026248,27,0.025765801742727436,105.26394485276174,0.0,0-14
pos-093,1,24,10,argmax,0.0,0.0,31,1,-0.0,9743.0,1.0,1.0,-253,0.0,1000.0,1.0,1-10
pos-093,1,24,10,T0.5_P0.5,0.5,0.5,31,1,-0.0,9743.0,1.0,1.0,-253,0.0,1000.0,1.0,1-10
pos-093,1,24,10,T0.5_P0.9,0.5,0.9,31,1,-0.0,9743.0,1.0,1.0,-253,0.0,1000.0,1.0,1-10
pos-093,1,24,10,T0.5_P0.95,0.5,0.95,31,1,-0.0,9743.0,1.0,1.0,-253,0.0,1000.0,1.0,1-10
pos-093,1,24,10,T0.5_P1,0.5,1.0,31,31,0.1728040585673571,9517.469462206194,0.9789226795666637,0.9789226795666637,-253,0.021077320433336558,977.9419324112979,0.9767273853133818,1-10
pos-093,1,24,10,T0.9_P0.5,0.9,0.5,31,1,-0.0,9743.0,1.0,1.0,-253,0.0,1000.0,1.0,1-10
pos-093,1,24,10,T0.9_P0.9,0.9,0.9,31,2,0.48806689369307427,8709.179716350778,0.8938909695525791,0.8938909695525791,-253,0.10610903044742102,893.8909695525791,0.8938909695525791,1-10
pos-093,1,24,10,T0.9_P0.95,0.9,0.95,31,3,0.6220959103843315,8545.497160800502,0.8960619454414204,0.8960619454414204,-253,0.10393805455857957,890.1081262331118,0.875602085619054,1-10
pos-093,1,24,10,T0.9_P1,0.9,1.0,31,31,0.8768389076687421,8295.256095793698,0.8992784970683373,0.8992784970683373,-253,0.10072150293166296,876.776960669725,0.8485049908640024,1-10
pos-093,1,24,10,T1_P0.5,1.0,0.5,31,1,-0.0,9743.0,1.0,1.0,-253,0.0,1000.0,1.0,1-10
pos-093,1,24,10,T1_P0.9,1.0,0.9,31,2,0.552160591805612,8495.07562869984,0.8719157989017593,0.8719157989017593,-253,0.1280842010982407,871.9157989017593,0.8719157989017593,1-10
pos-093,1,24,10,T1_P0.95,1.0,0.95,31,3,0.7246331242560887,8270.772950051487,0.875605671793948,0.875605671793948,-253,0.1243943282060521,867.2224910236412,0.8467974904526874,1-10
pos-093,1,24,10,T1_P1,1.0,1.0,31,31,1.106002509357552,7888.996984447093,0.8816953552175343,0.8816953552175343,-253,0.11830464478246593,847.8849030866322,0.8053427978223106,1-10
pos-094,1,40,10,argmax,0.0,0.0,6,1,-0.0,12.0,0.0,0.0,-338,0.0,12.0,0.0,1-11
pos-094,1,40,10,T0.5_P0.5,0.5,0.5,6,1,-0.0,12.0,0.0,0.0,-338,0.0,12.0,0.0,1-11
pos-094,1,40,10,T0.5_P0.9,0.5,0.9,6,2,0.5148140525291891,10.850005436310232,0.0,0.0,-338,0.0,10.850005436310232,0.0,1-11
pos-094,1,40,10,T0.5_P0.95,0.5,0.95,6,2,0.5148140525291891,10.850005436310232,0.0,0.0,-338,0.0,10.850005436310232,0.0,1-11
pos-094,1,40,10,T0.5_P1,0.5,1.0,6,6,0.5812435141166824,11.352680437935385,0.0016871246281279684,0.0016871246281279684,-338,0.002443046584741424,11.352680437935385,0.0,1-11
pos-094,1,40,10,T0.9_P0.5,0.9,0.5,6,1,-0.0,12.0,0.0,0.0,-338,0.0,12.0,0.0,1-11
pos-094,1,40,10,T0.9_P0.9,0.9,0.9,6,2,0.800777760034818,9.565211622765156,0.0,0.0,-338,0.0,9.565211622765156,0.0,1-11
pos-094,1,40,10,T0.9_P0.95,0.9,0.95,6,4,1.1155850323850314,9.80290311159318,0.0,0.0,-338,0.027200485734216497,9.80290311159318,0.0,1-11
pos-094,1,40,10,T0.9_P1,0.9,1.0,6,6,1.2914355091637135,16.18897676305307,0.02152022662481138,0.02152022662481138,-338,0.02643453095803379,16.18897676305307,0.0,1-11
pos-094,1,40,10,T1_P0.5,1.0,0.5,6,1,-0.0,12.0,0.0,0.0,-338,0.0,12.0,0.0,1-11
pos-094,1,40,10,T1_P0.9,1.0,0.9,6,3,1.0328204901380544,9.001558204276195,0.0,0.0,-338,0.03730455499088872,9.001558204276195,0.0,1-11
pos-094,1,40,10,T1_P0.95,1.0,0.95,6,4,1.2183182353058242,9.680581222187548,0.0,0.0,-338,0.03597125346099932,9.680581222187548,0.0,1-11
pos-094,1,40,10,T1_P1,1.0,1.0,6,6,1.4393549795284564,18.250340860205135,0.02873551229081672,0.02873551229081672,-338,0.034578904931722394,18.250340860205135,0.0,1-11
pos-095,1,60,10,argmax,0.0,0.0,2,1,-0.0,0.0,0.0,0.0,-580,1.0,0.0,0.0,1-17
pos-095,1,60,10,T0.5_P0.5,0.5,0.5,2,1,-0.0,0.0,0.0,0.0,-580,1.0,0.0,0.0,1-17
pos-095,1,60,10,T0.5_P0.9,0.5,0.9,2,1,-0.0,0.0,0.0,0.0,-580,1.0,0.0,0.0,1-17
pos-095,1,60,10,T0.5_P0.95,0.5,0.95,2,1,-0.0,0.0,0.0,0.0,-580,1.0,0.0,0.0,1-17
pos-095,1,60,10,T0.5_P1,0.5,1.0,2,2,0.00032275908941705876,0.007532669672720214,1.8831674181800535e-05,1.8831674181800535e-05,-580,0.9999811683258183,0.007532669672720214,0.0,1-17
pos-095,1,60,10,T0.9_P0.5,0.9,0.5,2,1,-0.0,0.0,0.0,0.0,-580,1.0,0.0,0.0,1-17
pos-095,1,60,10,T0.9_P0.9,0.9,0.9,2,1,-0.0,0.0,0.0,0.0,-580,1.0,0.0,0.0,1-17
pos-095,1,60,10,T0.9_P0.95,0.9,0.95,2,1,-0.0,0.0,0.0,0.0,-580,1.0,0.0,0.0,1-17
pos-095,1,60,10,T0.9_P1,0.9,1.0,2,2,0.024044013851627976,0.9461811902640388,0.002365452975660097,0.002365452975660097,-580,0.99763454702434,0.9461811902640388,0.0,1-17
pos-095,1,60,10,T1_P0.5,1.0,0.5,2,1,-0.0,0.0,0.0,0.0,-580,1.0,0.0,0.0,1-17
pos-095,1,60,10,T1_P0.9,1.0,0.9,2,1,-0.0,0.0,0.0,0.0,-580,1.0,0.0,0.0,1-17
pos-095,1,60,10,T1_P0.95,1.0,0.95,2,1,-0.0,0.0,0.0,0.0,-580,1.0,0.0,0.0,1-17
pos-095,1,60,10,T1_P1,1.0,1.0,2,2,0.040158070025319646,1.7283351582410387,0.0043208378956025965,0.0043208378956025965,-580,0.9956791621043974,1.7283351582410387,0.0,1-17
pos-096,2,24,10,argmax,0.0,0.0,42,1,-0.0,0.0,0.0,0.0,174,1.0,0.0,0.0,2-10
pos-096,2,24,10,T0.5_P0.5,0.5,0.5,42,1,-0.0,0.0,0.0,0.0,174,1.0,0.0,0.0,2-10
pos-096,2,24,10,T0.5_P0.9,0.5,0.9,42,2,0.5762172691798219,5.341376141240273,0.0,0.0,174,0.8630416374040956,5.341376141240273,0.0,2-10
pos-096,2,24,10,T0.5_P0.95,0.5,0.95,42,2,0.5762172691798219,5.341376141240273,0.0,0.0,174,0.8630416374040956,5.341376141240273,0.0,2-10
pos-096,2,24,10,T0.5_P1,0.5,1.0,42,42,0.7289937848243788,7.010094230584309,0.001278190467677609,0.001278190467677609,174,0.8434159177726449,7.010094230584309,0.0,2-10
pos-096,2,24,10,T0.9_P0.5,0.9,0.5,42,1,-0.0,0.0,0.0,0.0,174,1.0,0.0,0.0,2-10
pos-096,2,24,10,T0.9_P0.9,0.9,0.9,42,3,1.1881663031975536,14.479830604693012,0.0,0.0,174,0.6712645519616539,14.479830604693012,0.0,2-10
pos-096,2,24,10,T0.9_P0.95,0.9,0.95,42,3,1.1881663031975536,14.479830604693012,0.0,0.0,174,0.6712645519616539,14.479830604693012,0.0,2-10
pos-096,2,24,10,T0.9_P1,0.9,1.0,42,42,1.4550758608901546,28.338912368415535,0.034668283752536305,0.034668283752536305,174,0.6479929620012282,28.338912368415535,0.0,2-10
pos-096,2,24,10,T1_P0.5,1.0,0.5,42,1,-0.0,0.0,0.0,0.0,174,1.0,0.0,0.0,2-10
pos-096,2,24,10,T1_P0.9,1.0,0.9,42,3,1.2502889062307845,15.911520836150377,0.0,0.0,174,0.6418971143651103,15.911520836150377,0.0,2-10
pos-096,2,24,10,T1_P0.95,1.0,0.95,42,4,1.3530504223291,23.09973597165393,0.016949800545575152,0.016949800545575152,174,0.6310170863058415,23.09973597165393,0.0,2-10
pos-096,2,24,10,T1_P1,1.0,1.0,42,42,1.629457636521522,36.803429209354604,0.05262174572940642,0.05262174572940642,174,0.60811936762855,36.803429209354604,0.0,2-10
pos-097,2,40,10,argmax,0.0,0.0,36,1,-0.0,155.0,1.0,0.0,-19,0.0,155.0,0.0,2-11
pos-097,2,40,10,T0.5_P0.5,0.5,0.5,36,1,-0.0,155.0,1.0,0.0,-19,0.0,155.0,0.0,2-11
pos-097,2,40,10,T0.5_P0.9,0.5,0.9,36,2,0.47326750889815006,164.42575871599425,1.0,0.10135224425800264,-19,0.0,164.42575871599425,0.0,2-11
pos-097,2,40,10,T0.5_P0.95,0.5,0.95,36,3,0.6620404398205705,167.1882087574413,0.9999999999999999,0.13002670323422505,-19,0.0,167.1882087574413,0.0,2-11
pos-097,2,40,10,T0.5_P1,0.5,1.0,36,36,0.8253998341721696,166.8708346322435,0.9963226158318024,0.12826357158009022,-19,0.003668174626200345,166.8708346322435,0.0,2-11
pos-097,2,40,10,T0.9_P0.5,0.9,0.5,36,1,-0.0,155.0,1.0,0.0,-19,0.0,155.0,0.0,2-11
pos-097,2,40,10,T0.9_P0.9,0.9,0.9,36,5,1.5710474912944021,183.9092468477061,0.9999999999999999,0.28896106057231025,-19,0.0,183.9092468477061,0.0,2-11
pos-097,2,40,10,T0.9_P0.95,0.9,0.95,36,7,1.8368522851508897,178.59627000935933,0.9709727846116029,0.2738453191072786,-19,0.029027215388397087,178.59627000935933,0.0,2-11
pos-097,2,40,10,T0.9_P1,0.9,1.0,36,36,2.0748573778414494,181.97293999758122,0.9708567140643009,0.28803457085297235,-19,0.0281325293600425,181.97293999758122,0.0,2-11
pos-097,2,40,10,T1_P0.5,1.0,0.5,36,1,-0.0,155.0,1.0,0.0,-19,0.0,155.0,0.0,2-11
pos-097,2,40,10,T1_P0.9,1.0,0.9,36,6,1.8561960174870815,179.50846024029403,0.9626861374165597,0.3001794132188743,-19,0.037313862583440265,179.50846024029403,0.0,2-11
pos-097,2,40,10,T1_P0.95,1.0,0.95,36,7,1.993917875157158,179.67149970362493,0.9637939564248179,0.29126732433748315,-19,0.03620604357518216,179.67149970362493,0.0,2-11
pos-097,2,40,10,T1_P1,1.0,1.0,36,36,2.3281528253396706,184.70037277859774,0.9637599122162412,0.3126221744234873,-19,0.03451086912938848,184.70037277859774,0.0,2-11
pos-098,2,60,10,argmax,0.0,0.0,52,1,-0.0,0.0,0.0,0.0,941,1.0,0.0,0.0,2-20
pos-098,2,60,10,T0.5_P0.5,0.5,0.5,52,1,-0.0,0.0,0.0,0.0,941,1.0,0.0,0.0,2-20
pos-098,2,60,10,T0.5_P0.9,0.5,0.9,52,2,0.9307410392427714,22.16465777082959,0.0,0.0,941,0.6536772223307877,22.16465777082959,0.0,2-20
pos-098,2,60,10,T0.5_P0.95,0.5,0.95,52,3,1.2231362528122272,26.24333399003926,0.0,0.0,941,0.6098517477946849,26.24333399003926,0.0,2-20
pos-098,2,60,10,T0.5_P1,0.5,1.0,52,52,1.3324363486902644,26.381774798663674,0.0015967116804169034,1.3811281331425276e-06,941,0.6023700193660942,26.381774798663674,0.0,2-20
pos-098,2,60,10,T0.9_P0.5,0.9,0.5,52,2,0.9778844409670754,26.411285193183808,0.0,0.0,941,0.587323668856503,26.411285193183808,0.0,2-20
pos-098,2,60,10,T0.9_P0.9,0.9,0.9,52,4,1.615975149185881,33.54783033505434,0.0,0.0,941,0.48179726478233353,33.54783033505434,0.0,2-20
pos-098,2,60,10,T0.9_P0.95,0.9,0.95,52,7,1.8842712612084305,34.834737501506325,0.012841451259358278,0.0,941,0.4594856776269346,34.834737501506325,0.0,2-20
pos-098,2,60,10,T0.9_P1,0.9,1.0,52,52,2.252545570315768,38.49983987328165,0.02980498056794941,0.0004964997621116345,941,0.4373595093892163,38.49983987328165,0.0,2-20
pos-098,2,60,10,T1_P0.5,1.0,0.5,52,2,0.9820339064602707,26.96035719702559,0.0,0.0,941,0.5787444187964751,26.96035719702559,0.0,2-20
pos-098,2,60,10,T1_P0.9,1.0,0.9,52,6,1.9004235926194466,34.86085314665874,0.0,0.0,941,0.4418147189482393,34.86085314665874,0.0,2-20
pos-098,2,60,10,T1_P0.95,1.0,0.95,52,9,2.1376879751791362,38.20265142656885,0.029583527064167548,0.0,941,0.4232821780507454,38.20265142656885,0.0,2-20
pos-098,2,60,10,T1_P1,1.0,1.0,52,52,2.507372770608051,41.62324369519827,0.04336241239816686,0.0010099913416510113,941,0.4028168109244772,41.62324369519827,0.0,2-20
pos-099,0,24,10,argmax,0.0,0.0,4,1,-0.0,0.0,0.0,0.0,-194,1.0,0.0,0.0,0-11
pos-099,0,24,10,T0.5_P0.5,0.5,0.5,4,1,-0.0,0.0,0.0,0.0,-194,1.0,0.0,0.0,0-11
pos-099,0,24,10,T0.5_P0.9,0.5,0.9,4,1,-0.0,0.0,0.0,0.0,-194,1.0,0.0,0.0,0-11
pos-099,0,24,10,T0.5_P0.95,0.5,0.95,4,1,-0.0,0.0,0.0,0.0,-194,1.0,0.0,0.0,0-11
pos-099,0,24,10,T0.5_P1,0.5,1.0,4,4,0.00011900032099940587,0.0021584366396877465,6.0103506495799974e-06,6.0103506495799974e-06,-194,0.9999939896493503,0.0021584366396877465,0.0,0-11
pos-099,0,24,10,T0.9_P0.5,0.9,0.5,4,1,-0.0,0.0,0.0,0.0,-194,1.0,0.0,0.0,0-11
pos-099,0,24,10,T0.9_P0.9,0.9,0.9,4,1,-0.0,0.0,0.0,0.0,-194,1.0,0.0,0.0,0-11
pos-099,0,24,10,T0.9_P0.95,0.9,0.95,4,1,-0.0,0.0,0.0,0.0,-194,1.0,0.0,0.0,0-11
pos-099,0,24,10,T0.9_P1,0.9,1.0,4,4,0.020532951421597598,0.6265419458945686,0.0017479119251610946,0.0017479119251610946,-194,0.9982520880748388,0.6265419458945686,0.0,0-11
pos-099,0,24,10,T1_P0.5,1.0,0.5,4,1,-0.0,0.0,0.0,0.0,-194,1.0,0.0,0.0,0-11
pos-099,0,24,10,T1_P0.9,1.0,0.9,4,1,-0.0,0.0,0.0,0.0,-194,1.0,0.0,0.0,0-11
pos-099,0,24,10,T1_P0.95,1.0,0.95,4,1,-0.0,0.0,0.0,0.0,-194,1.0,0.0,0.0,0-11
pos-099,0,24,10,T1_P1,1.0,1.0,4,4,0.038359869607388304,1.2788551376822075,0.0035679118567607873,0.0035679118567607873,-194,0.9964320881432394,1.2788551376822075,0.0,0-11
pos-100,0,40,10,argmax,0.0,0.0,32,1,-0.0,172.0,1.0,0.0,-242,0.0,172.0,0.0,0-11
pos-100,0,40,10,T0.5_P0.5,0.5,0.5,32,1,-0.0,172.0,1.0,0.0,-242,0.0,172.0,0.0,0-11
pos-100,0,40,10,T0.5_P0.9,0.5,0.9,32,3,0.369857234675218,164.15042691216019,0.9433717834286635,0.0,-242,0.0,164.15042691216019,0.0,0-11
pos-100,0,40,10,T0.5_P0.95,0.5,0.95,32,6,0.7184244544980154,158.8166026456225,0.8958528802389326,0.0,-242,0.0,158.8166026456225,0.0,0-11
pos-100,0,40,10,T0.5_P1,0.5,1.0,32,32,1.1213599469495477,156.27875001105392,0.8763553011843869,0.009565488270629752,-242,0.0020029118521431325,156.27875001105392,0.0,0-11
pos-100,0,40,10,T0.9_P0.5,0.9,0.5,32,2,0.5638420906522966,150.4273066010988,0.8676521877368024,0.0,-242,0.0,150.4273066010988,0.0,0-11
pos-100,0,40,10,T0.9_P0.9,0.9,0.9,32,13,2.7534938372513045,119.53385696334306,0.5914609113242113,0.03927442169325942,-242,0.0,119.53385696334306,0.0,0-11
pos-100,0,40,10,T0.9_P0.95,0.9,0.95,32,16,2.98663726629067,117.3689753075931,0.5744399096049001,0.037225038363256566,-242,0.016222430086561764,117.3689753075931,0.0,0-11
pos-100,0,40,10,T0.9_P1,0.9,1.0,32,32,3.251876017793818,118.18197926495688,0.5729196792773167,0.04547839313986775,-242,0.015465116158724911,118.18197926495688,0.0,0-11
pos-100,0,40,10,T1_P0.5,1.0,0.5,32,3,1.0782216426713613,136.84834660601575,0.7430727082000714,0.0,-242,0.0,136.84834660601575,0.0,0-11
pos-100,0,40,10,T1_P0.9,1.0,0.9,32,14,3.0593084109607367,112.9254376246419,0.5321711362956864,0.04331186159905533,-242,0.0,112.9254376246419,0.0,0-11
pos-100,0,40,10,T1_P0.95,1.0,0.95,32,17,3.2689000124550778,112.02129817838556,0.535713754663308,0.04117860570296319,-242,0.01949953786888338,112.02129817838556,0.0,0-11
pos-100,0,40,10,T1_P1,1.0,1.0,32,32,3.5248065550327494,113.08085374728591,0.5307376101976062,0.052781526747110404,-242,0.018544857393952896,113.08085374728591,0.0,0-11
pos-101,0,60,10,argmax,0.0,0.0,43,1,-0.0,16.0,0.0,0.0,502,0.0,16.0,0.0,0-15
pos-101,0,60,10,T0.5_P0.5,0.5,0.5,43,1,-0.0,16.0,0.0,0.0,502,0.0,16.0,0.0,0-15
pos-101,0,60,10,T0.5_P0.9,0.5,0.9,43,2,0.3296896002368268,15.030936079832122,0.0,0.0,502,0.06056649501049245,15.030936079832122,0.0,0-15
pos-101,0,60,10,T0.5_P0.95,0.5,0.95,43,3,0.5706177413018657,14.772735250437819,0.0,0.0,502,0.057973478099318305,14.772735250437819,0.0,0-15
pos-101,0,60,10,T0.5_P1,0.5,1.0,43,43,0.6802383475998716,15.875225259851767,0.004167973175805059,0.004005042418307009,502,0.05732591420877939,15.875223569832302,7.608072286221528e-11,0-15
pos-101,0,60,10,T0.9_P0.5,0.9,0.5,43,1,-0.0,16.0,0.0,0.0,502,0.0,16.0,0.0,0-15
pos-101,0,60,10,T0.9_P0.9,0.9,0.9,43,5,1.4667970977965237,19.46108854980671,0.032200324564884295,0.032200324564884295,502,0.1462184350178274,19.46108854980671,0.0,0-15
pos-101,0,60,10,T0.9_P0.95,0.9,0.95,43,7,1.689854137347024,21.27800210748535,0.030914236050936704,0.030914236050936704,502,0.1403784364356735,21.27800210748535,0.0,0-15
pos-101,0,60,10,T0.9_P1,0.9,1.0,43,43,1.9916770438802807,25.94545726503874,0.04704453871848373,0.03670996267588703,502,0.1349040288525437,25.928207467186844,1.5787589714723987e-06,0-15
pos-101,0,60,10,T1_P0.5,1.0,0.5,43,1,-0.0,16.0,0.0,0.0,502,0.0,16.0,0.0,0-15
pos-101,0,60,10,T1_P0.9,1.0,0.9,43,6,1.739579573580125,21.9680117125786,0.03962959842611833,0.03962959842611833,502,0.15468470217125369,21.9680117125786,0.0,0-15
pos-101,0,60,10,T1_P0.95,1.0,0.95,43,8,1.9304836074743172,24.104727908213334,0.03823575828819977,0.03823575828819977,502,0.14924417904785575,24.104727908213334,0.0,0-15
pos-101,0,60,10,T1_P1,1.0,1.0,43,43,2.277305908744405,30.326395831533986,0.06361528341889833,0.04685162344886527,502,0.14213619360798804,30.271588779118275,5.178053119270118e-06,0-15
pos-102,1,24,10,argmax,0.0,0.0,45,1,-0.0,0.0,0.0,0.0,-72,1.0,0.0,0.0,1-11
pos-102,1,24,10,T0.5_P0.5,0.5,0.5,45,1,-0.0,0.0,0.0,0.0,-72,1.0,0.0,0.0,1-11
pos-102,1,24,10,T0.5_P0.9,0.5,0.9,45,3,1.2120904375079087,60.478919039731025,0.17532204132120516,0.17532204132120516,-72,0.6845001613561058,60.478919039731025,0.0,1-11
pos-102,1,24,10,T0.5_P0.95,0.5,0.95,45,4,1.3166062065721673,62.361429095164425,0.18949707078672254,0.1723085072797907,-72,0.6727345868621313,62.361429095164425,0.0,1-11
pos-102,1,24,10,T0.5_P1,0.5,1.0,45,45,1.602806763813737,72.6803630402799,0.221655671773562,0.19200834460053007,-72,0.6460422673538662,72.6803630402799,0.0,1-11
pos-102,1,24,10,T0.9_P0.5,0.9,0.5,45,2,0.9036869983019825,87.18599897440922,0.31936263360589456,0.31936263360589456,-72,0.6806373663941054,87.18599897440922,0.0,1-11
pos-102,1,24,10,T0.9_P0.9,0.9,0.9,45,7,2.2556379264312376,121.48847790127918,0.38945521488372253,0.2847515046307468,-72,0.43167151868590103,121.48847790127918,0.0,1-11
pos-102,1,24,10,T0.9_P0.95,0.9,0.95,45,10,2.4914872886388517,132.89057012425508,0.41800701350080105,0.3100921534396,-72,0.4114846322023796,132.89057012425508,0.0,1-11
pos-102,1,24,10,T0.9_P1,0.9,1.0,45,45,2.8338186529299656,143.89062287654576,0.4457555768598344,0.34298593744777167,-72,0.3918656545638031,143.89062287654576,0.0,1-11
pos-102,1,24,10,T1_P0.5,1.0,0.5,45,2,0.9209698794897627,91.73645467000819,0.33603096948720945,0.33603096948720945,-72,0.6639690305127905,91.73645467000819,0.0,1-11
pos-102,1,24,10,T1_P0.9,1.0,0.9,45,8,2.4683342574409726,137.00780305947094,0.4354210560481253,0.31903033197306724,-72,0.3886850746717293,137.00780305947094,0.0,1-11
pos-102,1,24,10,T1_P0.95,1.0,0.95,45,13,2.7604224938722837,148.44938881578673,0.4662874389742965,0.3455382719872113,-72,0.36743507503743966,148.44938881578673,0.0,1-11
pos-102,1,24,10,T1_P1,1.0,1.0,45,45,3.0770704951820442,158.66545060067745,0.49076326162375467,0.37555159817708816,-72,0.3505846645570808,158.66545060067745,0.0,1-11
pos-103,1,40,10,argmax,0.0,0.0,35,1,-0.0,0.0,0.0,0.0,-421,1.0,0.0,0.0,1-12
pos-103,1,40,10,T0.5_P0.5,0.5,0.5,35,1,-0.0,0.0,0.0,0.0,-421,1.0,0.0,0.0,1-12
pos-103,1,40,10,T0.5_P0.9,0.5,0.9,35,1,-0.0,0.0,0.0,0.0,-421,1.0,0.0,0.0,1-12
pos-103,1,40,10,T0.5_P0.95,0.5,0.95,35,2,0.15159166782243555,3.2743888397783274,0.021829258931855517,0.0,-421,0.9781707410681444,3.2743888397783274,0.0,1-12
pos-103,1,40,10,T0.5_P1,0.5,1.0,35,35,0.5113190572748276,8.022636915386146,0.038626435415968566,0.0001920405802271988,-421,0.9342991453904025,8.022636915386146,0.0,1-12
pos-103,1,40,10,T0.9_P0.5,0.9,0.5,35,1,-0.0,0.0,0.0,0.0,-421,1.0,0.0,0.0,1-12
pos-103,1,40,10,T0.9_P0.9,0.9,0.9,35,5,1.401156347125404,33.85069760325373,0.16197121840646378,0.0,-421,0.7222908208630263,33.85069760325373,0.0,1-12
pos-103,1,40,10,T0.9_P0.95,0.9,0.95,35,7,1.7025253619450205,38.03084911798845,0.1711687844721282,0.0,-421,0.6780625065845745,38.03084911798845,0.0,1-12
pos-103,1,40,10,T0.9_P1,0.9,1.0,35,35,1.9999774000523916,42.0831116673895,0.18455472875045406,0.008637498351732107,-421,0.6506588899801524,42.0831116673895,0.0,1-12
pos-103,1,40,10,T1_P0.5,1.0,0.5,35,1,-0.0,0.0,0.0,0.0,-421,1.0,0.0,0.0,1-12
pos-103,1,40,10,T1_P0.9,1.0,0.9,35,6,1.773316691824489,42.51522776428715,0.17803154565327695,0.0,-421,0.6380603850510952,42.51522776428715,0.0,1-12
pos-103,1,40,10,T1_P0.95,1.0,0.95,35,8,1.9862786818417133,44.884464241055795,0.19542849345030291,0.0,-421,0.6120500428996589,44.884464241055795,0.0,1-12
pos-103,1,40,10,T1_P1,1.0,1.0,35,35,2.298522647951791,50.290042492639905,0.21787502511739942,0.013461500488540619,-421,0.5850834890984103,50.290042492639905,0.0,1-12
pos-104,1,60,10,argmax,0.0,0.0,12,1,-0.0,0.0,0.0,0.0,-9,1.0,0.0,0.0,1-18
pos-104,1,60,10,T0.5_P0.5,0.5,0.5,12,1,-0.0,0.0,0.0,0.0,-9,1.0,0.0,0.0,1-18
pos-104,1,60,10,T0.5_P0.9,0.5,0.9,12,1,-0.0,0.0,0.0,0.0,-9,1.0,0.0,0.0,1-18
pos-104,1,60,10,T0.5_P0.95,0.5,0.95,12,1,-0.0,0.0,0.0,0.0,-9,1.0,0.0,0.0,1-18
pos-104,1,60,10,T0.5_P1,0.5,1.0,12,12,0.18882409572624656,5.375188788471515,0.020630120012092395,0.020630120012092395,-9,0.9793698799879075,5.375188788471515,0.0,1-18
pos-104,1,60,10,T0.9_P0.5,0.9,0.5,12,1,-0.0,0.0,0.0,0.0,-9,1.0,0.0,0.0,1-18
pos-104,1,60,10,T0.9_P0.9,0.9,0.9,12,3,0.6028725402019661,27.711643847187233,0.10841485571343004,0.10841485571343004,-9,0.8915851442865699,27.711643847187233,0.0,1-18
pos-104,1,60,10,T0.9_P0.95,0.9,0.95,12,5,1.0027532982997773,45.26062207187839,0.17239265341346646,0.17239265341346646,-9,0.8276073465865333,45.26062207187839,0.0,1-18
pos-104,1,60,10,T0.9_P1,0.9,1.0,12,12,1.1783833854784111,52.189042622146175,0.19238465139175714,0.19238465139175714,-9,0.8076153486082429,52.189042622146175,0.0,1-18
pos-104,1,60,10,T1_P0.5,1.0,0.5,12,1,-0.0,0.0,0.0,0.0,-9,1.0,0.0,0.0,1-18
pos-104,1,60,10,T1_P0.9,1.0,0.9,12,4,0.9843943281041284,45.84724883191818,0.18550687742821453,0.18550687742821453,-9,0.8144931225717854,45.84724883191818,0.0,1-18
pos-104,1,60,10,T1_P0.95,1.0,0.95,12,5,1.1885995052712928,57.47669095521546,0.21837868097815566,0.21837868097815566,-9,0.7816213190218444,57.47669095521546,0.0,1-18
pos-104,1,60,10,T1_P1,1.0,1.0,12,12,1.4242325268897456,67.26709669496479,0.24620734442510964,0.24620734442510964,-9,0.7537926555748902,67.26709669496479,0.0,1-18
pos-105,2,24,10,argmax,0.0,0.0,29,1,-0.0,0.0,0.0,0.0,-134,1.0,0.0,0.0,2-11
pos-105,2,24,10,T0.5_P0.5,0.5,0.5,29,1,-0.0,0.0,0.0,0.0,-134,1.0,0.0,0.0,2-11
pos-105,2,24,10,T0.5_P0.9,0.5,0.9,29,1,-0.0,0.0,0.0,0.0,-134,1.0,0.0,0.0,2-11
pos-105,2,24,10,T0.5_P0.95,0.5,0.95,29,1,-0.0,0.0,0.0,0.0,-134,1.0,0.0,0.0,2-11
pos-105,2,24,10,T0.5_P1,0.5,1.0,29,29,0.00014432821249915672,0.0011303811508115626,7.279789636286277e-06,1.6400356993735555e-06,-134,0.9999927202103639,0.0011303811508115626,0.0,2-11
pos-105,2,24,10,T0.9_P0.5,0.9,0.5,29,1,-0.0,0.0,0.0,0.0,-134,1.0,0.0,0.0,2-11
pos-105,2,24,10,T0.9_P0.9,0.9,0.9,29,1,-0.0,0.0,0.0,0.0,-134,1.0,0.0,0.0,2-11
pos-105,2,24,10,T0.9_P0.95,0.9,0.95,29,1,-0.0,0.0,0.0,0.0,-134,1.0,0.0,0.0,2-11
pos-105,2,24,10,T0.9_P1,0.9,1.0,29,29,0.03587851330348082,0.6566113060704051,0.002778506965099366,0.0015683915124496072,-134,0.9972214930349005,0.6566113060704051,0.0,2-11
pos-105,2,24,10,T1_P0.5,1.0,0.5,29,1,-0.0,0.0,0.0,0.0,-134,1.0,0.0,0.0,2-11
pos-105,2,24,10,T1_P0.9,1.0,0.9,29,1,-0.0,0.0,0.0,0.0,-134,1.0,0.0,0.0,2-11
pos-105,2,24,10,T1_P0.95,1.0,0.95,29,1,-0.0,0.0,0.0,0.0,-134,1.0,0.0,0.0,2-11
pos-105,2,24,10,T1_P1,1.0,1.0,29,29,0.07431627040308683,1.55105526020189,0.006187600307770115,0.003827469521904016,-134,0.9938123996922299,1.55105526020189,0.0,2-11
pos-106,2,40,10,argmax,0.0,0.0,39,1,-0.0,0.0,0.0,0.0,604,1.0,0.0,0.0,2-12
pos-106,2,40,10,T0.5_P0.5,0.5,0.5,39,1,-0.0,0.0,0.0,0.0,604,1.0,0.0,0.0,2-12
pos-106,2,40,10,T0.5_P0.9,0.5,0.9,39,1,-0.0,0.0,0.0,0.0,604,1.0,0.0,0.0,2-12
pos-106,2,40,10,T0.5_P0.95,0.5,0.95,39,1,-0.0,0.0,0.0,0.0,604,1.0,0.0,0.0,2-12
pos-106,2,40,10,T0.5_P1,0.5,1.0,39,39,0.15358719411012106,1.8281520100488649,0.01233075611247724,9.426131392153328e-06,604,0.9833398189347566,1.8281520100488649,0.0,2-12
pos-106,2,40,10,T0.9_P0.5,0.9,0.5,39,1,-0.0,0.0,0.0,0.0,604,1.0,0.0,0.0,2-12
pos-106,2,40,10,T0.9_P0.9,0.9,0.9,39,3,0.5859220194742328,12.068253058807795,0.10420605558929613,0.0,604,0.8957939444107039,12.068253058807795,0.0,2-12
pos-106,2,40,10,T0.9_P0.95,0.9,0.95,39,4,0.8034599380572452,15.358245281854707,0.10007208850035623,0.0,604,0.8602568284175536,15.358245281854707,0.0,2-12
pos-106,2,40,10,T0.9_P1,0.9,1.0,39,39,1.116422247193342,19.1490412261537,0.11826975677342128,0.001657434865949324,604,0.8281441161806483,19.1490412261537,0.0,2-12
pos-106,2,40,10,T1_P0.5,1.0,0.5,39,1,-0.0,0.0,0.0,0.0,604,1.0,0.0,0.0,2-12
pos-106,2,40,10,T1_P0.9,1.0,0.9,39,4,0.9580561521798213,19.615126106740085,0.12697061565317325,0.0,604,0.8214984424795742,19.615126106740085,0.0,2-12
pos-106,2,40,10,T1_P0.95,1.0,0.95,39,5,1.067208913994575,21.173725579806813,0.14202516051011088,0.0,604,0.8073324987279032,21.173725579806813,0.0,2-12
pos-106,2,40,10,T1_P1,1.0,1.0,39,39,1.4192641172995328,25.546635505202474,0.15498440119413256,0.0031150245801712445,604,0.772931795361836,25.546635505202474,0.0,2-12
pos-107,2,60,10,argmax,0.0,0.0,46,1,-0.0,0.0,0.0,0.0,-389,1.0,0.0,0.0,2-21
pos-107,2,60,10,T0.5_P0.5,0.5,0.5,46,1,-0.0,0.0,0.0,0.0,-389,1.0,0.0,0.0,2-21
pos-107,2,60,10,T0.5_P0.9,0.5,0.9,46,3,1.2529453694113932,7.335152884738783,0.0,0.0,-389,0.5876603948790398,7.335152884738783,0.0,2-21
pos-107,2,60,10,T0.5_P0.95,0.5,0.95,46,3,1.2529453694113932,7.335152884738783,0.0,0.0,-389,0.5876603948790398,7.335152884738783,0.0,2-21
pos-107,2,60,10,T0.5_P1,0.5,1.0,46,46,1.4301869411588357,8.335178960811753,0.0011706168982998399,0.0011706168982998399,-389,0.5696004101617719,8.335178960811753,0.0,2-21
pos-107,2,60,10,T0.9_P0.5,0.9,0.5,46,2,0.9836048914455147,6.37145014702169,0.0,0.0,-389,0.5752366568652207,6.37145014702169,0.0,2-21
pos-107,2,60,10,T0.9_P0.9,0.9,0.9,46,4,1.743182542791033,11.866428965671126,0.0,0.0,-389,0.44689319920919246,11.866428965671126,0.0,2-21
pos-107,2,60,10,T0.9_P0.95,0.9,0.95,46,4,1.743182542791033,11.866428965671126,0.0,0.0,-389,0.44689319920919246,11.866428965671126,0.0,2-21
pos-107,2,60,10,T0.9_P1,0.9,1.0,46,46,2.0490734075040473,19.307426085277246,0.02705220571598538,0.02705220571598538,-389,0.4272698093164397,19.307426085277246,0.0,2-21
pos-107,2,60,10,T1_P0.5,1.0,0.5,46,2,0.9866911593650948,6.482839421217756,0.0,0.0,-389,0.5678107052521496,6.482839421217756,0.0,2-21
pos-107,2,60,10,T1_P0.9,1.0,0.9,46,4,1.7846112423773102,12.493445359999818,0.0,0.0,-389,0.4286067225508984,12.493445359999818,0.0,2-21
pos-107,2,60,10,T1_P0.95,1.0,0.95,46,5,1.8933303028863744,13.148196461291597,0.0,0.0,-389,0.4196996641048766,13.148196461291597,0.0,2-21
pos-107,2,60,10,T1_P1,1.0,1.0,46,46,2.2024884140211265,23.811947509664357,0.04065959271112282,0.04065959271112282,-389,0.40146446370285216,23.811947509664357,0.0,2-21
pos-108,0,24,10,argmax,0.0,0.0,37,1,-0.0,22.0,0.0,0.0,-11,0.0,22.0,0.0,0-12
pos-108,0,24,10,T0.5_P0.5,0.5,0.5,37,1,-0.0,22.0,0.0,0.0,-11,0.0,22.0,0.0,0-12
pos-108,0,24,10,T0.5_P0.9,0.5,0.9,37,5,1.7232616908535674,44.321172235184726,0.053770810882320476,0.0,-11,0.0,44.321172235184726,0.0,0-12
pos-108,0,24,10,T0.5_P0.95,0.5,0.95,37,6,1.8948097208748351,44.072314970927806,0.05165391604142876,0.0,-11,0.0,44.072314970927806,0.0,0-12
pos-108,0,24,10,T0.5_P1,0.5,1.0,37,37,2.0312733338893505,43.720245936275866,0.05064607434754362,2.0998055601531088e-05,-11,0.0005175149552357378,43.720245936275866,0.0,0-12
pos-108,0,24,10,T0.9_P0.5,0.9,0.5,37,2,0.9708485901250616,37.19337957968937,0.0,0.0,-11,0.0,37.19337957968937,0.0,0-12
pos-108,0,24,10,T0.9_P0.9,0.9,0.9,37,7,2.51400391492581,52.54269228483418,0.09397143232450483,0.0,-11,0.0,52.54269228483418,0.0,0-12
pos-108,0,24,10,T0.9_P0.95,0.9,0.95,37,8,2.6094667195874504,51.931575295321295,0.09195944486903694,0.0,-11,0.0,51.931575295321295,0.0,0-12
pos-108,0,24,10,T0.9_P1,0.9,1.0,37,37,2.9242470370410065,52.340326287277094,0.09046517136117752,0.0014027071449704493,-11,0.006875222851546723,52.340326287277094,0.0,0-12
pos-108,0,24,10,T1_P0.5,1.0,0.5,37,3,1.4845549980351282,42.77662325480651,0.0,0.0,-11,0.0,42.77662325480651,0.0,0-12
pos-108,0,24,10,T1_P0.9,1.0,0.9,37,7,2.5683245274861184,53.576452820162366,0.09980665221180256,0.0,-11,0.0,53.576452820162366,0.0,0-12
pos-108,0,24,10,T1_P0.95,1.0,0.95,37,10,2.786609798924266,52.661260426970856,0.0951806792285218,0.0,-11,0.0,52.661260426970856,0.0,0-12
pos-108,0,24,10,T1_P1,1.0,1.0,37,37,3.0916976489481263,53.55203793232205,0.09544994607044459,0.002337150704118746,-11,0.00918278554158719,53.55203793232205,0.0,0-12
pos-109,0,40,10,argmax,0.0,0.0,43,1,-0.0,115.0,1.0,0.0,42,0.0,115.0,0.0,0-12
pos-109,0,40,10,T0.5_P0.5,0.5,0.5,43,1,-0.0,115.0,1.0,0.0,42,0.0,115.0,0.0,0-12
pos-109,0,40,10,T0.5_P0.9,0.5,0.9,43,2,0.3638418755467929,120.76377533165771,1.0,0.0,42,0.0,120.76377533165771,0.0,0-12
pos-109,0,40,10,T0.5_P0.95,0.5,0.95,43,3,0.5721908383326533,120.55916080069906,0.9999999999999999,0.0,42,0.0,120.55916080069906,0.0,0-12
pos-109,0,40,10,T0.5_P1,0.5,1.0,43,43,0.913238679669499,120.22681210434337,0.973662717775946,0.017905471434601326,42,0.01531625755429005,120.22681210434337,0.0,0-12
pos-109,0,40,10,T0.9_P0.5,0.9,0.5,43,1,-0.0,115.0,1.0,0.0,42,0.0,115.0,0.0,0-12
pos-109,0,40,10,T0.9_P0.9,0.9,0.9,43,6,1.8912758951007989,124.65648743416563,0.8921718218837693,0.06849271986199666,42,0.0628173506161455,124.65648743416563,0.0,0-12
pos-109,0,40,10,T0.9_P0.95,0.9,0.95,43,8,2.0624324390803084,124.88203939997405,0.8791914334050775,0.06637826042932236,42,0.06087809722084245,124.88203939997405,0.0,0-12
pos-109,0,40,10,T0.9_P1,0.9,1.0,43,43,2.361022260505674,124.72058171872106,0.8659222982709415,0.06586160746182014,42,0.05826302676955222,124.72058171872106,0.0,0-12
pos-109,0,40,10,T1_P0.5,1.0,0.5,43,2,0.7501143475021133,132.80871375062412,0.9999999999999999,0.0,42,0.0,132.80871375062412,0.0,0-12
pos-109,0,40,10,T1_P0.9,1.0,0.9,43,6,2.020928623422438,124.85919178559999,0.8740919903797111,0.0781821134019769,42,0.07232677303670901,124.85919178559999,0.0,0-12
pos-109,0,40,10,T1_P0.95,1.0,0.95,43,9,2.3119877326994023,123.53829389761165,0.8429189671468358,0.07371058960970461,42,0.06819013778371848,123.53829389761165,0.0,0-12
pos-109,0,40,10,T1_P1,1.0,1.0,43,43,2.621697355791914,125.34480594859224,0.8417200833114743,0.07491238150681938,42,0.06512846696811027,125.34480594859224,0.0,0-12
pos-110,0,60,10,argmax,0.0,0.0,38,1,-0.0,101.0,1.0,0.0,725,0.0,101.0,0.0,0-16
pos-110,0,60,10,T0.5_P0.5,0.5,0.5,38,2,0.9854860908682228,63.230776999161115,0.5708042840813763,0.0,725,0.0,63.230776999161115,0.0,0-16
pos-110,0,60,10,T0.5_P0.9,0.5,0.9,38,4,1.8830146290165506,106.36839000341284,0.717292544070405,0.23287105152995838,725,0.0,106.36839000341284,0.0,0-16
pos-110,0,60,10,T0.5_P0.95,0.5,0.95,38,6,2.1523178969919146,107.56401049460365,0.6963661661109545,0.24069876140261554,725,0.0,107.56401049460365,0.0,0-16
pos-110,0,60,10,T0.5_P1,0.5,1.0,38,38,2.3563276681843948,112.57150635199284,0.6978662033209148,0.24988039263535272,725,0.008401615793359888,112.56681413812615,4.824061715819215e-07,0-16
pos-110,0,60,10,T0.9_P0.5,0.9,0.5,38,3,1.576240200615194,103.92203877353194,0.674214739190065,0.2925105715259836,725,0.0,103.92203877353194,0.0,0-16
pos-110,0,60,10,T0.9_P0.9,0.9,0.9,38,7,2.5416273850518407,123.88479018873358,0.6961861988438438,0.29675850262527353,725,0.0,123.88479018873358,0.0,0-16
pos-110,0,60,10,T0.9_P0.95,0.9,0.95,38,9,2.7801750448018225,130.06033658549399,0.6830286051028808,0.3081728221697979,725,0.031847550515663514,130.06033658549399,0.0,0-16
pos-110,0,60,10,T0.9_P1,0.9,1.0,38,38,2.976293832511271,134.84331505442162,0.6950966372739589,0.301202628252374,725,0.030635020708935017,133.5300027179396,0.00013493818550907032,0-16
pos-110,0,60,10,T1_P0.5,1.0,0.5,38,3,1.5779028628367198,104.27349954522657,0.6732900319563792,0.2965183030839372,725,0.0,104.27349954522657,0.0,0-16
pos-110,0,60,10,T1_P0.9,1.0,0.9,38,8,2.718565503173746,121.61900135126841,0.6697661660942809,0.29387939172686084,725,0.03832270184709409,121.61900135126841,0.0,0-16
pos-110,0,60,10,T1_P0.95,1.0,0.95,38,9,2.841689127219059,133.53722508626188,0.6812280720612421,0.3183877466632327,725,0.03699258009737449,133.53722508626188,0.0,0-16
pos-110,0,60,10,T1_P1,1.0,1.0,38,38,3.0933271191321388,140.88569094135823,0.6968988141578096,0.3110544319821567,725,0.0351740348260232,138.2913191484366,0.00026653068054660476,0-16
pos-111,1,24,10,argmax,0.0,0.0,35,1,-0.0,0.0,0.0,0.0,106,1.0,0.0,0.0,1-12
pos-111,1,24,10,T0.5_P0.5,0.5,0.5,35,1,-0.0,0.0,0.0,0.0,106,1.0,0.0,0.0,1-12
pos-111,1,24,10,T0.5_P0.9,0.5,0.9,35,1,-0.0,0.0,0.0,0.0,106,1.0,0.0,0.0,1-12
pos-111,1,24,10,T0.5_P0.95,0.5,0.95,35,1,-0.0,0.0,0.0,0.0,106,1.0,0.0,0.0,1-12
pos-111,1,24,10,T0.5_P1,0.5,1.0,35,35,0.2571521937913946,2.1525558958568536,0.0005927707201553933,0.0005895856068195972,106,0.9582003512678958,2.1525558958568536,0.0,1-12
pos-111,1,24,10,T0.9_P0.5,0.9,0.5,35,1,-0.0,0.0,0.0,0.0,106,1.0,0.0,0.0,1-12
pos-111,1,24,10,T0.9_P0.9,0.9,0.9,35,2,0.6045205379767505,7.246334512906662,0.0,0.0,106,0.8521156221855783,7.246334512906662,0.0,1-12
pos-111,1,24,10,T0.9_P0.95,0.9,0.95,35,2,0.6045205379767505,7.246334512906662,0.0,0.0,106,0.8521156221855783,7.246334512906662,0.0,1-12
pos-111,1,24,10,T0.9_P1,0.9,1.0,35,35,0.7901511674865257,11.103974955141904,0.01551754106217464,0.014386124457292598,106,0.8317027226724825,11.103974955141904,0.0,1-12
pos-111,1,24,10,T1_P0.5,1.0,0.5,35,1,-0.0,0.0,0.0,0.0,106,1.0,0.0,0.0,1-12
pos-111,1,24,10,T1_P0.9,1.0,0.9,35,2,0.6607602325995805,8.395644092668961,0.0,0.0,106,0.828660324639409,8.395644092668961,0.0,1-12
pos-111,1,24,10,T1_P0.95,1.0,0.95,35,2,0.6607602325995805,8.395644092668961,0.0,0.0,106,0.828660324639409,8.395644092668961,0.0,1-12
pos-111,1,24,10,T1_P1,1.0,1.0,35,35,0.9286331340597704,14.360291051468556,0.023837241499239114,0.02151555671667853,106,0.7981974004196521,14.360291051468556,0.0,1-12
pos-112,1,40,10,argmax,0.0,0.0,34,1,-0.0,12.0,0.0,0.0,-120,0.0,12.0,0.0,1-13
pos-112,1,40,10,T0.5_P0.5,0.5,0.5,34,2,0.9918036968879298,6.638963512744009,0.0,0.0,-120,0.446753040604666,6.638963512744009,0.0,1-13
pos-112,1,40,10,T0.5_P0.9,0.5,0.9,34,5,2.25480095195003,18.921953019346127,0.0,0.0,-120,0.23349630591844248,18.921953019346127,0.0,1-13
pos-112,1,40,10,T0.5_P0.95,0.5,0.95,34,5,2.25480095195003,18.921953019346127,0.0,0.0,-120,0.23349630591844248,18.921953019346127,0.0,1-13
pos-112,1,40,10,T0.5_P1,0.5,1.0,34,34,2.4129679169986864,19.19984522267511,0.0002554315110208327,3.216367370717411e-06,-120,0.22581477917973797,19.19984522267511,0.0,1-13
pos-112,1,40,10,T0.9_P0.5,0.9,0.5,34,3,1.5805200010173954,15.08754431321331,0.0,0.0,-120,0.32696579370659,15.08754431321331,0.0,1-13
pos-112,1,40,10,T0.9_P0.9,0.9,0.9,34,6,2.4994372045963758,20.811355742721076,0.0,0.0,-120,0.20595548819632073,20.811355742721076,0.0,1-13
pos-112,1,40,10,T0.9_P0.95,0.9,0.95,34,6,2.4994372045963758,20.811355742721076,0.0,0.0,-120,0.20595548819632073,20.811355742721076,0.0,1-13
pos-112,1,40,10,T0.9_P1,0.9,1.0,34,34,2.758162878383984,22.83023484931654,0.006623102540840378,0.0007880886612748488,-120,0.1991077189359414,22.83023484931654,0.0,1-13
pos-112,1,40,10,T1_P0.5,1.0,0.5,34,3,1.5813680708214748,15.143788241915114,0.0,0.0,-120,0.327687787270017,15.143788241915114,0.0,1-13
pos-112,1,40,10,T1_P0.9,1.0,0.9,34,6,2.512983870624818,21.045867475822497,0.0,0.0,-120,0.20274163418584376,21.045867475822497,0.0,1-13
pos-112,1,40,10,T1_P0.95,1.0,0.95,34,7,2.6085839194614313,21.75270385982521,0.0,0.0,-120,0.19839300921476966,21.75270385982521,0.0,1-13
pos-112,1,40,10,T1_P1,1.0,1.0,34,34,2.8530653668371895,24.01562950165481,0.010312618453255434,0.001614906213130791,-120,0.19375790568977938,24.01562950165481,0.0,1-13
pos-113,1,60,10,argmax,0.0,0.0,15,1,-0.0,0.0,0.0,0.0,-619,1.0,0.0,0.0,1-19
pos-113,1,60,10,T0.5_P0.5,0.5,0.5,15,1,-0.0,0.0,0.0,0.0,-619,1.0,0.0,0.0,1-19
pos-113,1,60,10,T0.5_P0.9,0.5,0.9,15,1,-0.0,0.0,0.0,0.0,-619,1.0,0.0,0.0,1-19
pos-113,1,60,10,T0.5_P0.95,0.5,0.95,15,1,-0.0,0.0,0.0,0.0,-619,1.0,0.0,0.0,1-19
pos-113,1,60,10,T0.5_P1,0.5,1.0,15,15,0.07646778813242587,0.5425010345803494,3.448655071562212e-06,1.9699098694055637e-06,-619,0.9929234601634548,0.5425010345803494,0.0,1-19
pos-113,1,60,10,T0.9_P0.5,0.9,0.5,15,1,-0.0,0.0,0.0,0.0,-619,1.0,0.0,0.0,1-19
pos-113,1,60,10,T0.9_P0.9,0.9,0.9,15,2,0.20372712445541163,2.167744069533419,0.0,0.0,-619,0.9681214107421555,2.167744069533419,0.0,1-19
pos-113,1,60,10,T0.9_P0.95,0.9,0.95,15,4,0.5481151894275753,6.187189588666471,0.0,0.0,-619,0.916162399430861,6.187189588666471,0.0,1-19
pos-113,1,60,10,T0.9_P1,0.9,1.0,15,15,0.8198867390295188,9.186222775355755,0.001445193110342655,0.0008943063380576844,-619,0.8821727125930724,9.186222775355755,0.0,1-19
pos-113,1,60,10,T1_P0.5,1.0,0.5,15,1,-0.0,0.0,0.0,0.0,-619,1.0,0.0,0.0,1-19
pos-113,1,60,10,T1_P0.9,1.0,0.9,15,3,0.49452462357068877,6.3520884670292785,0.0,0.0,-619,0.917245025614526,6.3520884670292785,0.0,1-19
pos-113,1,60,10,T1_P0.95,1.0,0.95,15,5,0.8615426962229739,10.940277429162489,0.0,0.0,-619,0.8602245931057164,10.940277429162489,0.0,1-19
pos-113,1,60,10,T1_P1,1.0,1.0,15,15,1.0633020067223098,12.857123918240582,0.003030226773782352,0.0019040692065693616,-619,0.8368536633617438,12.857123918240582,0.0,1-19
pos-114,2,24,10,argmax,0.0,0.0,41,1,-0.0,15.0,0.0,0.0,32,0.0,15.0,0.0,2-12
pos-114,2,24,10,T0.5_P0.5,0.5,0.5,41,1,-0.0,15.0,0.0,0.0,32,0.0,15.0,0.0,2-12
pos-114,2,24,10,T0.5_P0.9,0.5,0.9,41,1,-0.0,15.0,0.0,0.0,32,0.0,15.0,0.0,2-12
pos-114,2,24,10,T0.5_P0.95,0.5,0.95,41,2,0.3796606696473722,18.02258287509286,0.0,0.0,32,0.0,18.02258287509286,0.0,2-12
pos-114,2,24,10,T0.5_P1,0.5,1.0,41,41,0.5403740036038703,18.466771538239243,0.0019441077500904108,8.059097347224197e-07,32,0.00023566955466426098,18.466771538239243,0.0,2-12
pos-114,2,24,10,T0.9_P0.5,0.9,0.5,41,1,-0.0,15.0,0.0,0.0,32,0.0,15.0,0.0,2-12
pos-114,2,24,10,T0.9_P0.9,0.9,0.9,41,4,1.2029782108248948,23.647892640958815,0.0,0.0,32,0.0,23.647892640958815,0.0,2-12
pos-114,2,24,10,T0.9_P0.95,0.9,0.95,41,7,1.476770062403578,27.205394756940187,0.030119465008444524,0.0,32,0.0,27.205394756940187,0.0,2-12
pos-114,2,24,10,T0.9_P1,0.9,1.0,41,41,1.8293421181495568,28.77149527350214,0.02928948910160096,0.0004474525466103678,32,0.006744946436693637,28.77149527350214,0.0,2-12
pos-114,2,24,10,T1_P0.5,1.0,0.5,41,1,-0.0,15.0,0.0,0.0,32,0.0,15.0,0.0,2-12
pos-114,2,24,10,T1_P0.9,1.0,0.9,41,5,1.4605722212562111,27.745146766173416,0.026385737383047548,0.0,32,0.0,27.745146766173416,0.0,2-12
pos-114,2,24,10,T1_P0.95,1.0,0.95,41,9,1.799458404833737,30.222927530035136,0.040039465566388,0.0,32,0.0,30.222927530035136,0.0,2-12
pos-114,2,24,10,T1_P1,1.0,1.0,41,41,2.1540686008511694,31.791129690361352,0.03928656860624835,0.0009763555337948911,32,0.009684507598781995,31.791129690361352,0.0,2-12
pos-115,2,40,10,argmax,0.0,0.0,37,1,-0.0,16.0,0.0,0.0,71,0.0,16.0,0.0,2-14
pos-115,2,40,10,T0.5_P0.5,0.5,0.5,37,2,0.9883166366513225,16.87290628751578,0.0,0.0,71,0.0,16.87290628751578,0.0,2-14
pos-115,2,40,10,T0.5_P0.9,0.5,0.9,37,3,1.3051157683612677,15.6422326092029,0.0,0.0,71,0.0,15.6422326092029,0.0,2-14
pos-115,2,40,10,T0.5_P0.95,0.5,0.95,37,5,1.524451397960389,21.943465846416032,0.037657751139207045,0.0,71,0.0,21.943465846416032,0.0,2-14
pos-115,2,40,10,T0.5_P1,0.5,1.0,37,37,1.797198003079503,25.074986719875554,0.05998138756656088,0.0007631032740065304,71,0.001952624146213995,25.074986719875554,0.0,2-14
pos-115,2,40,10,T0.9_P0.5,0.9,0.5,37,2,0.9963736965842592,16.92912750486044,0.0,0.0,71,0.0,16.92912750486044,0.0,2-14
pos-115,2,40,10,T0.9_P0.9,0.9,0.9,37,9,2.5054438388015177,43.3885253275339,0.1826514076436026,0.0,71,0.0,43.3885253275339,0.0,2-14
pos-115,2,40,10,T0.9_P0.95,0.9,0.95,37,13,2.7643992282799035,46.47755270053979,0.20819425485583357,0.0,71,0.015312688201920974,46.47755270053979,0.0,2-14
pos-115,2,40,10,T0.9_P1,0.9,1.0,37,37,3.0392518672121427,54.2781384800426,0.23970972846386002,0.013292260365962316,71,0.014660955459737703,54.2781384800426,0.0,2-14
pos-115,2,40,10,T1_P0.5,1.0,0.5,37,2,0.9970612900628708,16.936194434965884,0.0,0.0,71,0.0,16.936194434965884,0.0,2-14
pos-115,2,40,10,T1_P0.9,1.0,0.9,37,11,2.7920786517274827,48.23272679320153,0.21925619872420896,0.0,71,0.019583628236353796,48.23272679320153,0.0,2-14
pos-115,2,40,10,T1_P0.95,1.0,0.95,37,14,2.9743767157204153,52.40980187334614,0.24783156647211124,0.0,71,0.018866863815326602,52.40980187334614,0.0,2-14
pos-115,2,40,10,T1_P1,1.0,1.0,37,37,3.2669391880411855,61.60390274686008,0.28035372374579837,0.018856072040044934,71,0.017969836690264966,61.60390274686008,0.0,2-14
pos-116,2,60,10,argmax,0.0,0.0,42,1,-0.0,44.0,0.0,0.0,830,0.0,44.0,0.0,2-22
pos-116,2,60,10,T0.5_P0.5,0.5,0.5,42,1,-0.0,44.0,0.0,0.0,830,0.0,44.0,0.0,2-22
pos-116,2,60,10,T0.5_P0.9,0.5,0.9,42,1,-0.0,44.0,0.0,0.0,830,0.0,44.0,0.0,2-22
pos-116,2,60,10,T0.5_P0.95,0.5,0.95,42,1,-0.0,44.0,0.0,0.0,830,0.0,44.0,0.0,2-22
pos-116,2,60,10,T0.5_P1,0.5,1.0,42,42,0.1970735944902432,48.22792158729912,0.02530701070303018,0.025291931653595154,830,0.0002407476497493456,48.22781730480236,0.0,2-22
pos-116,2,60,10,T0.9_P0.5,0.9,0.5,42,1,-0.0,44.0,0.0,0.0,830,0.0,44.0,0.0,2-22
pos-116,2,60,10,T0.9_P0.9,0.9,0.9,42,2,0.4539724576348463,59.63198262568969,0.09531696722981522,0.09531696722981522,830,0.0,59.63198262568969,0.0,2-22
pos-116,2,60,10,T0.9_P0.95,0.9,0.95,42,3,0.7549941157556603,69.1708114688057,0.14980787233769055,0.14980787233769055,830,0.0,69.1708114688057,0.0,2-22
pos-116,2,60,10,T0.9_P1,0.9,1.0,42,42,0.894665928373354,71.18488082934432,0.1543938395430682,0.15261371993668532,830,0.008296348978285076,71.12691586045608,0.0,2-22
pos-116,2,60,10,T1_P0.5,1.0,0.5,42,1,-0.0,44.0,0.0,0.0,830,0.0,44.0,0.0,2-22
pos-116,2,60,10,T1_P0.9,1.0,0.9,42,2,0.5194146768090686,63.11715878738751,0.1165680413865092,0.1165680413865092,830,0.0,63.11715878738751,0.0,2-22
pos-116,2,60,10,T1_P0.95,1.0,0.95,42,3,0.8660279368460988,74.79619763542544,0.1831837883825361,0.1831837883825361,830,0.0,74.79619763542544,0.0,2-22
pos-116,2,60,10,T1_P1,1.0,1.0,42,42,1.0898303596549028,79.10009833097929,0.1918051499124902,0.1886751121345968,830,0.012506725697610587,78.97024563593777,0.0,2-22
pos-117,0,24,10,argmax,0.0,0.0,32,1,-0.0,0.0,0.0,0.0,73,1.0,0.0,0.0,0-13
pos-117,0,24,10,T0.5_P0.5,0.5,0.5,32,1,-0.0,0.0,0.0,0.0,73,1.0,0.0,0.0,0-13
pos-117,0,24,10,T0.5_P0.9,0.5,0.9,32,1,-0.0,0.0,0.0,0.0,73,1.0,0.0,0.0,0-13
pos-117,0,24,10,T0.5_P0.95,0.5,0.95,32,1,-0.0,0.0,0.0,0.0,73,1.0,0.0,0.0,0-13
pos-117,0,24,10,T0.5_P1,0.5,1.0,32,32,0.2303047041630167,1.7086991510068983,0.00015698175859145297,6.729744975370642e-07,73,0.9737677072107956,1.7086991510068983,0.0,0-13
pos-117,0,24,10,T0.9_P0.5,0.9,0.5,32,1,-0.0,0.0,0.0,0.0,73,1.0,0.0,0.0,0-13
pos-117,0,24,10,T0.9_P0.9,0.9,0.9,32,4,0.9108601500291257,10.167300730800983,0.0,0.0,73,0.833754891210103,10.167300730800983,0.0,0-13
pos-117,0,24,10,T0.9_P0.95,0.9,0.95,32,5,1.0898591413678964,12.96328846732302,0.0,0.0,73,0.8062752934704245,12.96328846732302,0.0,0-13
pos-117,0,24,10,T0.9_P1,0.9,1.0,32,32,1.4059552484983635,15.969309091462154,0.008607540700631607,0.0003900926249644737,73,0.7763291991367899,15.969309091462154,0.0,0-13
pos-117,0,24,10,T1_P0.5,1.0,0.5,32,1,-0.0,0.0,0.0,0.0,73,1.0,0.0,0.0,0-13
pos-117,0,24,10,T1_P0.9,1.0,0.9,32,4,1.0627399219458276,12.696626943920378,0.0,0.0,73,0.79281815169229,12.696626943920378,0.0,0-13
pos-117,0,24,10,T1_P0.95,1.0,0.95,32,6,1.3537341743883724,17.208587777007203,0.0,0.0,73,0.7493549944076122,17.208587777007203,0.0,0-13
pos-117,0,24,10,T1_P1,1.0,1.0,32,32,1.7302937247028976,20.880720179483163,0.014001038432048321,0.0008439726256317137,73,0.7141707411143978,20.880720179483163,0.0,0-13
pos-118,0,40,10,argmax,0.0,0.0,45,1,-0.0,58.0,0.0,0.0,450,0.0,58.0,0.0,0-13
pos-118,0,40,10,T0.5_P0.5,0.5,0.5,45,2,0.9965624510215291,31.001140505160958,0.0,0.0,450,0.46549757749722487,31.001140505160958,0.0,0-13
pos-118,0,40,10,T0.5_P0.9,0.5,0.9,45,3,1.4999119169429198,35.92164633692033,0.0,0.0,450,0.38066127005309763,35.92164633692033,0.0,0-13
pos-118,0,40,10,T0.5_P0.95,0.5,0.95,45,4,1.7199038584248618,38.37213607608546,0.0,0.0,450,0.36041734937869013,38.37213607608546,0.0,0-13
pos-118,0,40,10,T0.5_P1,0.5,1.0,45,45,1.8351871587085014,40.17109276606908,0.015467958949272017,0.0013088486609532434,450,0.35484242861389514,40.171068609259834,0.0,0-13
pos-118,0,40,10,T0.9_P0.5,0.9,0.5,45,2,0.9989372768427364,30.11296746250027,0.0,0.0,450,0.4808109058189609,30.11296746250027,0.0,0-13
pos-118,0,40,10,T0.9_P0.9,0.9,0.9,45,5,2.061215585812487,45.465857585212405,0.04280396357717482,0.0,450,0.3098327425069267,45.465857585212405,0.0,0-13
pos-118,0,40,10,T0.9_P0.95,0.9,0.95,45,6,2.153029526115372,46.60764864232519,0.05973946211168315,0.0,450,0.30435092712428247,46.60764864232519,0.0,0-13
pos-118,0,40,10,T0.9_P1,0.9,1.0,45,45,2.4710118204424925,61.662996316359944,0.10484760659973255,0.023982654991876694,450,0.2897499680894319,61.64978351871217,0.0,0-13
pos-118,0,40,10,T1_P0.5,1.0,0.5,45,2,0.9991390737308274,30.00176419284742,0.0,0.0,450,0.48272820357159624,30.00176419284742,0.0,0-13
pos-118,0,40,10,T1_P0.9,1.0,0.9,45,5,2.0985026833753935,46.69161966773063,0.05078147099287044,0.0,450,0.30156731538216786,46.69161966773063,0.0,0-13
pos-118,0,40,10,T1_P0.95,1.0,0.95,45,7,2.300491861337384,49.763775778245595,0.08980772141687715,0.0,450,0.289168651417917,49.763775778245595,0.0,0-13
pos-118,0,40,10,T1_P1,1.0,1.0,45,45,2.6272705118216493,70.52548758107855,0.13491768263258125,0.03513671945110668,450,0.2748371887619542,70.49630722810079,0.0,0-13
pos-119,0,60,10,argmax,0.0,0.0,11,1,-0.0,61.0,0.0,0.0,-114,0.0,61.0,0.0,0-17
pos-119,0,60,10,T0.5_P0.5,0.5,0.5,11,1,-0.0,61.0,0.0,0.0,-114,0.0,61.0,0.0,0-17
pos-119,0,60,10,T0.5_P0.9,0.5,0.9,11,2,0.5296221380597141,54.63518156289153,0.0,0.0,-114,0.0,54.63518156289153,0.0,0-17
pos-119,0,60,10,T0.5_P0.95,0.5,0.95,11,3,0.7982312762697235,52.769309419352865,0.0,0.0,-114,0.0,52.769309419352865,0.0,0-17
pos-119,0,60,10,T0.5_P1,0.5,1.0,11,11,0.804432923462417,52.75962480526894,5.874148168127893e-05,6.047460395619525e-06,-114,0.0002680130060370807,52.75962480526894,0.0,0-17
pos-119,0,60,10,T0.9_P0.5,0.9,0.5,11,1,-0.0,61.0,0.0,0.0,-114,0.0,61.0,0.0,0-17
pos-119,0,60,10,T0.9_P0.9,0.9,0.9,11,3,1.278158880155837,43.81989597737228,0.0,0.0,-114,0.0,43.81989597737228,0.0,0-17
pos-119,0,60,10,T0.9_P0.95,0.9,0.95,11,3,1.278158880155837,43.81989597737228,0.0,0.0,-114,0.0,43.81989597737228,0.0,0-17
pos-119,0,60,10,T0.9_P1,0.9,1.0,11,11,1.435574576035578,43.92837131241913,0.0038352203028870413,0.0008859163144413912,-114,0.007280495573888713,43.92837131241913,0.0,0-17
pos-119,0,60,10,T1_P0.5,1.0,0.5,11,1,-0.0,61.0,0.0,0.0,-114,0.0,61.0,0.0,0-17
pos-119,0,60,10,T1_P0.9,1.0,0.9,11,3,1.3324614760546232,42.4171122196238,0.0,0.0,-114,0.0,42.4171122196238,0.0,0-17
pos-119,0,60,10,T1_P0.95,1.0,0.95,11,3,1.3324614760546232,42.4171122196238,0.0,0.0,-114,0.0,42.4171122196238,0.0,0-17
pos-119,0,60,10,T1_P1,1.0,1.0,11,11,1.56292654770926,42.70634654528382,0.006372519445467179,0.0016125411819217605,-114,0.010735004557765219,42.70634654528382,0.0,0-17
pos-120,1,24,10,argmax,0.0,0.0,37,1,-0.0,0.0,0.0,0.0,23,1.0,0.0,0.0,1-13
pos-120,1,24,10,T0.5_P0.5,0.5,0.5,37,1,-0.0,0.0,0.0,0.0,23,1.0,0.0,0.0,1-13
pos-120,1,24,10,T0.5_P0.9,0.5,0.9,37,2,0.6139017254995434,32.145332342840675,0.15162892614547488,0.15162892614547488,23,0.848371073854525,32.145332342840675,0.0,1-13
pos-120,1,24,10,T0.5_P0.95,0.5,0.95,37,2,0.6139017254995434,32.145332342840675,0.15162892614547488,0.15162892614547488,23,0.848371073854525,32.145332342840675,0.0,1-13
pos-120,1,24,10,T0.5_P1,0.5,1.0,37,37,0.6144857076574974,32.15563228610511,0.15165857708096125,0.15165857708096125,23,0.8483414229190389,32.15563228610511,0.0,1-13
pos-120,1,24,10,T0.9_P0.5,0.9,0.5,37,1,-0.0,0.0,0.0,0.0,23,1.0,0.0,0.0,1-13
pos-120,1,24,10,T0.9_P0.9,0.9,0.9,37,2,0.8521037496843578,58.842558826649764,0.27755923974834795,0.27755923974834795,23,0.7224407602516522,58.842558826649764,0.0,1-13
pos-120,1,24,10,T0.9_P0.95,0.9,0.95,37,2,0.8521037496843578,58.842558826649764,0.27755923974834795,0.27755923974834795,23,0.7224407602516522,58.842558826649764,0.0,1-13
pos-120,1,24,10,T0.9_P1,0.9,1.0,37,37,0.902888379713903,60.14894453386275,0.28094468333920586,0.28094468333920586,23,0.7190553166607943,60.14894453386275,0.0,1-13
pos-120,1,24,10,T1_P0.5,1.0,0.5,37,1,-0.0,0.0,0.0,0.0,23,1.0,0.0,0.0,1-13
pos-120,1,24,10,T1_P0.9,1.0,0.9,37,2,0.8777701806488094,62.99427258926671,0.2971427952323901,0.2971427952323901,23,0.7028572047676099,62.99427258926671,0.0,1-13
pos-120,1,24,10,T1_P0.95,1.0,0.95,37,2,0.8777701806488094,62.99427258926671,0.2971427952323901,0.2971427952323901,23,0.7028572047676099,62.99427258926671,0.0,1-13
pos-120,1,24,10,T1_P1,1.0,1.0,37,37,0.9688873314533692,65.4860832628536,0.30347886650848094,0.30347886650848094,23,0.6965211334915188,65.4860832628536,0.0,1-13
pos-121,1,40,10,argmax,0.0,0.0,39,1,-0.0,86.0,0.0,0.0,288,0.0,86.0,0.0,1-14
pos-121,1,40,10,T0.5_P0.5,0.5,0.5,39,1,-0.0,86.0,0.0,0.0,288,0.0,86.0,0.0,1-14
pos-121,1,40,10,T0.5_P0.9,0.5,0.9,39,2,0.9189266981938007,57.278967491966746,0.0,0.0,288,0.33396549427945643,57.278967491966746,0.0,1-14
pos-121,1,40,10,T0.5_P0.95,0.5,0.95,39,2,0.9189266981938007,57.278967491966746,0.0,0.0,288,0.33396549427945643,57.278967491966746,0.0,1-14
pos-121,1,40,10,T0.5_P1,0.5,1.0,39,39,1.2303356503872418,63.36897084793122,0.045568167405200574,0.001535259961764904,288,0.31774786144582784,63.36897084793122,0.0,1-14
pos-121,1,40,10,T0.9_P0.5,0.9,0.5,39,2,0.9739569136964046,51.14570426253294,0.0,0.0,288,0.4052825085751984,51.14570426253294,0.0,1-14
pos-121,1,40,10,T0.9_P0.9,0.9,0.9,39,6,1.722278693213045,70.43924668239039,0.1430407824936252,0.0,288,0.33793624884724427,70.43924668239039,0.0,1-14
pos-121,1,40,10,T0.9_P0.95,0.9,0.95,39,9,1.9540371657800164,74.83571844289723,0.1766615326463947,0.014205566657173563,288,0.32467812645593824,74.83571844289723,0.0,1-14
pos-121,1,40,10,T0.9_P1,0.9,1.0,39,39,2.2818169092659355,82.966080981365,0.20668713875550923,0.02747487605279006,288,0.30965564012414865,82.966080981365,0.0,1-14
pos-121,1,40,10,T1_P0.5,1.0,0.5,39,2,0.9788322313372185,50.34796349632375,0.0,0.0,288,0.4145585639962356,50.34796349632375,0.0,1-14
pos-121,1,40,10,T1_P0.9,1.0,0.9,39,7,1.9382525858369302,74.6695081081146,0.18501184782976823,0.0,288,0.3257734300538886,74.6695081081146,0.0,1-14
pos-121,1,40,10,T1_P0.95,1.0,0.95,39,11,2.2437403207833624,80.11663234203468,0.21757498999801647,0.018435100115915093,288,0.308134639107053,80.11663234203468,0.0,1-14
pos-121,1,40,10,T1_P1,1.0,1.0,39,39,2.543630624506063,90.568042806815,0.2521416685209099,0.03920231651198265,288,0.29452158881389534,90.568042806815,0.0,1-14
pos-122,1,60,10,argmax,0.0,0.0,32,1,-0.0,15.0,0.0,0.0,771,0.0,15.0,0.0,1-22
pos-122,1,60,10,T0.5_P0.5,0.5,0.5,32,1,-0.0,15.0,0.0,0.0,771,0.0,15.0,0.0,1-22
pos-122,1,60,10,T0.5_P0.9,0.5,0.9,32,2,0.47985168708650483,15.206909175010288,0.0,0.0,771,0.0,15.206909175010288,0.0,1-22
pos-122,1,60,10,T0.5_P0.95,0.5,0.95,32,2,0.47985168708650483,15.206909175010288,0.0,0.0,771,0.0,15.206909175010288,0.0,1-22
pos-122,1,60,10,T0.5_P1,0.5,1.0,32,32,0.6145877319595114,15.054292183827473,0.00013421045561316954,1.1259326594448714e-05,771,0.010074097300139351,15.054292183827473,0.0,1-22
pos-122,1,60,10,T0.9_P0.5,0.9,0.5,32,1,-0.0,15.0,0.0,0.0,771,0.0,15.0,0.0,1-22
pos-122,1,60,10,T0.9_P0.9,0.9,0.9,32,3,1.061884776115423,14.532339599577751,0.0,0.0,771,0.06019027841566991,14.532339599577751,0.0,1-22
pos-122,1,60,10,T0.9_P0.95,0.9,0.95,32,5,1.3316997769773276,14.46589116754693,0.0,0.0,771,0.057342573860964016,14.46589116754693,0.0,1-22
pos-122,1,60,10,T0.9_P1,0.9,1.0,32,32,1.5843496301931126,15.836500511046806,0.007932440242548853,0.0025276280227758937,771,0.05539031864462385,15.836500511046806,0.0,1-22
pos-122,1,60,10,T1_P0.5,1.0,0.5,32,1,-0.0,15.0,0.0,0.0,771,0.0,15.0,0.0,1-22
pos-122,1,60,10,T1_P0.9,1.0,0.9,32,4,1.3302707513758358,14.269441242480813,0.0,0.0,771,0.07098090915695963,14.269441242480813,0.0,1-22
pos-122,1,60,10,T1_P0.95,1.0,0.95,32,6,1.5833113512612647,13.992621318678172,0.0,0.0,771,0.06773138377873493,13.992621318678172,0.0,1-22
pos-122,1,60,10,T1_P1,1.0,1.0,32,32,1.813699503461222,16.725076629290527,0.013535874858835027,0.0049759131921597866,771,0.0657535725425969,16.725076629290527,0.0,1-22
pos-123,2,24,10,argmax,0.0,0.0,35,1,-0.0,0.0,0.0,0.0,-128,1.0,0.0,0.0,2-13
pos-123,2,24,10,T0.5_P0.5,0.5,0.5,35,1,-0.0,0.0,0.0,0.0,-128,1.0,0.0,0.0,2-13
pos-123,2,24,10,T0.5_P0.9,0.5,0.9,35,1,-0.0,0.0,0.0,0.0,-128,1.0,0.0,0.0,2-13
pos-123,2,24,10,T0.5_P0.95,0.5,0.95,35,1,-0.0,0.0,0.0,0.0,-128,1.0,0.0,0.0,2-13
pos-123,2,24,10,T0.5_P1,0.5,1.0,35,35,0.31635854367733063,1.292290924886778,0.00035934944803357255,2.2805021838838634e-07,-128,0.962970288126908,1.292290924886778,0.0,2-13
pos-123,2,24,10,T0.9_P0.5,0.9,0.5,35,1,-0.0,0.0,0.0,0.0,-128,1.0,0.0,0.0,2-13
pos-123,2,24,10,T0.9_P0.9,0.9,0.9,35,5,1.1648990152597467,6.996258710284711,0.0,0.0,-128,0.7850635628829229,6.996258710284711,0.0,2-13
pos-123,2,24,10,T0.9_P0.95,0.9,0.95,35,7,1.3939848420744927,8.84151287376868,0.0,0.0,-128,0.7548258040772379,8.84151287376868,0.0,2-13
pos-123,2,24,10,T0.9_P1,0.9,1.0,35,35,1.7283734082933273,11.962553227598978,0.013200668940354406,0.0002891209125230959,-128,0.7212716414219584,11.962553227598978,0.0,2-13
pos-123,2,24,10,T1_P0.5,1.0,0.5,35,1,-0.0,0.0,0.0,0.0,-128,1.0,0.0,0.0,2-13
pos-123,2,24,10,T1_P0.9,1.0,0.9,35,6,1.4826832753391803,9.043251471570613,0.0,0.0,-128,0.7174638193190566,9.043251471570613,0.0,2-13
pos-123,2,24,10,T1_P0.95,1.0,0.95,35,8,1.7196320917446115,11.891995051270827,0.0,0.0,-128,0.6861758035770464,11.891995051270827,0.0,2-13
pos-123,2,24,10,T1_P1,1.0,1.0,35,35,2.0677775286569666,15.596661124522523,0.020038152594198964,0.0006803384617610239,-128,0.6532291396423918,15.596661124522523,0.0,2-13
pos-124,2,40,10,argmax,0.0,0.0,38,1,-0.0,134.0,1.0,0.0,-30,0.0,134.0,0.0,2-15
pos-124,2,40,10,T0.5_P0.5,0.5,0.5,38,2,0.9940866760865248,73.06207518768859,0.5452393670723029,0.0,-30,0.45476063292769703,73.06207518768859,0.0,2-15
pos-124,2,40,10,T0.5_P0.9,0.5,0.9,38,3,1.4323132076475655,73.86876680983696,0.4711663460446935,0.0,-30,0.3929795218053313,73.86876680983696,0.0,2-15
pos-124,2,40,10,T0.5_P0.95,0.5,0.95,38,4,1.654094863624468,76.86929819309393,0.4989406804430723,0.0,-30,0.3723402440878456,76.86929819309393,0.0,2-15
pos-124,2,40,10,T0.5_P1,0.5,1.0,38,38,1.9466939471737368,80.41648872711178,0.5223672575517943,0.000107320927034251,-30,0.3549318113966475,80.41648872711178,0.0,2-15
pos-124,2,40,10,T0.9_P0.5,0.9,0.5,38,2,0.9981697103589885,70.37419811339058,0.5251805829357505,0.0,-30,0.4748194170642495,70.37419811339058,0.0,2-15
pos-124,2,40,10,T0.9_P0.9,0.9,0.9,38,6,2.261249065699198,87.43765012911847,0.5374716535826201,0.0,-30,0.2975849788527034,87.43765012911847,0.0,2-15
pos-124,2,40,10,T0.9_P0.95,0.9,0.95,38,8,2.475631427735599,89.36863925390763,0.559472114562492,0.0,-30,0.28343015619987305,89.36863925390763,0.0,2-15
pos-124,2,40,10,T0.9_P1,0.9,1.0,38,38,2.7611386792350334,92.42499062442863,0.5802194111518184,0.003433517635994983,-30,0.270081603911979,92.42499062442863,0.0,2-15
pos-124,2,40,10,T1_P0.5,1.0,0.5,38,2,0.9985171078551378,70.03726643850192,0.5226661674515068,0.0,-30,0.47733383254849315,70.03726643850192,0.0,2-15
pos-124,2,40,10,T1_P0.9,1.0,0.9,38,7,2.4519462549847004,90.0907627557522,0.5609099053310654,0.0,-30,0.2765111937035227,90.0907627557522,0.0,2-15
pos-124,2,40,10,T1_P0.95,1.0,0.95,38,9,2.6476138885724496,92.06989003721836,0.5801239900582849,0.0,-30,0.26441137735979503,92.06989003721836,0.0,2-15
pos-124,2,40,10,T1_P1,1.0,1.0,38,38,2.920397411100037,95.4962841015038,0.598544715879775,0.005326895355472769,-30,0.25281116831926587,95.4962841015038,0.0,2-15
pos-125,2,60,10,argmax,0.0,0.0,30,1,-0.0,27.0,0.0,0.0,-648,0.0,27.0,0.0,2-23
pos-125,2,60,10,T0.5_P0.5,0.5,0.5,30,1,-0.0,27.0,0.0,0.0,-648,0.0,27.0,0.0,2-23
pos-125,2,60,10,T0.5_P0.9,0.5,0.9,30,3,1.090758676511138,26.901044470351938,0.0,0.0,-648,0.0,26.901044470351938,0.0,2-23
pos-125,2,60,10,T0.5_P0.95,0.5,0.95,30,4,1.3955481361058513,28.426657874327006,0.0,0.0,-648,0.0,28.426657874327006,0.0,2-23
pos-125,2,60,10,T0.5_P1,0.5,1.0,30,30,1.549904883277985,28.638197518691133,0.0010068520620689682,1.270275298335145e-05,-648,0.0033759529580051294,28.638197518691133,0.0,2-23
pos-125,2,60,10,T0.9_P0.5,0.9,0.5,30,2,0.8633493216573318,24.1411258912179,0.0,0.0,-648,0.0,24.1411258912179,0.0,2-23
pos-125,2,60,10,T0.9_P0.9,0.9,0.9,30,6,2.088656081676,29.557436407791243,0.0,0.0,-648,0.02413308620640039,29.557436407791243,0.0,2-23
pos-125,2,60,10,T0.9_P0.95,0.9,0.95,30,8,2.2808405248651002,30.116896313676463,0.0,0.0,-648,0.023212052935938303,30.116896313676463,0.0,2-23
pos-125,2,60,10,T0.9_P1,0.9,1.0,30,30,2.5982486923477732,32.325926394999144,0.014968477469950822,0.001580118322336705,-648,0.022082119850125207,32.325926394999144,0.0,2-23
pos-125,2,60,10,T1_P0.5,1.0,0.5,30,2,0.8872421278581613,23.950632171189135,0.0,0.0,-648,0.0,23.950632171189135,0.0,2-23
pos-125,2,60,10,T1_P0.9,1.0,0.9,30,7,2.2808280832708117,30.13503790385535,0.0,0.0,-648,0.02943868100078954,30.13503790385535,0.0,2-23
pos-125,2,60,10,T1_P0.95,1.0,0.95,30,10,2.5394426093338827,32.614310357453654,0.01462537182820815,0.0,-648,0.027896472114621446,32.614310357453654,0.0,2-23
pos-125,2,60,10,T1_P1,1.0,1.0,30,30,2.7973637868608217,33.52358318847054,0.020914426908692507,0.002839130851510224,-648,0.026814737033123207,33.52358318847054,0.0,2-23
pos-126,0,24,10,argmax,0.0,0.0,34,1,-0.0,0.0,0.0,0.0,-91,1.0,0.0,0.0,0-14
pos-126,0,24,10,T0.5_P0.5,0.5,0.5,34,1,-0.0,0.0,0.0,0.0,-91,1.0,0.0,0.0,0-14
pos-126,0,24,10,T0.5_P0.9,0.5,0.9,34,2,0.4528026262726848,11.679708205100859,0.09495697727724275,0.0,-91,0.9050430227227572,11.679708205100859,0.0,0-14
pos-126,0,24,10,T0.5_P0.95,0.5,0.95,34,2,0.4528026262726848,11.679708205100859,0.09495697727724275,0.0,-91,0.9050430227227572,11.679708205100859,0.0,0-14
pos-126,0,24,10,T0.5_P1,0.5,1.0,34,34,0.6699522168590183,16.252280047761452,0.11959815678120382,0.004371465368330137,-91,0.880401843218796,16.252280047761452,0.0,0-14
pos-126,0,24,10,T0.9_P0.5,0.9,0.5,34,1,-0.0,0.0,0.0,0.0,-91,1.0,0.0,0.0,0-14
pos-126,0,24,10,T0.9_P0.9,0.9,0.9,34,4,1.2889272689941178,42.33458686133057,0.3101263141927842,0.0,-91,0.6898736858072158,42.33458686133057,0.0,0-14
pos-126,0,24,10,T0.9_P0.95,0.9,0.95,34,7,1.6176034542639122,52.744780300104054,0.3495209856102387,0.04307486193213447,-91,0.6504790143897613,52.744780300104054,0.0,0-14
pos-126,0,24,10,T0.9_P1,0.9,1.0,34,34,1.9117889876752145,57.883392581879974,0.37336830928054093,0.05578511377805133,-91,0.6266316907194591,57.883392581879974,0.0,0-14
pos-126,0,24,10,T1_P0.5,1.0,0.5,34,1,-0.0,0.0,0.0,0.0,-91,1.0,0.0,0.0,0-14
pos-126,0,24,10,T1_P0.9,1.0,0.9,34,5,1.5693173035220822,54.32553521280348,0.37159953054632794,0.03667488614095365,-91,0.6284004694536722,54.32553521280348,0.0,0-14
pos-126,0,24,10,T1_P0.95,1.0,0.95,34,8,1.8553168946094742,61.484298919891,0.4032083175854648,0.05535989999007644,-91,0.5967916824145354,61.484298919891,0.0,0-14
pos-126,0,24,10,T1_P1,1.0,1.0,34,34,2.205421482897841,68.78739864598708,0.43075935258571313,0.07580591418722253,-91,0.5692406474142869,68.78739864598708,0.0,0-14
pos-127,0,40,10,argmax,0.0,0.0,37,1,-0.0,0.0,0.0,0.0,154,1.0,0.0,0.0,0-14
pos-127,0,40,10,T0.5_P0.5,0.5,0.5,37,1,-0.0,0.0,0.0,0.0,154,1.0,0.0,0.0,0-14
pos-127,0,40,10,T0.5_P0.9,0.5,0.9,37,2,0.47742893206345605,6.263383554005211,0.0,0.0,154,0.8973215810818818,6.263383554005211,0.0,0-14
pos-127,0,40,10,T0.5_P0.95,0.5,0.95,37,3,0.7581568441242674,7.676897152039326,0.0,0.0,154,0.8480386359313314,7.676897152039326,0.0,0-14
pos-127,0,40,10,T0.5_P1,0.5,1.0,37,37,1.029428283190531,11.576911480160723,0.025674216231482028,0.0002810833353887218,154,0.8143730558889801,11.576910569491767,9.953754019955068e-11,0-14
pos-127,0,40,10,T0.9_P0.5,0.9,0.5,37,1,-0.0,0.0,0.0,0.0,154,1.0,0.0,0.0,0-14
pos-127,0,40,10,T0.9_P0.9,0.9,0.9,37,5,1.76077910798542,28.598037804718473,0.08248070850453504,0.0,154,0.576714854664089,28.598037804718473,0.0,0-14
pos-127,0,40,10,T0.9_P0.95,0.9,0.95,37,6,1.9292682829543584,28.34193165736913,0.07927917842681492,0.0,154,0.5543293782666167,28.34193165736913,0.0,0-14
pos-127,0,40,10,T0.9_P1,0.9,1.0,37,37,2.192824337435013,34.70030567179097,0.11062882339374017,0.01402272080961725,154,0.5354550041933749,34.68506636455803,1.6656800997862254e-06,0-14
pos-127,0,40,10,T1_P0.5,1.0,0.5,37,2,0.8156351480802024,15.418818814578694,0.0,0.0,154,0.7472324784495296,15.418818814578694,0.0,0-14
pos-127,0,40,10,T1_P0.9,1.0,0.9,37,5,1.8584656084571913,31.53248859168815,0.09336370595504084,0.0,154,0.537435019258841,31.53248859168815,0.0,0-14
pos-127,0,40,10,T1_P0.95,1.0,0.95,37,7,2.112041279086779,32.3130523014554,0.0996460824588826,0.0,154,0.5062946017076124,32.3130523014554,0.0,0-14
pos-127,0,40,10,T1_P1,1.0,1.0,37,37,2.413999902818418,40.99224110400051,0.13608098985265016,0.022662063962689608,154,0.4858062175646749,40.94310299376002,5.370872252759296e-06,0-14
pos-128,0,60,10,argmax,0.0,0.0,30,1,-0.0,66.0,0.0,0.0,404,0.0,66.0,0.0,0-18
pos-128,0,60,10,T0.5_P0.5,0.5,0.5,30,1,-0.0,66.0,0.0,0.0,404,0.0,66.0,0.0,0-18
pos-128,0,60,10,T0.5_P0.9,0.5,0.9,30,3,1.3798495541624567,45.64946530718116,0.0,0.0,404,0.12013008120292179,45.64946530718116,0.0,0-18
pos-128,0,60,10,T0.5_P0.95,0.5,0.95,30,3,1.3798495541624567,45.64946530718116,0.0,0.0,404,0.12013008120292179,45.64946530718116,0.0,0-18
pos-128,0,60,10,T0.5_P1,0.5,1.0,30,30,1.6419283717514244,148.95693761618273,0.034527468276807756,0.029875058250873537,404,0.11537788071911025,61.22951300682239,0.009329727161806176,0-18
pos-128,0,60,10,T0.9_P0.5,0.9,0.5,30,2,0.9893899488453026,50.1803462602937,0.0,0.0,404,0.0,50.1803462602937,0.0,0-18
pos-128,0,60,10,T0.9_P0.9,0.9,0.9,30,5,1.9451254193876346,489.4573029514901,0.10839606505547517,0.10839606505547517,404,0.17518154588479787,101.44918432979632,0.041264289973592876,0-18
pos-128,0,60,10,T0.9_P0.95,0.9,0.95,30,7,2.1980312790775316,466.6199572781789,0.1303057654105809,0.10251493495689823,404,0.1656769069323502,99.66358277422967,0.03902545724810691,0-18
pos-128,0,60,10,T0.9_P1,0.9,1.0,30,30,2.3960225662646333,609.8375202146775,0.14506499110750773,0.11661700739566536,404,0.1609288814216034,112.88242468636764,0.05285065913923776,0-18
pos-128,0,60,10,T1_P0.5,1.0,0.5,30,2,0.9913938150698625,49.9641425706664,0.0,0.0,404,0.0,49.9641425706664,0.0,0-18
pos-128,0,60,10,T1_P0.9,1.0,0.9,30,6,2.1490311247044303,560.7820636441221,0.15695165079665552,0.12176679699559163,404,0.17546082166457855,111.7017524579463,0.047759258873357,0-18
pos-128,0,60,10,T1_P0.95,1.0,0.95,30,7,2.286168522535856,543.3296026333815,0.15183913816891018,0.11780038897044375,404,0.16974539489536966,108.87754639168972,0.04620355803910366,0-18
pos-128,0,60,10,T1_P1,1.0,1.0,30,30,2.554470149080835,744.3808907021418,0.1733050840070147,0.1380731450233177,404,0.1627164749829693,127.62014268758668,0.06559181340276946,0-18
pos-129,1,24,10,argmax,0.0,0.0,38,1,-0.0,0.0,0.0,0.0,141,1.0,0.0,0.0,1-14
pos-129,1,24,10,T0.5_P0.5,0.5,0.5,38,2,0.9931961468685906,17.607665270007754,0.0,0.0,141,0.5485214033331345,17.607665270007754,0.0,1-14
pos-129,1,24,10,T0.5_P0.9,0.5,0.9,38,4,1.8353250889275001,53.82500030994204,0.07602863337676545,0.07602863337676545,141,0.3701047072338412,53.82500030994204,0.0,1-14
pos-129,1,24,10,T0.5_P0.95,0.5,0.95,38,6,2.0361552324081362,55.73443609821915,0.09573945184171742,0.07312992460942988,141,0.3559938951352673,55.73443609821915,0.0,1-14
pos-129,1,24,10,T0.5_P1,0.5,1.0,38,38,2.3541774168214213,64.27852088652074,0.1349180854024982,0.10496810958382011,141,0.33842735137314944,64.27852088652074,0.0,1-14
pos-129,1,24,10,T0.9_P0.5,0.9,0.5,38,3,1.579185495490699,30.800397081457916,0.0,0.0,141,0.3703321921115604,30.800397081457916,0.0,1-14
pos-129,1,24,10,T0.9_P0.9,0.9,0.9,38,10,2.8636465132259796,100.29217531736344,0.29211160098630373,0.2083758824622033,141,0.2461618126784436,100.29217531736344,0.0,1-14
pos-129,1,24,10,T0.9_P0.95,0.9,0.95,38,12,3.034079315789617,101.41632794749228,0.2985365097566838,0.2182433318037621,141,0.23604161496405288,101.41632794749228,0.0,1-14
pos-129,1,24,10,T0.9_P1,0.9,1.0,38,38,3.275983363131134,106.68325232653048,0.3154085154623141,0.2257504061760727,141,0.22762452442237283,106.68325232653048,0.0,1-14
pos-129,1,24,10,T1_P0.5,1.0,0.5,38,3,1.5802799370880272,31.02057601263343,0.0,0.0,141,0.3665867491109027,31.02057601263343,0.0,1-14
pos-129,1,24,10,T1_P0.9,1.0,0.9,38,10,2.940114252775309,106.25413863712396,0.3199395754643636,0.2262140251616645,141,0.23157738672178602,106.25413863712396,0.0,1-14
pos-129,1,24,10,T1_P0.95,1.0,0.95,38,13,3.174329416779316,109.33493996422062,0.33284425489623454,0.2445484526404914,141,0.2181615480394756,109.33493996422062,0.0,1-14
pos-129,1,24,10,T1_P1,1.0,1.0,38,38,3.4458922460105854,114.63178319221137,0.3492893385528311,0.24707211562360237,141,0.20906107942988292,114.63178319221137,0.0,1-14
pos-130,1,40,10,argmax,0.0,0.0,42,1,-0.0,249.0,1.0,1.0,-83,0.0,249.0,0.0,1-15
pos-130,1,40,10,T0.5_P0.5,0.5,0.5,42,1,-0.0,249.0,1.0,1.0,-83,0.0,249.0,0.0,1-15
pos-130,1,40,10,T0.5_P0.9,0.5,0.9,42,3,1.356113940108225,176.74750692937036,0.8910939776326536,0.543908356797756,-83,0.0,176.74750692937036,0.0,1-15
pos-130,1,40,10,T0.5_P0.95,0.5,0.95,42,3,1.356113940108225,176.74750692937036,0.8910939776326536,0.543908356797756,-83,0.0,176.74750692937036,0.0,1-15
pos-130,1,40,10,T0.5_P1,0.5,1.0,42,42,1.4599631598100227,174.93215229371594,0.8786998671105911,0.5359049435226412,-83,0.00113930668105884,174.93215229371594,0.0,1-15
pos-130,1,40,10,T0.9_P0.5,0.9,0.5,42,2,0.9888695359559947,185.056231010907,1.0,0.5620289795267603,-83,0.0,185.056231010907,0.0,1-15
pos-130,1,40,10,T0.9_P0.9,0.9,0.9,42,3,1.4990910529257875,159.98928182275182,0.8130116817463287,0.45693612583522436,-83,0.0,159.98928182275182,0.0,1-15
pos-130,1,40,10,T0.9_P0.95,0.9,0.95,42,4,1.7205232898587455,154.2430515833146,0.7693460712190413,0.43239478731016007,-83,0.0,154.2430515833146,0.0,1-15
pos-130,1,40,10,T0.9_P1,0.9,1.0,42,42,1.994762506106875,151.80760158943932,0.7557335325964607,0.41743833640148165,-83,0.01360733193285254,151.80760158943932,0.0,1-15
pos-130,1,40,10,T1_P0.5,1.0,0.5,42,2,0.9909710683280243,184.1585864877582,0.9999999999999999,0.555880729368207,-83,0.0,184.1585864877582,0.0,1-15
pos-130,1,40,10,T1_P0.9,1.0,0.9,42,4,1.7595858013007357,150.96154994760718,0.7497376364177626,0.4167647041667015,-83,0.0,150.96154994760718,0.0,1-15
pos-130,1,40,10,T1_P0.95,1.0,0.95,42,5,1.8613676356426785,148.11531147439112,0.735602036284279,0.4089069964544433,-83,0.018854062337091013,148.11531147439112,0.0,1-15
pos-130,1,40,10,T1_P1,1.0,1.0,42,42,2.1323640655140705,148.16681866987204,0.732261288926529,0.39708060879370627,-83,0.01812515417503129,148.16681866987204,0.0,1-15
pos-131,1,60,10,argmax,0.0,0.0,18,1,-0.0,0.0,0.0,0.0,327,1.0,0.0,0.0,1-24
pos-131,1,60,10,T0.5_P0.5,0.5,0.5,18,1,-0.0,0.0,0.0,0.0,327,1.0,0.0,0.0,1-24
pos-131,1,60,10,T0.5_P0.9,0.5,0.9,18,1,-0.0,0.0,0.0,0.0,327,1.0,0.0,0.0,1-24
pos-131,1,60,10,T0.5_P0.95,0.5,0.95,18,1,-0.0,0.0,0.0,0.0,327,1.0,0.0,0.0,1-24
pos-131,1,60,10,T0.5_P1,0.5,1.0,18,18,0.00025494022782828423,0.1417439307131252,1.3958630789054985e-05,1.3958630789054985e-05,327,0.999986041369211,0.01392816433716746,1.3706015988195479e-05,1-24
pos-131,1,60,10,T0.9_P0.5,0.9,0.5,18,1,-0.0,0.0,0.0,0.0,327,1.0,0.0,0.0,1-24
pos-131,1,60,10,T0.9_P0.9,0.9,0.9,18,1,-0.0,0.0,0.0,0.0,327,1.0,0.0,0.0,1-24
pos-131,1,60,10,T0.9_P0.95,0.9,0.95,18,1,-0.0,0.0,0.0,0.0,327,1.0,0.0,0.0,1-24
pos-131,1,60,10,T0.9_P1,0.9,1.0,18,18,0.035356404908929204,28.36144773863621,0.0030051556223282226,0.0030051556223282226,327,0.9969948443776716,2.977743166148592,0.002719677465811258,1-24
pos-131,1,60,10,T1_P0.5,1.0,0.5,18,1,-0.0,0.0,0.0,0.0,327,1.0,0.0,0.0,1-24
pos-131,1,60,10,T1_P0.9,1.0,0.9,18,1,-0.0,0.0,0.0,0.0,327,1.0,0.0,0.0,1-24
pos-131,1,60,10,T1_P0.95,1.0,0.95,18,1,-0.0,0.0,0.0,0.0,327,1.0,0.0,0.0,1-24
pos-131,1,60,10,T1_P1,1.0,1.0,18,18,0.06804106366835976,57.3567934975728,0.006186035034764707,0.006186035034764707,327,0.9938139649652353,6.122063242235752,0.005487655139411557,1-24
pos-132,2,24,10,argmax,0.0,0.0,29,1,-0.0,69.0,0.0,0.0,3,0.0,69.0,0.0,2-14
pos-132,2,24,10,T0.5_P0.5,0.5,0.5,29,1,-0.0,69.0,0.0,0.0,3,0.0,69.0,0.0,2-14
pos-132,2,24,10,T0.5_P0.9,0.5,0.9,29,3,1.0937146371322668,65.50238271867124,0.0,0.0,3,0.0,65.50238271867124,0.0,2-14
pos-132,2,24,10,T0.5_P0.95,0.5,0.95,29,4,1.2848701812949788,66.73429560772958,0.0,0.0,3,0.0,66.73429560772958,0.0,2-14
pos-132,2,24,10,T0.5_P1,0.5,1.0,29,29,1.4192358372994358,66.52382263732662,0.000796684119129153,6.930537144911304e-08,3,0.0009764861360470167,66.52382263732662,0.0,2-14
pos-132,2,24,10,T0.9_P0.5,0.9,0.5,29,2,0.9298270304627987,65.54671110389602,0.0,0.0,3,0.0,65.54671110389602,0.0,2-14
pos-132,2,24,10,T0.9_P0.9,0.9,0.9,29,5,1.94458434459084,66.29089916567476,0.0,0.0,3,0.0,66.29089916567476,0.0,2-14
pos-132,2,24,10,T0.9_P0.95,0.9,0.95,29,6,2.050899736343171,65.67471026689762,0.0,0.0,3,0.0,65.67471026689762,0.0,2-14
pos-132,2,24,10,T0.9_P1,0.9,1.0,29,29,2.2668502130394974,65.5534854621582,0.01100320093144617,9.566244838506095e-05,3,0.011905809531954643,65.5534854621582,0.0,2-14
pos-132,2,24,10,T1_P0.5,1.0,0.5,29,2,0.9426242703426098,65.40070961235013,0.0,0.0,3,0.0,65.40070961235013,0.0,2-14
pos-132,2,24,10,T1_P0.9,1.0,0.9,29,5,2.009679403771331,66.30602412662329,0.0,0.0,3,0.0,66.30602412662329,0.0,2-14
pos-132,2,24,10,T1_P0.95,1.0,0.95,29,6,2.1338056013682167,65.52150300034855,0.0,0.0,3,0.0,65.52150300034855,0.0,2-14
pos-132,2,24,10,T1_P1,1.0,1.0,29,29,2.4250570480652938,65.43353636707366,0.015047136911076108,0.00023246672251103098,3,0.015759115459465033,65.43353636707366,0.0,2-14
pos-133,2,40,10,argmax,0.0,0.0,39,1,-0.0,108.0,1.0,0.0,-51,0.0,108.0,0.0,2-16
pos-133,2,40,10,T0.5_P0.5,0.5,0.5,39,2,0.9959457139015454,58.04645860802356,0.5374672093335515,0.0,-51,0.4625327906664485,58.04645860802356,0.0,2-16
pos-133,2,40,10,T0.5_P0.9,0.5,0.9,39,3,1.561337985966908,43.728964890834874,0.4001671267958401,0.0,-51,0.344375274762088,43.728964890834874,0.0,2-16
pos-133,2,40,10,T0.5_P0.95,0.5,0.95,39,3,1.561337985966908,43.728964890834874,0.4001671267958401,0.0,-51,0.344375274762088,43.728964890834874,0.0,2-16
pos-133,2,40,10,T0.5_P1,0.5,1.0,39,39,1.6586869295227398,43.345506213919506,0.39504423650312515,0.00015304854656918938,-51,0.3390528037470921,43.345506213919506,0.0,2-16
pos-133,2,40,10,T0.9_P0.5,0.9,0.5,39,2,0.9987462402452811,56.250949392913476,0.5208421240084581,0.0,-51,0.47915787599154197,56.250949392913476,0.0,2-16
pos-133,2,40,10,T0.9_P0.9,0.9,0.9,39,3,1.5774473394384712,40.58814103882794,0.3704696335291495,0.0,-51,0.340820057630956,40.58814103882794,0.0,2-16
pos-133,2,40,10,T0.9_P0.95,0.9,0.95,39,4,1.79956620847251,38.83058261151434,0.34985677044003693,0.0,-51,0.3218568915570014,38.83058261151434,0.0,2-16
pos-133,2,40,10,T0.9_P1,0.9,1.0,39,39,1.9449324236781356,42.54130185965357,0.36266268042450966,0.007941288516095523,-51,0.31551725715989964,42.54130185965357,0.0,2-16
pos-133,2,40,10,T1_P0.5,1.0,0.5,39,2,0.9989842868572236,56.02607749884169,0.5187599768411267,0.0,-51,0.4812400231588732,56.02607749884169,0.0,2-16
pos-133,2,40,10,T1_P0.9,1.0,0.9,39,3,1.5788543522304113,40.194968826704006,0.366749208184017,0.0,-51,0.3402236204008992,40.194968826704006,0.0,2-16
pos-133,2,40,10,T1_P0.95,1.0,0.95,39,4,1.8243578197778099,38.15146503218623,0.3427243917873784,0.0,-51,0.3179364284137523,38.15146503218623,0.0,2-16
pos-133,2,40,10,T1_P1,1.0,1.0,39,39,2.0352728920755103,44.32620715785949,0.3622588031481162,0.013748893928204931,-51,0.3084872705542551,44.32620715785949,0.0,2-16
pos-134,2,60,10,argmax,0.0,0.0,42,1,-0.0,9367.0,1.0,1.0,9997,0.0,1000.0,0.0,2-24
pos-134,2,60,10,T0.5_P0.5,0.5,0.5,42,1,-0.0,9367.0,1.0,1.0,9997,0.0,1000.0,0.0,2-24
pos-134,2,60,10,T0.5_P0.9,0.5,0.9,42,3,1.338640309874905,6191.621524899899,0.6614034320296885,0.6614034320296885,9997,0.33859656797031146,661.4034320296886,0.33859656797031146,2-24
pos-134,2,60,10,T0.5_P0.95,0.5,0.95,42,4,1.520460241750555,6312.815943622165,0.6742336879096564,0.6742336879096564,9997,0.32576631209034357,674.2336879096564,0.32576631209034357,2-24
pos-134,2,60,10,T0.5_P1,0.5,1.0,42,42,1.747776827395753,6407.3420013266805,0.6845038589528067,0.6845038589528067,9997,0.3154600076527288,684.5039312195958,0.3154961410471931,2-24
pos-134,2,60,10,T0.9_P0.5,0.9,0.5,42,2,0.9863022065418778,5327.8685730160905,0.5687913497401612,0.5687913497401612,9997,0.43120865025983884,568.7913497401612,0.43120865025983884,2-24
pos-134,2,60,10,T0.9_P0.9,0.9,0.9,42,6,2.1655008247726943,6640.114621321445,0.7099871566585826,0.7099871566585826,9997,0.2900128433414174,709.9871566585826,0.2900128433414174,2-24
pos-134,2,60,10,T0.9_P0.95,0.9,0.95,42,9,2.4314885697247224,6784.756154312241,0.7253017375768374,0.7253017375768374,9997,0.2746982624231625,725.3017375768374,0.2746982624231625,2-24
pos-134,2,60,10,T0.9_P1,0.9,1.0,42,42,2.726814971099246,6883.259509401931,0.7355881506275929,0.7355881506275929,9997,0.26271353433820555,735.5915472576612,0.26441184937240714,2-24
pos-134,2,60,10,T1_P0.5,1.0,0.5,42,2,0.9888846970543136,5264.130623039427,0.5619868285512359,0.5619868285512359,9997,0.438013171448764,561.9868285512359,0.438013171448764,2-24
pos-134,2,60,10,T1_P0.9,1.0,0.9,42,7,2.3548202527911433,6792.485501071589,0.7262564532203555,0.7262564532203555,9997,0.27374354677964446,726.2564532203555,0.27374354677964446,2-24
pos-134,2,60,10,T1_P0.95,1.0,0.95,42,11,2.6648977496815216,6953.243782513498,0.7431788291367806,0.7431788291367806,9997,0.2568211708632196,743.1788291367806,0.2568211708632196,2-24
pos-134,2,60,10,T1_P1,1.0,1.0,42,42,2.9303143719769005,7024.100199990218,0.7505587847981875,0.7505587847981875,9997,0.246799858028909,750.5640675125334,0.24944121520181253,2-24
pos-135,0,40,10,argmax,0.0,0.0,31,1,-0.0,0.0,0.0,0.0,-63,1.0,0.0,0.0,0-15
pos-135,0,40,10,T0.5_P0.5,0.5,0.5,31,1,-0.0,0.0,0.0,0.0,-63,1.0,0.0,0.0,0-15
pos-135,0,40,10,T0.5_P0.9,0.5,0.9,31,2,0.39768952685926373,0.8660335499775682,0.0,0.0,-63,0.9212696772747664,0.8660335499775682,0.0,0-15
pos-135,0,40,10,T0.5_P0.95,0.5,0.95,31,3,0.5711247243226966,1.7398296925541195,0.0,0.0,-63,0.8954136113100375,1.7398296925541195,0.0,0-15
pos-135,0,40,10,T0.5_P1,0.5,1.0,31,31,0.8512712013290912,3.846715297765802,0.008740547609643977,0.00046652994376885016,-63,0.8635882776889886,3.846715008678254,3.23653770345999e-11,0-15
pos-135,0,40,10,T0.9_P0.5,0.9,0.5,31,1,-0.0,0.0,0.0,0.0,-63,1.0,0.0,0.0,0-15
pos-135,0,40,10,T0.9_P0.9,0.9,0.9,31,6,1.8056058834196376,13.681996727008189,0.04592488531302912,0.0,-63,0.6074172665441845,13.681996727008189,0.0,0-15
pos-135,0,40,10,T0.9_P0.95,0.9,0.95,31,8,2.044273818529752,15.688290000657746,0.04372681248180709,0.0,-63,0.5783448501036117,15.688290000657746,0.0,0-15
pos-135,0,40,10,T0.9_P1,0.9,1.0,31,31,2.2868052837108874,21.07437457244027,0.05818147444708999,0.015775628201574746,-63,0.5608733268765758,21.066293561664892,9.047257921382331e-07,0-15
pos-135,0,40,10,T1_P0.5,1.0,0.5,31,1,-0.0,0.0,0.0,0.0,-63,1.0,0.0,0.0,0-15
pos-135,0,40,10,T1_P0.9,1.0,0.9,31,7,2.0849821190629028,15.961220202777895,0.053136301241277765,0.0,-63,0.54285828178607,15.961220202777895,0.0,0-15
pos-135,0,40,10,T1_P0.95,1.0,0.95,31,8,2.214859957472897,18.250353883374622,0.051577639033208854,0.0,-63,0.5269344657057013,18.250353883374622,0.0,0-15
pos-135,0,40,10,T1_P1,1.0,1.0,31,31,2.555801570074753,26.304651891573798,0.07285891704840881,0.023688115687480606,-63,0.5023454045029002,26.27718319107865,3.0753135350592907e-06,0-15
pos-136,0,60,10,argmax,0.0,0.0,23,1,-0.0,0.0,0.0,0.0,-432,1.0,0.0,0.0,0-22
pos-136,0,60,10,T0.5_P0.5,0.5,0.5,23,2,0.8890970259195191,19.922782168464575,0.0,0.0,-432,0.6934956589466988,19.922782168464575,0.0,0-22
pos-136,0,60,10,T0.5_P0.9,0.5,0.9,23,4,1.7265277463911073,31.968757312614535,0.08341142572183764,0.0,-432,0.5092775818271518,31.968757312614535,0.0,0-22
pos-136,0,60,10,T0.5_P0.95,0.5,0.95,23,5,1.8968995730033442,33.33519492854013,0.08015785830713255,0.0,-432,0.48941257015838685,33.33519492854013,0.0,0-22
pos-136,0,60,10,T0.5_P1,0.5,1.0,23,23,2.120194771372135,33.785135395496496,0.07723236741917695,0.0003172777199047829,-432,0.4695137763407384,33.785135395496496,0.0,0-22
pos-136,0,60,10,T0.9_P0.5,0.9,0.5,23,2,0.9638252517071864,25.252552777459204,0.0,0.0,-432,0.6114991880390892,25.252552777459204,0.0,0-22
pos-136,0,60,10,T0.9_P0.9,0.9,0.9,23,6,2.3682142858886728,43.068798654149745,0.12232496850431818,0.0,-432,0.33421907419774205,43.068798654149745,0.0,0-22
pos-136,0,60,10,T0.9_P0.95,0.9,0.95,23,7,2.5368221195997958,43.56865161225003,0.11616816076001071,0.0,-432,0.3173973033894112,43.56865161225003,0.0,0-22
pos-136,0,60,10,T0.9_P1,0.9,1.0,23,23,2.7620583070839237,44.81378418287504,0.11962262493182227,0.006400414722375298,-432,0.30655565578059235,44.81378418287504,0.0,0-22
pos-136,0,60,10,T1_P0.5,1.0,0.5,23,3,1.5472202983375043,31.783230257245336,0.0,0.0,-432,0.44189480176226065,31.783230257245336,0.0,0-22
pos-136,0,60,10,T1_P0.9,1.0,0.9,23,7,2.5839075282633597,44.74899755179296,0.12063441956136449,0.0,-432,0.29808199640190014,44.74899755179296,0.0,0-22
pos-136,0,60,10,T1_P0.95,1.0,0.95,23,7,2.5839075282633597,44.74899755179296,0.12063441956136449,0.0,-432,0.29808199640190014,44.74899755179296,0.0,0-22
pos-136,0,60,10,T1_P1,1.0,1.0,23,23,2.8785235377678484,46.580033437994004,0.12602783099015227,0.009520767974748913,-432,0.2837483501809273,46.580033437994004,0.0,0-22
pos-137,1,24,10,argmax,0.0,0.0,46,1,-0.0,10.0,0.0,0.0,161,0.0,10.0,0.0,1-15
pos-137,1,24,10,T0.5_P0.5,0.5,0.5,46,1,-0.0,10.0,0.0,0.0,161,0.0,10.0,0.0,1-15
pos-137,1,24,10,T0.5_P0.9,0.5,0.9,46,2,0.8303553827123836,7.375940109025876,0.0,0.0,161,0.2624059890974125,7.375940109025876,0.0,1-15
pos-137,1,24,10,T0.5_P0.95,0.5,0.95,46,3,0.9586340315881359,17.41933099831388,0.020724086401214717,0.020724086401214717,161,0.2569678647071615,17.41933099831388,0.0,1-15
pos-137,1,24,10,T0.5_P1,0.5,1.0,46,46,1.2157052031202151,25.546298528652343,0.05092729347018211,0.03742882352941337,161,0.24759684667489562,25.546298528652343,0.0,1-15
pos-137,1,24,10,T0.9_P0.5,0.9,0.5,46,2,0.9429119348945625,6.397241407521061,0.0,0.0,161,0.36027585924789396,6.397241407521061,0.0,1-15
pos-137,1,24,10,T0.9_P0.9,0.9,0.9,46,5,1.7638707788010126,70.89470268628169,0.1895758640268633,0.13157626476853898,161,0.29197625194295385,70.89470268628169,0.0,1-15
pos-137,1,24,10,T0.9_P0.95,0.9,0.95,46,6,1.918128185398778,70.3534632882042,0.18312051040615818,0.127095887893917,161,0.2820340055245344,70.3534632882042,0.0,1-15
pos-137,1,24,10,T0.9_P1,0.9,1.0,46,46,2.1197847000259613,82.03239233955078,0.21015925796445112,0.15598905295742885,161,0.2726986673560811,82.03239233955078,0.0,1-15
pos-137,1,24,10,T1_P0.5,1.0,0.5,46,2,0.953405480898756,6.263875726780242,0.0,0.0,161,0.3736124273219758,6.263875726780242,0.0,1-15
pos-137,1,24,10,T1_P0.9,1.0,0.9,46,5,1.8520393101683796,80.98192441159472,0.22031859334867918,0.15230304427884905,161,0.29129866287681244,80.98192441159472,0.0,1-15
pos-137,1,24,10,T1_P0.95,1.0,0.95,46,6,2.02468411154567,79.90001698762093,0.2111443567522156,0.14596102774116856,161,0.279168761297258,79.90001698762093,0.0,1-15
pos-137,1,24,10,T1_P1,1.0,1.0,46,46,2.2933576182917923,95.88502073554838,0.24701379292345108,0.18479436393568877,161,0.2664748975338856,95.88502073554838,0.0,1-15
pos-138,1,40,10,argmax,0.0,0.0,48,1,-0.0,0.0,0.0,0.0,9998,1.0,0.0,1.0,1-16
pos-138,1,40,10,T0.5_P0.5,0.5,0.5,48,1,-0.0,0.0,0.0,0.0,9998,1.0,0.0,1.0,1-16
pos-138,1,40,10,T0.5_P0.9,0.5,0.9,48,3,1.0280301464546184,2279.061381976928,0.25025226414872,0.25025226414872,9998,0.7497477358512802,250.25226414871997,0.7497477358512802,1-16
pos-138,1,40,10,T0.5_P0.95,0.5,0.95,48,4,1.209877643819404,2199.9296589089054,0.24156320775894236,0.24156320775894236,9998,0.7584367922410579,241.56320775894233,0.7584367922410579,1-16
pos-138,1,40,10,T0.5_P1,0.5,1.0,48,48,1.522690868689143,2529.456832890498,0.27702677012464366,0.27702677012464366,9998,0.7229732298753565,277.0267701246436,0.7229740671017615,1-16
pos-138,1,40,10,T0.9_P0.5,0.9,0.5,48,2,0.893854280899012,2812.0892774938625,0.3105908192504818,0.3105908192504818,9998,0.6894091807495182,310.59081925048184,0.6894091807495182,1-16
pos-138,1,40,10,T0.9_P0.9,0.9,0.9,48,7,2.259121921955412,4263.943420545274,0.4655199989894314,0.4655199989894314,9998,0.5344800010105686,465.5199989894314,0.5344800010105686,1-16
pos-138,1,40,10,T0.9_P0.95,0.9,0.95,48,9,2.4458498174876393,4455.198377177164,0.4860824742346211,0.4860824742346211,9998,0.5139175257653787,486.08247423462103,0.5139175257653787,1-16
pos-138,1,40,10,T0.9_P1,0.9,1.0,48,48,2.6666040887202636,4634.807114858575,0.5049130240706007,0.5049130240706007,9998,0.4950869759293993,504.9130240706006,0.4953029125874935,1-16
pos-138,1,40,10,T1_P0.5,1.0,0.5,48,2,0.9127836824599733,2968.957645163992,0.3279166826998003,0.3279166826998003,9998,0.6720833173001998,327.9166826998003,0.6720833173001998,1-16
pos-138,1,40,10,T1_P0.9,1.0,0.9,48,7,2.35447781163288,4514.780062752343,0.4926661675186658,0.4926661675186658,9998,0.5073338324813343,492.6661675186658,0.5073338324813343,1-16
pos-138,1,40,10,T1_P0.95,1.0,0.95,48,9,2.5671996326568896,4741.30917077744,0.5170131854083169,0.5170131854083169,9998,0.48298681459168297,517.013185408317,0.48298681459168297,1-16
pos-138,1,40,10,T1_P1,1.0,1.0,48,48,2.8491988835613347,4972.637690682093,0.541027367594069,0.541027367594069,9998,0.4589726324059309,541.0273675940691,0.4593874018239057,1-16
pos-139,1,60,10,argmax,0.0,0.0,47,1,-0.0,0.0,0.0,0.0,9996,1.0,0.0,1.0,1-28
pos-139,1,60,10,T0.5_P0.5,0.5,0.5,47,1,-0.0,0.0,0.0,0.0,9996,1.0,0.0,1.0,1-28
pos-139,1,60,10,T0.5_P0.9,0.5,0.9,47,1,-0.0,0.0,0.0,0.0,9996,1.0,0.0,1.0,1-28
pos-139,1,60,10,T0.5_P0.95,0.5,0.95,47,2,0.2383060127227687,354.6686701389308,0.03913369415634236,0.03913369415634236,9996,0.9608663058436577,39.13369415634236,0.9608663058436577,1-28
pos-139,1,60,10,T0.5_P1,0.5,1.0,47,47,0.5486535216027002,459.68500498799136,0.050685446110713274,0.050685446110713274,9996,0.9389007913695916,50.69585987323297,0.9493145538892869,1-28
pos-139,1,60,10,T0.9_P0.5,0.9,0.5,47,1,-0.0,0.0,0.0,0.0,9996,1.0,0.0,1.0,1-28
pos-139,1,60,10,T0.9_P0.9,0.9,0.9,47,6,1.5351661987953014,1634.613783264477,0.1798736171202233,0.1798736171202233,9996,0.7625716746554362,179.93117182844765,0.8201263828797768,1-28
pos-139,1,60,10,T0.9_P0.95,0.9,0.95,47,8,1.7651705951012624,1947.7629448986418,0.21454468636967683,0.21454468636967683,9996,0.7303337465853594,214.59980793672182,0.7854553136303232,1-28
pos-139,1,60,10,T0.9_P1,0.9,1.0,47,47,2.0850260780068868,2246.5667385480892,0.24760328051885658,0.24760328051885658,9996,0.6997974764442615,247.65587976189352,0.7523967194811435,1-28
pos-139,1,60,10,T1_P0.5,1.0,0.5,47,1,-0.0,0.0,0.0,0.0,9996,1.0,0.0,1.0,1-28
pos-139,1,60,10,T1_P0.9,1.0,0.9,47,7,1.8459853103781279,2098.797219097847,0.23104942464850411,0.23104942464850411,9996,0.7024576097499095,231.11591761410568,0.7689505753514961,1-28
pos-139,1,60,10,T1_P0.95,1.0,0.95,47,9,2.0984283059901245,2463.555362358246,0.2714054425215344,0.2714054425215344,9996,0.6655912717006073,271.46844580731226,0.7285945574784656,1-28
pos-139,1,60,10,T1_P1,1.0,1.0,47,47,2.405843089681256,2693.2894826129764,0.29682857581013716,0.29682857581013716,9996,0.6427494404397885,296.88899779388726,0.7031714241898628,1-28
pos-140,2,24,10,argmax,0.0,0.0,41,1,-0.0,0.0,0.0,0.0,122,1.0,0.0,0.0,2-15
pos-140,2,24,10,T0.5_P0.5,0.5,0.5,41,1,-0.0,0.0,0.0,0.0,122,1.0,0.0,0.0,2-15
pos-140,2,24,10,T0.5_P0.9,0.5,0.9,41,2,0.8823780595091933,22.566870265071156,0.0,0.0,122,0.6991083964657179,22.566870265071156,0.0,2-15
pos-140,2,24,10,T0.5_P0.95,0.5,0.95,41,2,0.8823780595091933,22.566870265071156,0.0,0.0,122,0.6991083964657179,22.566870265071156,0.0,2-15
pos-140,2,24,10,T0.5_P1,0.5,1.0,41,41,0.9919599975651222,23.15945115355899,6.351801976135426e-06,1.0484947541731537e-06,122,0.6898142660492679,23.15945115355899,0.0,2-15
pos-140,2,24,10,T0.9_P0.5,0.9,0.5,41,1,-0.0,0.0,0.0,0.0,122,1.0,0.0,0.0,2-15
pos-140,2,24,10,T0.9_P0.9,0.9,0.9,41,3,1.18949548715116,30.428918190534525,0.0,0.0,122,0.5861511929836546,30.428918190534525,0.0,2-15
pos-140,2,24,10,T0.9_P0.95,0.9,0.95,41,4,1.3733398651885051,32.034747942273135,0.0,0.0,122,0.5645483549171977,32.034747942273135,0.0,2-15
pos-140,2,24,10,T0.9_P1,0.9,1.0,41,41,1.6750302889980389,33.63530817876823,0.0014807794822877414,0.000660665952389099,122,0.5440954365043226,33.63530817876823,0.0,2-15
pos-140,2,24,10,T1_P0.5,1.0,0.5,41,1,-0.0,0.0,0.0,0.0,122,1.0,0.0,0.0,2-15
pos-140,2,24,10,T1_P0.9,1.0,0.9,41,4,1.4475758473138753,33.57324532799545,0.0,0.0,122,0.5420584823528927,33.57324532799545,0.0,2-15
pos-140,2,24,10,T1_P0.95,1.0,0.95,41,5,1.514165153193765,33.83890071576441,0.0,0.0,122,0.5366094305071333,33.83890071576441,0.0,2-15
pos-140,2,24,10,T1_P1,1.0,1.0,41,41,1.8883598393730059,36.19203266031857,0.002981596957024591,0.0014663678773382848,122,0.5110890522202823,36.19203266031857,0.0,2-15
pos-141,2,40,10,argmax,0.0,0.0,39,1,-0.0,0.0,0.0,0.0,-173,1.0,0.0,0.0,2-17
pos-141,2,40,10,T0.5_P0.5,0.5,0.5,39,1,-0.0,0.0,0.0,0.0,-173,1.0,0.0,0.0,2-17
pos-141,2,40,10,T0.5_P0.9,0.5,0.9,39,1,-0.0,0.0,0.0,0.0,-173,1.0,0.0,0.0,2-17
pos-141,2,40,10,T0.5_P0.95,0.5,0.95,39,1,-0.0,0.0,0.0,0.0,-173,1.0,0.0,0.0,2-17
pos-141,2,40,10,T0.5_P1,0.5,1.0,39,39,0.2094941241420797,4.370597402452758,0.013401108548027273,0.009722758604022122,-173,0.9764861431796418,4.370597402452758,0.0,2-17
pos-141,2,40,10,T0.9_P0.5,0.9,0.5,39,1,-0.0,0.0,0.0,0.0,-173,1.0,0.0,0.0,2-17
pos-141,2,40,10,T0.9_P0.9,0.9,0.9,39,3,0.6582891402547619,22.736447847641482,0.053437810912240584,0.053437810912240584,-173,0.8773019247958501,22.736447847641482,0.0,2-17
pos-141,2,40,10,T0.9_P0.95,0.9,0.95,39,5,1.028276615764628,35.93028696215039,0.11518942436099382,0.08044374457877795,-173,0.8200686970561588,35.93028696215039,0.0,2-17
pos-141,2,40,10,T0.9_P1,0.9,1.0,39,39,1.3148746678173104,43.87500377925519,0.14746887535742997,0.10181115559405648,-173,0.7901511440237279,43.87500377925519,0.0,2-17
pos-141,2,40,10,T1_P0.5,1.0,0.5,39,1,-0.0,0.0,0.0,0.0,-173,1.0,0.0,0.0,2-17
pos-141,2,40,10,T1_P0.9,1.0,0.9,39,4,1.0096947342485627,36.753389042645736,0.11181506426916304,0.06495966281329518,-173,0.8061468158248907,36.753389042645736,0.0,2-17
pos-141,2,40,10,T1_P0.95,1.0,0.95,39,6,1.32868921642561,50.54440685227995,0.16437146391219298,0.12028862828724965,-173,0.7584448423742977,50.54440685227995,0.0,2-17
pos-141,2,40,10,T1_P1,1.0,1.0,39,39,1.6156788729335463,57.272620577282595,0.19483654360947097,0.1341542727452296,-173,0.7307937012618855,57.272620577282595,0.0,2-17
pos-142,2,60,10,argmax,0.0,0.0,30,1,-0.0,0.0,0.0,0.0,403,1.0,0.0,0.0,2-25
pos-142,2,60,10,T0.5_P0.5,0.5,0.5,30,1,-0.0,0.0,0.0,0.0,403,1.0,0.0,0.0,2-25
pos-142,2,60,10,T0.5_P0.9,0.5,0.9,30,1,-0.0,0.0,0.0,0.0,403,1.0,0.0,0.0,2-25
pos-142,2,60,10,T0.5_P0.95,0.5,0.95,30,1,-0.0,0.0,0.0,0.0,403,1.0,0.0,0.0,2-25
pos-142,2,60,10,T0.5_P1,0.5,1.0,30,30,0.015562096374646532,12.426238566545006,0.001226421962028488,0.001226421962028488,403,0.9987735780379713,1.2152368249500796,0.0011925326295685024,2-25
pos-142,2,60,10,T0.9_P0.5,0.9,0.5,30,1,-0.0,0.0,0.0,0.0,403,1.0,0.0,0.0,2-25
pos-142,2,60,10,T0.9_P0.9,0.9,0.9,30,1,-0.0,0.0,0.0,0.0,403,1.0,0.0,0.0,2-25
pos-142,2,60,10,T0.9_P0.95,0.9,0.95,30,1,-0.0,0.0,0.0,0.0,403,1.0,0.0,0.0,2-25
pos-142,2,60,10,T0.9_P1,0.9,1.0,30,30,0.38830123372813247,433.22500460201366,0.04517294413941744,0.04517294413941744,403,0.9548270558605824,44.11151963591712,0.04139025294111442,2-25
pos-142,2,60,10,T1_P0.5,1.0,0.5,30,1,-0.0,0.0,0.0,0.0,403,1.0,0.0,0.0,2-25
pos-142,2,60,10,T1_P0.9,1.0,0.9,30,1,-0.0,0.0,0.0,0.0,403,1.0,0.0,0.0,2-25
pos-142,2,60,10,T1_P0.95,1.0,0.95,30,2,0.17199263403022821,266.60448211585464,0.025632581685977755,0.025632581685977755,403,0.9743674183140222,25.632581685977755,0.025632581685977755,2-25
pos-142,2,60,10,T1_P1,1.0,1.0,30,30,0.5871693731267106,686.1556831074274,0.07242616046038608,0.07242616046038608,403,0.9275738395396139,70.58730216213476,0.06547799842160157,2-25
pos-143,0,24,10,argmax,0.0,0.0,43,1,-0.0,0.0,0.0,0.0,118,1.0,0.0,0.0,0-16
pos-143,0,24,10,T0.5_P0.5,0.5,0.5,43,1,-0.0,0.0,0.0,0.0,118,1.0,0.0,0.0,0-16
pos-143,0,24,10,T0.5_P0.9,0.5,0.9,43,2,0.30737222879587583,2.531164660140203,0.0,0.0,118,0.9449746813013,2.531164660140203,0.0,0-16
pos-143,0,24,10,T0.5_P0.95,0.5,0.95,43,3,0.5825702835828372,8.27410166289626,0.05106247419920349,0.0,118,0.8967219360184518,8.27410166289626,0.0,0-16
pos-143,0,24,10,T0.5_P1,0.5,1.0,43,43,0.9040522768773234,11.524606422408763,0.05420957240608299,0.00038073858602407203,118,0.8605568352634533,11.524606422408763,0.0,0-16
pos-143,0,24,10,T0.9_P0.5,0.9,0.5,43,1,-0.0,0.0,0.0,0.0,118,1.0,0.0,0.0,0-16
pos-143,0,24,10,T0.9_P0.9,0.9,0.9,43,7,1.9549644786585816,35.08772535853515,0.15180828207007235,0.0,118,0.5864852987460336,35.08772535853515,0.0,0-16
pos-143,0,24,10,T0.9_P0.95,0.9,0.95,43,10,2.201959399709689,36.75429739425404,0.14499652128844692,0.0,118,0.5601692275638692,36.75429739425404,0.0,0-16
pos-143,0,24,10,T0.9_P1,0.9,1.0,43,43,2.5264348406234323,41.01456300668418,0.15336305120634977,0.008295131421107669,118,0.5339034096569235,41.01456300668418,0.0,0-16
pos-143,0,24,10,T1_P0.5,1.0,0.5,43,2,0.710581559510971,8.942307008213723,0.0,0.0,118,0.8056020215605714,8.942307008213723,0.0,0-16
pos-143,0,24,10,T1_P0.9,1.0,0.9,43,8,2.2180266024188153,40.261395127928466,0.1639564934971268,0.0,118,0.5245936737313736,40.261395127928466,0.0,0-16
pos-143,0,24,10,T1_P0.95,1.0,0.95,43,12,2.526568971392119,44.265345714296714,0.1646479859396663,0.010348303123968006,118,0.49369583196954236,44.265345714296714,0.0,0-16
pos-143,0,24,10,T1_P1,1.0,1.0,43,43,2.8183194108570575,47.31836131451007,0.17036484742454758,0.011954257129393821,118,0.47223137961217476,47.31836131451007,0.0,0-16
pos-144,0,40,10,argmax,0.0,0.0,35,1,-0.0,0.0,0.0,0.0,285,1.0,0.0,0.0,0-16
pos-144,0,40,10,T0.5_P0.5,0.5,0.5,35,3,1.5315343041429768,56.711548570600314,0.21285691346638141,0.0,285,0.4197659611665569,56.711548570600314,0.0,0-16
pos-144,0,40,10,T0.5_P0.9,0.5,0.9,35,7,2.5982429427023495,51.645152043021184,0.13960978210880762,0.0,285,0.2753184447749358,51.645152043021184,0.0,0-16
pos-144,0,40,10,T0.5_P0.95,0.5,0.95,35,8,2.7253777051717036,50.34137035678272,0.13477461297666565,0.0,285,0.2657832157560437,50.34137035678272,0.0,0-16
pos-144,0,40,10,T0.5_P1,0.5,1.0,35,35,2.905490444206834,50.14158085285031,0.1339612878191499,0.00013060246700314935,285,0.25759131356198933,50.14158085285031,0.0,0-16
pos-144,0,40,10,T0.9_P0.5,0.9,0.5,35,4,1.9761446609831084,52.95045107610531,0.20954051164235757,0.0,285,0.3055710056916589,52.95045107610531,0.0,0-16
pos-144,0,40,10,T0.9_P0.9,0.9,0.9,35,9,3.031592120992149,49.383935679668575,0.13161960893441815,0.0,285,0.19193966816058355,49.383935679668575,0.0,0-16
pos-144,0,40,10,T0.9_P0.95,0.9,0.95,35,11,3.198353435893865,51.0232319685513,0.14071291359850907,0.0,285,0.1835668323056656,51.0232319685513,0.0,0-16
pos-144,0,40,10,T0.9_P1,0.9,1.0,35,35,3.483081955199173,55.06214832968472,0.14614779466663821,0.005167288510111547,285,0.17489635971840356,55.06214832968472,0.0,0-16
pos-144,0,40,10,T1_P0.5,1.0,0.5,35,4,1.980629349990351,53.247013646603705,0.21359069186122454,0.0,285,0.29994529346971616,53.247013646603705,0.0,0-16
pos-144,0,40,10,T1_P0.9,1.0,0.9,35,10,3.164667541689591,49.94904691688555,0.1261768313573492,0.0,285,0.17719005627430912,49.94904691688555,0.0,0-16
pos-144,0,40,10,T1_P0.95,1.0,0.95,35,12,3.3009368527664438,50.72956070184344,0.13988984604369242,0.0,285,0.17142762908033696,50.72956070184344,0.0,0-16
pos-144,0,40,10,T1_P1,1.0,1.0,35,35,3.6002761524426012,57.4381974305563,0.1508867989645703,0.008252491333352615,285,0.16288006194020124,57.4381974305563,0.0,0-16
pos-145,0,60,10,argmax,0.0,0.0,21,1,-0.0,0.0,0.0,0.0,-616,1.0,0.0,0.0,0-23
pos-145,0,60,10,T0.5_P0.5,0.5,0.5,21,1,-0.0,0.0,0.0,0.0,-616,1.0,0.0,0.0,0-23
pos-145,0,60,10,T0.5_P0.9,0.5,0.9,21,1,-0.0,0.0,0.0,0.0,-616,1.0,0.0,0.0,0-23
pos-145,0,60,10,T0.5_P0.95,0.5,0.95,21,1,-0.0,0.0,0.0,0.0,-616,1.0,0.0,0.0,0-23
pos-145,0,60,10,T0.5_P1,0.5,1.0,21,21,0.06317469651045184,0.5844402084840179,3.474406047744494e-05,1.1530511381860082e-05,-616,0.9935557218326215,0.5844402084840179,0.0,0-23
pos-145,0,60,10,T0.9_P0.5,0.9,0.5,21,1,-0.0,0.0,0.0,0.0,-616,1.0,0.0,0.0,0-23
pos-145,0,60,10,T0.9_P0.9,0.9,0.9,21,1,-0.0,0.0,0.0,0.0,-616,1.0,0.0,0.0,0-23
pos-145,0,60,10,T0.9_P0.95,0.9,0.95,21,2,0.28025967370800675,4.516329453947861,0.0,0.0,-616,0.9514373176994853,4.516329453947861,0.0,0-23
pos-145,0,60,10,T0.9_P1,0.9,1.0,21,21,0.637887035291193,8.447330038350461,0.00570350894128107,0.0023620303267016577,-616,0.9086752485583595,8.447330038350461,0.0,0-23
pos-145,0,60,10,T1_P0.5,1.0,0.5,21,1,-0.0,0.0,0.0,0.0,-616,1.0,0.0,0.0,0-23
pos-145,0,60,10,T1_P0.9,1.0,0.9,21,2,0.3443128485280107,5.980620158415695,0.0,0.0,-616,0.9356922563611216,5.980620158415695,0.0,0-23
pos-145,0,60,10,T1_P0.95,1.0,0.95,21,3,0.5509638242383568,8.813091683553013,0.0,0.0,-616,0.902980062345116,8.813091683553013,0.0,0-23
pos-145,0,60,10,T1_P1,1.0,1.0,21,21,0.8630808947995865,12.137853866254794,0.010766359605462876,0.0046524259744492105,-616,0.8710220761354232,12.137853866254794,0.0,0-23
pos-146,1,24,10,argmax,0.0,0.0,36,1,-0.0,16.0,0.0,0.0,27,0.0,16.0,0.0,1-16
pos-146,1,24,10,T0.5_P0.5,0.5,0.5,36,2,0.9710604158674794,18.000939611939998,0.0,0.0,27,0.0,18.000939611939998,0.0,1-16
pos-146,1,24,10,T0.5_P0.9,0.5,0.9,36,3,1.52970787815291,19.412529950503142,0.0,0.0,27,0.0,19.412529950503142,0.0,1-16
pos-146,1,24,10,T0.5_P0.95,0.5,0.95,36,5,1.7641012424805884,19.655774478463066,0.0,0.0,27,0.0,19.655774478463066,0.0,1-16
pos-146,1,24,10,T0.5_P1,0.5,1.0,36,36,2.1068787188192544,19.735573845554008,1.1877813750932824e-06,1.0606292213479424e-06,27,0.0009385775778178509,19.735573845554008,0.0,1-16
pos-146,1,24,10,T0.9_P0.5,0.9,0.5,36,3,1.5679023365595675,19.822942555550732,0.0,0.0,27,0.0,19.822942555550732,0.0,1-16
pos-146,1,24,10,T0.9_P0.9,0.9,0.9,36,10,2.686403526831918,20.584448679773462,0.0,0.0,27,0.0,20.584448679773462,0.0,1-16
pos-146,1,24,10,T0.9_P0.95,0.9,0.95,36,13,2.929120191378971,20.852041956335817,0.0,0.0,27,0.0,20.852041956335817,0.0,1-16
pos-146,1,24,10,T0.9_P1,0.9,1.0,36,36,3.2030652422739405,20.913271106304023,0.00035840908959753015,0.00029244039735467573,27,0.009063484866739527,20.913271106304023,0.0,1-16
pos-146,1,24,10,T1_P0.5,1.0,0.5,36,3,1.5711549414896846,19.874375779732095,0.0,0.0,27,0.0,19.874375779732095,0.0,1-16
pos-146,1,24,10,T1_P0.9,1.0,0.9,36,12,2.9770870088817305,20.939404207302786,0.0,0.0,27,0.0,20.939404207302786,0.0,1-16
pos-146,1,24,10,T1_P0.95,1.0,0.95,36,14,3.12431556029913,20.944546739721396,0.0,0.0,27,0.0,20.944546739721396,0.0,1-16
pos-146,1,24,10,T1_P1,1.0,1.0,36,36,3.3934561157159258,21.254207020701465,0.0007216095870615498,0.0005822756378466999,27,0.011539871481024118,21.254207020701465,0.0,1-16
pos-147,1,40,10,argmax,0.0,0.0,48,1,-0.0,228.0,1.0,1.0,69,0.0,228.0,0.0,1-17
pos-147,1,40,10,T0.5_P0.5,0.5,0.5,48,1,-0.0,228.0,1.0,1.0,69,0.0,228.0,0.0,1-17
pos-147,1,40,10,T0.5_P0.9,0.5,0.9,48,1,-0.0,228.0,1.0,1.0,69,0.0,228.0,0.0,1-17
pos-147,1,40,10,T0.5_P0.95,0.5,0.95,48,1,-0.0,228.0,1.0,1.0,69,0.0,228.0,0.0,1-17
pos-147,1,40,10,T0.5_P1,0.5,1.0,48,48,0.29717452428448776,224.2138033248986,0.99110212887708,0.9704196712594202,69,0.008249571665126782,224.2138033248986,0.0,1-17
pos-147,1,40,10,T0.9_P0.5,0.9,0.5,48,1,-0.0,228.0,1.0,1.0,69,0.0,228.0,0.0,1-17
pos-147,1,40,10,T0.9_P0.9,0.9,0.9,48,3,0.7880869808514671,220.3162948590043,1.0,0.9004918301659203,69,0.0,220.3162948590043,0.0,1-17
pos-147,1,40,10,T0.9_P0.95,0.9,0.95,48,4,1.0564660466385,207.90108755019511,0.9436482566268896,0.8497475456428276,69,0.05635174337311072,207.90108755019511,0.0,1-17
pos-147,1,40,10,T0.9_P1,0.9,1.0,48,48,1.3277592087707006,213.389615891181,0.9322981360798797,0.841567312968987,69,0.0544494286187454,213.389615891181,0.0,1-17
pos-147,1,40,10,T1_P0.5,1.0,0.5,48,1,-0.0,228.0,1.0,1.0,69,0.0,228.0,0.0,1-17
pos-147,1,40,10,T1_P0.9,1.0,0.9,48,4,1.1985064854371084,203.93846866085235,0.9305276438236668,0.8205264496097846,69,0.06947235617633318,203.93846866085235,0.0,1-17
pos-147,1,40,10,T1_P0.95,1.0,0.95,48,5,1.311986666277015,201.80007917211285,0.9127515338202079,0.8048517208407647,69,0.06814520780649497,201.80007917211285,0.0,1-17
pos-147,1,40,10,T1_P1,1.0,1.0,48,48,1.5889711149582486,213.6878089737617,0.9157070127367254,0.8114622281643125,69,0.06583683800067189,213.6878089737617,0.0,1-17
pos-148,2,24,10,argmax,0.0,0.0,52,1,-0.0,31.0,0.0,0.0,147,0.0,31.0,0.0,2-16
pos-148,2,24,10,T0.5_P0.5,0.5,0.5,52,1,-0.0,31.0,0.0,0.0,147,0.0,31.0,0.0,2-16
pos-148,2,24,10,T0.5_P0.9,0.5,0.9,52,3,0.6090622853716823,33.703287351904976,0.05708090505032197,0.0,147,0.052737465545789994,33.703287351904976,0.0,2-16
pos-148,2,24,10,T0.5_P0.95,0.5,0.95,52,4,0.7960347849656242,37.12515329155678,0.08772329315258695,0.0,147,0.05102363676086103,37.12515329155678,0.0,2-16
pos-148,2,24,10,T0.5_P1,0.5,1.0,52,52,1.0756043555453685,39.418507808419946,0.11445111086802187,0.00010289297197603138,147,0.048758228976932196,39.418507808419946,0.0,2-16
pos-148,2,24,10,T0.9_P0.5,0.9,0.5,52,1,-0.0,31.0,0.0,0.0,147,0.0,31.0,0.0,2-16
pos-148,2,24,10,T0.9_P0.9,0.9,0.9,52,5,1.8328634018907353,54.23089263926673,0.308055994469318,0.0,147,0.11915865301043213,54.23089263926673,0.0,2-16
pos-148,2,24,10,T0.9_P0.95,0.9,0.95,52,6,2.0344275733309356,53.161267686998244,0.2917688051566368,0.0,147,0.11285863101875396,53.161267686998244,0.0,2-16
pos-148,2,24,10,T0.9_P1,0.9,1.0,52,52,2.3029910212037796,55.303572711656535,0.29688269303564296,0.004191517308686221,147,0.10849271049220895,55.303572711656535,0.0,2-16
pos-148,2,24,10,T1_P0.5,1.0,0.5,52,2,0.726026068842314,46.356447118337826,0.20205851471497133,0.0,147,0.0,46.356447118337826,0.0,2-16
pos-148,2,24,10,T1_P0.9,1.0,0.9,52,6,2.143084257622305,55.283420350854634,0.3183169050355571,0.0,147,0.12142900713137718,55.283420350854634,0.0,2-16
pos-148,2,24,10,T1_P0.95,1.0,0.95,52,7,2.232947139452702,54.33045233268733,0.31272871939470687,0.0,147,0.11929727041460286,54.33045233268733,0.0,2-16
pos-148,2,24,10,T1_P1,1.0,1.0,52,52,2.5075810385586808,58.73010891548568,0.32504504826879493,0.006708907840909741,147,0.11465683457721404,58.73010891548568,0.0,2-16
pos-149,2,40,10,argmax,0.0,0.0,29,1,-0.0,49.0,0.0,0.0,-449,0.0,49.0,0.0,2-19
pos-149,2,40,10,T0.5_P0.5,0.5,0.5,29,1,-0.0,49.0,0.0,0.0,-449,0.0,49.0,0.0,2-19
pos-149,2,40,10,T0.5_P0.9,0.5,0.9,29,2,0.8395713495762165,69.42005951161391,0.2686849935738673,0.0,-449,0.0,69.42005951161391,0.0,2-19
pos-149,2,40,10,T0.5_P0.95,0.5,0.95,29,4,1.126731233379863,365.01435174698605,0.3044744783529713,0.03102096545940971,-449,0.0,99.78509706903304,0.03102096545940971,2-19
pos-149,2,40,10,T0.5_P1,0.5,1.0,29,29,1.4242012794623875,507.6289838941575,0.31869456467735363,0.0460043836666064,-449,0.0017918336936027619,114.30763324669869,0.0460043836666064,2-19
pos-149,2,40,10,T0.9_P0.5,0.9,0.5,29,2,0.9462818760744203,76.69504991163261,0.3644085514688501,0.0,-449,0.0,76.69504991163261,0.0,2-19
pos-149,2,40,10,T0.9_P0.9,0.9,0.9,29,7,2.14672392506766,1294.5805264748885,0.4873607914743145,0.12781546593547624,-449,0.0,201.80386946001153,0.12781546593547624,2-19
pos-149,2,40,10,T0.9_P0.95,0.9,0.95,29,9,2.396209524494859,1523.2914153603224,0.5165533185787455,0.15185964985017117,-449,0.0,224.96571318944152,0.15185964985017117,2-19
pos-149,2,40,10,T0.9_P1,0.9,1.0,29,29,2.592875291999195,1556.228755893065,0.5149001268725216,0.15544382842414642,-449,0.015781742103794908,227.258402929267,0.1554438284241464,2-19
pos-149,2,40,10,T1_P0.5,1.0,0.5,29,2,0.9561758963803766,77.6814412612946,0.37738738501703417,0.0,-449,0.0,77.6814412612946,0.0,2-19
pos-149,2,40,10,T1_P0.9,1.0,0.9,29,8,2.407201517932288,1760.7405364865704,0.532008042998239,0.17686712585429154,-449,0.0,248.61635511330587,0.17686712585429154,2-19
pos-149,2,40,10,T1_P0.95,1.0,0.95,29,9,2.5323512041741907,1709.938273217072,0.5465873399959299,0.17135720561233328,-449,0.0,244.9211141073287,0.17135720561233328,2-19
pos-149,2,40,10,T1_P1,1.0,1.0,29,29,2.7918850784926805,1768.2670203475832,0.5450835646056097,0.17765623585371684,-449,0.019825219847628882,249.3935818052118,0.17765623585371682,2-19
pos-150,2,60,10,argmax,0.0,0.0,45,1,-0.0,0.0,0.0,0.0,9997,1.0,0.0,1.0,2-26
pos-150,2,60,10,T0.5_P0.5,0.5,0.5,45,2,0.9438252184224962,0.722766049767002,0.0,0.0,9997,0.6386169751164991,0.722766049767002,1.0,2-26
pos-150,2,60,10,T0.5_P0.9,0.5,0.9,45,4,1.7875013507928985,0.9158540056575,0.0,0.0,9997,0.5420729971712499,0.9158540056575,0.9999999999999999,2-26
pos-150,2,60,10,T0.5_P0.95,0.5,0.95,45,6,2.0677049046890508,331.3410253693213,0.035427310805555744,0.035427310805555744,9997,0.5093239462430176,36.33780829145859,0.9645726891944443,2-26
pos-150,2,60,10,T0.5_P1,0.5,1.0,45,45,2.2853298725322815,430.425345267709,0.04637371005579321,0.04637371005579321,9997,0.5063159947679134,47.269560823426026,0.9536262899442068,2-26
pos-150,2,60,10,T0.9_P0.5,0.9,0.5,45,3,1.5572387534727965,1.1524536279136033,0.0,0.0,9997,0.4237731860431985,1.1524536279136033,1.0,2-26
pos-150,2,60,10,T0.9_P0.9,0.9,0.9,45,9,2.7352229146977725,1134.588073382573,0.12292672216808118,0.12292672216808118,9997,0.430842223265128,123.81918427721476,0.8770732778319187,2-26
pos-150,2,60,10,T0.9_P0.95,0.9,0.95,45,13,2.981140715560954,1078.5719611514792,0.1168510418196507,0.1168510418196507,9997,0.4332875773721932,117.76054726412451,0.883148958180349,2-26
pos-150,2,60,10,T0.9_P1,0.9,1.0,45,45,3.307091134042138,1239.573157897839,0.13466152430266903,0.13466152430266903,9997,0.41250163559868824,135.58584231306764,0.865338475697331,2-26
pos-150,2,60,10,T1_P0.5,1.0,0.5,45,3,1.562558535223757,1.1711265019278896,0.0,0.0,9997,0.41443674903605526,1.1711265019278896,1.0,2-26
pos-150,2,60,10,T1_P0.9,1.0,0.9,45,11,2.967843147233249,1224.936995165322,0.1328124406985237,0.1328124406985237,9997,0.42281166447097984,133.7011924881847,0.8671875593014761,2-26
pos-150,2,60,10,T1_P0.95,1.0,0.95,45,15,3.1932451757834945,1168.3461462963933,0.12666792255951626,0.12666792255951626,9997,0.41547045608631733,127.59596189581659,0.8733320774404836,2-26
pos-150,2,60,10,T1_P1,1.0,1.0,45,45,3.516891468884878,1426.6489079334356,0.15518015141324007,0.15518015141324007,9997,0.3958264467646631,156.10488165659524,0.8448198485867602,2-26
pos-151,0,24,10,argmax,0.0,0.0,35,1,-0.0,0.0,0.0,0.0,-89,1.0,0.0,0.0,0-17
pos-151,0,24,10,T0.5_P0.5,0.5,0.5,35,1,-0.0,0.0,0.0,0.0,-89,1.0,0.0,0.0,0-17
pos-151,0,24,10,T0.5_P0.9,0.5,0.9,35,2,0.5838880646819719,24.336703558831,0.13986611240707472,0.0,-89,0.8601338875929253,24.336703558831,0.0,0-17
pos-151,0,24,10,T0.5_P0.95,0.5,0.95,35,2,0.5838880646819719,24.336703558831,0.13986611240707472,0.0,-89,0.8601338875929253,24.336703558831,0.0,0-17
pos-151,0,24,10,T0.5_P1,0.5,1.0,35,35,0.9138884233462039,26.54031113863617,0.14889222174960418,0.0003066454833892855,-89,0.8192001432161157,26.54031113863617,0.0,0-17
pos-151,0,24,10,T0.9_P0.5,0.9,0.5,35,1,-0.0,0.0,0.0,0.0,-89,1.0,0.0,0.0,0-17
pos-151,0,24,10,T0.9_P0.9,0.9,0.9,35,4,1.4813915504636432,51.92652953929573,0.2938149421950338,0.0,-89,0.6197518963103065,51.92652953929573,0.0,0-17
pos-151,0,24,10,T0.9_P0.95,0.9,0.95,35,5,1.6645027190818291,51.08896499688024,0.282055277165421,0.0,-89,0.5949469131204499,51.08896499688024,0.0,0-17
pos-151,0,24,10,T0.9_P1,0.9,1.0,35,35,2.028114874554706,55.21179713005981,0.2820573467833509,0.010457205497613859,-89,0.565526000759646,55.21179713005981,0.0,0-17
pos-151,0,24,10,T1_P0.5,1.0,0.5,35,1,-0.0,0.0,0.0,0.0,-89,1.0,0.0,0.0,0-17
pos-151,0,24,10,T1_P0.9,1.0,0.9,35,5,1.7717934877934942,54.6388587378204,0.300304902878811,0.0,-89,0.5562196322898465,54.6388587378204,0.0,0-17
pos-151,0,24,10,T1_P0.95,1.0,0.95,35,7,1.9451744349932052,57.517707125382366,0.29899324258541604,0.008248344432878434,-89,0.5385127541717665,57.517707125382366,0.0,0-17
pos-151,0,24,10,T1_P1,1.0,1.0,35,35,2.2705505934493777,60.54652786854011,0.29981172789520544,0.015876035436042827,-89,0.5157863381845205,60.54652786854011,0.0,0-17
pos-152,0,40,10,argmax,0.0,0.0,33,1,-0.0,0.0,0.0,0.0,-223,1.0,0.0,0.0,0-17
pos-152,0,40,10,T0.5_P0.5,0.5,0.5,33,2,0.9951987234018878,40.41228745733345,0.0,0.0,-223,0.54076946071212,40.41228745733345,0.0,0-17
pos-152,0,40,10,T0.5_P0.9,0.5,0.9,33,3,1.5772193315758876,53.061161348452586,0.0,0.0,-223,0.38015682612031554,53.061161348452586,0.0,0-17
pos-152,0,40,10,T0.5_P0.95,0.5,0.95,33,3,1.5772193315758876,53.061161348452586,0.0,0.0,-223,0.38015682612031554,53.061161348452586,0.0,0-17
pos-152,0,40,10,T0.5_P1,0.5,1.0,33,33,1.7650780708377816,57.2020959287079,0.027772537649478974,0.01983174055343842,-223,0.3695989063541826,57.2020959287079,0.0,0-17
pos-152,0,40,10,T0.9_P0.5,0.9,0.5,33,2,0.9985147054331914,42.00376273618975,0.0,0.0,-223,0.5226845143614801,42.00376273618975,0.0,0-17
pos-152,0,40,10,T0.9_P0.9,0.9,0.9,33,5,1.931829158929534,67.395541043366,0.08413177575556764,0.06457689521736089,-223,0.32885037030764325,67.395541043366,0.0,0-17
pos-152,0,40,10,T0.9_P0.95,0.9,0.95,33,8,2.158944609185071,71.04183853615369,0.12056458514158108,0.062008056543941904,-223,0.31576885646014374,71.04183853615369,0.0,0-17
pos-152,0,40,10,T0.9_P1,0.9,1.0,33,33,2.525168592806829,75.5622555550492,0.16402842200989196,0.06587336843287246,-223,0.3001627916674423,75.5622555550492,0.0,0-17
pos-152,0,40,10,T1_P0.5,1.0,0.5,33,2,0.9987966759695732,42.20315211909667,0.0,0.0,-223,0.520418725919356,42.20315211909667,0.0,0-17
pos-152,0,40,10,T1_P0.9,1.0,0.9,33,7,2.1673143451191907,73.71539802681635,0.1330269265949912,0.07141302199006865,-223,0.3090341460744655,73.71539802681635,0.0,0-17
pos-152,0,40,10,T1_P0.95,1.0,0.95,33,11,2.4173682669928955,76.3621987437555,0.17103122420591851,0.06828258827273632,-223,0.2954874443144833,76.3621987437555,0.0,0-17
pos-152,0,40,10,T1_P1,1.0,1.0,33,33,2.748226453529067,81.00765097511496,0.20888777011694573,0.07682526551524509,-223,0.281993408919594,81.00765097511496,0.0,0-17
pos-153,0,60,10,argmax,0.0,0.0,4,1,-0.0,76.0,0.0,0.0,-275,0.0,76.0,0.0,0-24
pos-153,0,60,10,T0.5_P0.5,0.5,0.5,4,1,-0.0,76.0,0.0,0.0,-275,0.0,76.0,0.0,0-24
pos-153,0,60,10,T0.5_P0.9,0.5,0.9,4,1,-0.0,76.0,0.0,0.0,-275,0.0,76.0,0.0,0-24
pos-153,0,60,10,T0.5_P0.95,0.5,0.95,4,1,-0.0,76.0,0.0,0.0,-275,0.0,76.0,0.0,0-24
pos-153,0,60,10,T0.5_P1,0.5,1.0,4,4,0.3123880276954734,72.65308184152927,7.167420200104322e-05,0.0,-275,0.04408177857582588,72.65308184152927,0.0,0-24
pos-153,0,60,10,T0.9_P0.5,0.9,0.5,4,1,-0.0,76.0,0.0,0.0,-275,0.0,76.0,0.0,0-24
pos-153,0,60,10,T0.9_P0.9,0.9,0.9,4,2,0.6190294365806426,64.31858952267653,0.0,0.0,-275,0.15370276943846656,64.31858952267653,0.0,0-24
pos-153,0,60,10,T0.9_P0.95,0.9,0.95,4,3,0.8641117122992645,64.86969730000531,0.0,0.0,-275,0.14645135131571943,64.86969730000531,0.0,0-24
pos-153,0,60,10,T0.9_P1,0.9,1.0,4,4,0.8991009972868136,65.10486718000706,0.004116377279439288,0.0,-275,0.14584850230062021,65.10486718000706,0.0,0-24
pos-153,0,60,10,T1_P0.5,1.0,0.5,4,1,-0.0,76.0,0.0,0.0,-275,0.0,76.0,0.0,0-24
pos-153,0,60,10,T1_P0.9,1.0,0.9,4,2,0.6739678490679767,62.53092557012753,0.0,0.0,-275,0.1772246635509535,62.53092557012753,0.0,0-24
pos-153,0,60,10,T1_P0.95,1.0,0.95,4,3,0.9612931798926077,63.34037213539041,0.0,0.0,-275,0.16657405085012628,63.34037213539041,0.0,0-24
pos-153,0,60,10,T1_P1,1.0,1.0,4,4,1.0126954963933532,63.731745471937586,0.006671936914610103,0.0,-275,0.16546267929124317,63.731745471937586,0.0,0-24
pos-154,1,24,10,argmax,0.0,0.0,41,1,-0.0,95.0,0.0,0.0,228,0.0,95.0,0.0,1-17
pos-154,1,24,10,T0.5_P0.5,0.5,0.5,41,1,-0.0,95.0,0.0,0.0,228,0.0,95.0,0.0,1-17
pos-154,1,24,10,T0.5_P0.9,0.5,0.9,41,4,1.6393603094646507,78.6304759630682,0.0,0.0,228,0.13584718341138013,78.6304759630682,0.0,1-17
pos-154,1,24,10,T0.5_P0.95,0.5,0.95,41,4,1.6393603094646507,78.6304759630682,0.0,0.0,228,0.13584718341138013,78.6304759630682,0.0,1-17
pos-154,1,24,10,T0.5_P1,0.5,1.0,41,41,1.7094964439587554,79.22036005806838,0.007253696455085658,5.892909472448644e-05,228,0.134728254448531,79.22036005806838,0.0,1-17
pos-154,1,24,10,T0.9_P0.5,0.9,0.5,41,2,0.9422564623196314,95.0,0.0,0.0,228,0.0,95.0,0.0,1-17
pos-154,1,24,10,T0.9_P0.9,0.9,0.9,41,4,1.887879500935034,71.2819110025797,0.0,0.0,228,0.1896120503681417,71.2819110025797,0.0,1-17
pos-154,1,24,10,T0.9_P0.95,0.9,0.95,41,5,2.020243122702569,73.76425535632569,0.028299115748166667,0.0,228,0.18424619700752642,73.76425535632569,0.0,1-17
pos-154,1,24,10,T0.9_P1,0.9,1.0,41,41,2.3270706831164265,77.86632174354015,0.0609376742390831,0.0033190961734716785,228,0.17553963779444853,77.86632174354015,0.0,1-17
pos-154,1,24,10,T1_P0.5,1.0,0.5,41,2,0.9528663244238935,95.0,0.0,0.0,228,0.0,95.0,0.0,1-17
pos-154,1,24,10,T1_P0.9,1.0,0.9,41,4,1.909621661481186,70.32284393379132,0.0,0.0,228,0.19629261408810655,70.32284393379132,0.0,1-17
pos-154,1,24,10,T1_P0.95,1.0,0.95,41,6,2.161999942176853,74.94309297192984,0.05435375183176038,0.0,228,0.1856233740555541,74.94309297192984,0.0,1-17
pos-154,1,24,10,T1_P1,1.0,1.0,41,41,2.4682447433470256,79.66788415177899,0.0803906570697189,0.005553634592846039,228,0.17691286326869862,79.66788415177899,0.0,1-17
pos-155,1,40,10,argmax,0.0,0.0,33,1,-0.0,0.0,0.0,0.0,56,1.0,0.0,0.0,1-18
pos-155,1,40,10,T0.5_P0.5,0.5,0.5,33,1,-0.0,0.0,0.0,0.0,56,1.0,0.0,0.0,1-18
pos-155,1,40,10,T0.5_P0.9,0.5,0.9,33,2,0.6385487235320614,4.20625588169891,0.0,0.0,56,0.838220927626965,4.20625588169891,0.0,1-18
pos-155,1,40,10,T0.5_P0.95,0.5,0.95,33,2,0.6385487235320614,4.20625588169891,0.0,0.0,56,0.838220927626965,4.20625588169891,0.0,1-18
pos-155,1,40,10,T0.5_P1,0.5,1.0,33,33,0.8874237396212042,6.5127325092659,0.0055025545046647655,1.8354882889054828e-05,56,0.8125039481670551,6.5127325092659,0.0,1-18
pos-155,1,40,10,T0.9_P0.5,0.9,0.5,33,1,-0.0,0.0,0.0,0.0,56,1.0,0.0,0.0,1-18
pos-155,1,40,10,T0.9_P0.9,0.9,0.9,33,5,1.535554795650211,17.23943126163299,0.02657232448842422,0.0,56,0.6145705671167552,17.23943126163299,0.0,1-18
pos-155,1,40,10,T0.9_P0.95,0.9,0.95,33,8,1.8396139588865674,21.128901392246547,0.04606189821999467,0.0,56,0.5814521442399008,21.128901392246547,0.0,1-18
pos-155,1,40,10,T0.9_P1,0.9,1.0,33,33,2.1336865407722607,24.71499606843856,0.06409506260180078,0.0023096836797893267,56,0.5594330315329512,24.71499606843856,0.0,1-18
pos-155,1,40,10,T1_P0.5,1.0,0.5,33,1,-0.0,0.0,0.0,0.0,56,1.0,0.0,0.0,1-18
pos-155,1,40,10,T1_P0.9,1.0,0.9,33,6,1.7877073812882076,22.12091740762093,0.06140468573524155,0.0,56,0.5614585338134873,22.12091740762093,0.0,1-18
pos-155,1,40,10,T1_P0.95,1.0,0.95,33,9,2.072077568537158,25.635888292135498,0.06834582507941736,0.0,56,0.5315969212527061,25.635888292135498,0.0,1-18
pos-155,1,40,10,T1_P1,1.0,1.0,33,33,2.4168893097078303,30.155964314543407,0.08543088482711293,0.004119893603613833,56,0.5063141599999195,30.155964314543407,0.0,1-18
pos-156,2,24,10,argmax,0.0,0.0,41,1,-0.0,20.0,0.0,0.0,-103,0.0,20.0,0.0,2-17
pos-156,2,24,10,T0.5_P0.5,0.5,0.5,41,1,-0.0,20.0,0.0,0.0,-103,0.0,20.0,0.0,2-17
pos-156,2,24,10,T0.5_P0.9,0.5,0.9,41,2,0.6857005045342923,16.348290944402997,0.0,0.0,-103,0.18258545277985008,16.348290944402997,0.0,2-17
pos-156,2,24,10,T0.5_P0.95,0.5,0.95,41,3,0.9445493683359345,30.448787514430812,0.05190652626132371,0.05190652626132371,-103,0.17310807618019713,30.448787514430812,0.0,2-17
pos-156,2,24,10,T0.5_P1,0.5,1.0,41,41,0.9456592191273029,30.46682194525937,0.05197307823217545,0.05197307823217545,-103,0.17309592475846577,30.46682194525937,0.0,2-17
pos-156,2,24,10,T0.9_P0.5,0.9,0.5,41,1,-0.0,20.0,0.0,0.0,-103,0.0,20.0,0.0,2-17
pos-156,2,24,10,T0.9_P0.9,0.9,0.9,41,3,1.3353713516100087,50.7613081338429,0.134359115413146,0.134359115413146,-103,0.262346739844011,50.7613081338429,0.0,2-17
pos-156,2,24,10,T0.9_P0.95,0.9,0.95,41,3,1.3353713516100087,50.7613081338429,0.134359115413146,0.134359115413146,-103,0.262346739844011,50.7613081338429,0.0,2-17
pos-156,2,24,10,T0.9_P1,0.9,1.0,41,41,1.400071682053568,52.467477304696324,0.1399583152302043,0.1399583152302043,-103,0.2606498100387125,52.467477304696324,0.0,2-17
pos-156,2,24,10,T1_P0.5,1.0,0.5,41,1,-0.0,20.0,0.0,0.0,-103,0.0,20.0,0.0,2-17
pos-156,2,24,10,T1_P0.9,1.0,0.9,41,3,1.3785854471841223,54.59934881070476,0.14947269073650335,0.14947269073650335,-103,0.2729666153339069,54.59934881070476,0.0,2-17
pos-156,2,24,10,T1_P0.95,1.0,0.95,41,3,1.3785854471841223,54.59934881070476,0.14947269073650335,0.14947269073650335,-103,0.2729666153339069,54.59934881070476,0.0,2-17
pos-156,2,24,10,T1_P1,1.0,1.0,41,41,1.4879901361040193,57.718972468856,0.15944150856094125,0.15944150856094125,-103,0.2697672419207551,57.718972468856,0.0,2-17
pos-157,2,40,10,argmax,0.0,0.0,49,1,-0.0,109.0,1.0,0.0,373,0.0,109.0,0.0,2-20
pos-157,2,40,10,T0.5_P0.5,0.5,0.5,49,2,0.9999012347631306,86.7632736205835,0.5058505249018557,0.0,373,0.0,86.7632736205835,0.0,2-20
pos-157,2,40,10,T0.5_P0.9,0.5,0.9,49,3,1.5786189290108812,61.6114820109991,0.3592095965804054,0.0,373,0.2898898411737366,61.6114820109991,0.0,2-20
pos-157,2,40,10,T0.5_P0.95,0.5,0.95,49,3,1.5786189290108812,61.6114820109991,0.3592095965804054,0.0,373,0.2898898411737366,61.6114820109991,0.0,2-20
pos-157,2,40,10,T0.5_P1,0.5,1.0,49,49,1.6151453083433298,62.61613456228007,0.3617462759773807,0.0022073306064409656,373,0.2887422622094238,62.61613456228007,0.0,2-20
pos-157,2,40,10,T0.9_P0.5,0.9,0.5,49,2,0.9999695154593662,86.64626773778957,0.5032503941731017,0.0,373,0.0,86.64626773778957,0.0,2-20
pos-157,2,40,10,T0.9_P0.9,0.9,0.9,49,3,1.5829607402158672,59.89075012599113,0.34785160855904484,0.0,373,0.308790191549467,59.89075012599113,0.0,2-20
pos-157,2,40,10,T0.9_P0.95,0.9,0.95,49,3,1.5829607402158672,59.89075012599113,0.34785160855904484,0.0,373,0.308790191549467,59.89075012599113,0.0,2-20
pos-157,2,40,10,T0.9_P1,0.9,1.0,49,49,1.8853690747378278,72.57927332219953,0.37856074545702945,0.029831933963176356,373,0.2942495127875444,72.57927332219953,0.0,2-20
pos-157,2,40,10,T1_P0.5,1.0,0.5,49,2,0.9999753074229516,86.63164131634943,0.502925362585543,0.0,373,0.0,86.63164131634943,0.0,2-20
pos-157,2,40,10,T1_P0.9,1.0,0.9,49,3,1.5833367637642444,59.6718907597219,0.3464150839173164,0.0,373,0.31119981275870856,59.6718907597219,0.0,2-20
pos-157,2,40,10,T1_P0.95,1.0,0.95,49,4,1.7124746127240875,69.11124401552084,0.3627653603862172,0.02501630020303647,373,0.30341474481960795,69.11124401552084,0.0,2-20
pos-157,2,40,10,T1_P1,1.0,1.0,49,49,1.9847666746489248,77.75687250032203,0.3892253998881923,0.04285179491974476,373,0.2908159850624886,77.75687250032203,0.0,2-20
pos-158,2,60,10,argmax,0.0,0.0,3,1,-0.0,62.0,0.0,0.0,-44,0.0,62.0,0.0,2-27
pos-158,2,60,10,T0.5_P0.5,0.5,0.5,3,1,-0.0,62.0,0.0,0.0,-44,0.0,62.0,0.0,2-27
pos-158,2,60,10,T0.5_P0.9,0.5,0.9,3,2,0.5085757446710366,55.00074186571376,0.0,0.0,-44,0.1128912602304231,55.00074186571376,0.0,2-27
pos-158,2,60,10,T0.5_P0.95,0.5,0.95,3,3,0.8639149009442929,57.02796488621664,0.0,0.0,-44,0.10408886439394759,57.02796488621664,0.0,2-27
pos-158,2,60,10,T0.5_P1,0.5,1.0,3,3,0.8639149009442929,57.02796488621664,0.0,0.0,-44,0.10408886439394759,57.02796488621664,0.0,2-27
pos-158,2,60,10,T0.9_P0.5,0.9,0.5,3,1,-0.0,62.0,0.0,0.0,-44,0.0,62.0,0.0,2-27
pos-158,2,60,10,T0.9_P0.9,0.9,0.9,3,3,1.3202037789865604,52.82757499102493,0.0,0.0,-44,0.20019576045532167,52.82757499102493,0.0,2-27
pos-158,2,60,10,T0.9_P0.95,0.9,0.95,3,3,1.3202037789865604,52.82757499102493,0.0,0.0,-44,0.20019576045532167,52.82757499102493,0.0,2-27
pos-158,2,60,10,T0.9_P1,0.9,1.0,3,3,1.3202037789865604,52.82757499102493,0.0,0.0,-44,0.20019576045532167,52.82757499102493,0.0,2-27
pos-158,2,60,10,T1_P0.5,1.0,0.5,3,1,-0.0,62.0,0.0,0.0,-44,0.0,62.0,0.0,2-27
pos-158,2,60,10,T1_P0.9,1.0,0.9,3,3,1.3687751010396603,52.24242837610315,0.0,0.0,-44,0.21419104997040964,52.24242837610315,0.0,2-27
pos-158,2,60,10,T1_P0.95,1.0,0.95,3,3,1.3687751010396603,52.24242837610315,0.0,0.0,-44,0.21419104997040964,52.24242837610315,0.0,2-27
pos-158,2,60,10,T1_P1,1.0,1.0,3,3,1.3687751010396603,52.24242837610315,0.0,0.0,-44,0.21419104997040964,52.24242837610315,0.0,2-27
pos-159,0,24,10,argmax,0.0,0.0,43,1,-0.0,0.0,0.0,0.0,-78,1.0,0.0,0.0,0-18
pos-159,0,24,10,T0.5_P0.5,0.5,0.5,43,1,-0.0,0.0,0.0,0.0,-78,1.0,0.0,0.0,0-18
pos-159,0,24,10,T0.5_P0.9,0.5,0.9,43,3,0.8044112870165713,19.91865532603713,0.11009793612128642,0.0,-78,0.8332440670318206,19.91865532603713,0.0,0-18
pos-159,0,24,10,T0.5_P0.95,0.5,0.95,43,3,0.8044112870165713,19.91865532603713,0.11009793612128642,0.0,-78,0.8332440670318206,19.91865532603713,0.0,0-18
pos-159,0,24,10,T0.5_P1,0.5,1.0,43,43,1.0787525820991068,20.36563986350906,0.1118334343584802,0.00038905818378191597,-78,0.7927154420932675,20.36563986350906,0.0,0-18
pos-159,0,24,10,T0.9_P0.5,0.9,0.5,43,1,-0.0,0.0,0.0,0.0,-78,1.0,0.0,0.0,0-18
pos-159,0,24,10,T0.9_P0.9,0.9,0.9,43,4,1.6450724420011518,37.458612921963244,0.18631446348137376,0.0,-78,0.5735562857504348,37.458612921963244,0.0,0-18
pos-159,0,24,10,T0.9_P0.95,0.9,0.95,43,5,1.81824351189119,42.26182886613776,0.21795007511718711,0.0,-78,0.5512567571328888,42.26182886613776,0.0,0-18
pos-159,0,24,10,T0.9_P1,0.9,1.0,43,43,1.9650973039723054,46.28435339136151,0.2283480557152236,0.014338705025561912,-78,0.5412895618130249,46.28435339136151,0.0,0-18
pos-159,0,24,10,T1_P0.5,1.0,0.5,43,2,0.8365330677112243,34.92367019153879,0.2665929022254869,0.0,-78,0.733407097774513,34.92367019153879,0.0,0-18
pos-159,0,24,10,T1_P0.9,1.0,0.9,43,4,1.7118111396891884,39.96700398417415,0.196176558732686,0.0,-78,0.5396890892085255,39.96700398417415,0.0,0-18
pos-159,0,24,10,T1_P0.95,1.0,0.95,43,5,1.9055942527440846,45.688949379440224,0.23417804584587806,0.0,-78,0.5141747947555627,45.688949379440224,0.0,0-18
pos-159,0,24,10,T1_P1,1.0,1.0,43,43,2.1213467251317057,52.00253376388264,0.25032772076190046,0.022824601182639556,-78,0.4995189424926005,52.00253376388264,0.0,0-18
pos-160,0,40,10,argmax,0.0,0.0,44,1,-0.0,41.0,0.0,0.0,28,0.0,41.0,0.0,0-18
pos-160,0,40,10,T0.5_P0.5,0.5,0.5,44,1,-0.0,41.0,0.0,0.0,28,0.0,41.0,0.0,0-18
pos-160,0,40,10,T0.5_P0.9,0.5,0.9,44,3,1.2188218843357126,34.496621284122305,0.0,0.0,28,0.2053914957220146,34.496621284122305,0.0,0-18
pos-160,0,40,10,T0.5_P0.95,0.5,0.95,44,4,1.5176096058074902,45.846774442439134,0.07747366141178784,0.0,28,0.18947906452558658,45.846774442439134,0.0,0-18
pos-160,0,40,10,T0.5_P1,0.5,1.0,44,44,1.6435205465642295,47.83666761558414,0.09006859891872675,0.0029182132264568028,28,0.18681582808052172,47.83666761558414,0.0,0-18
pos-160,0,40,10,T0.9_P0.5,0.9,0.5,44,2,0.9253546689576798,27.03699310979616,0.0,0.0,28,0.3405611436635083,27.03699310979616,0.0,0-18
pos-160,0,40,10,T0.9_P0.9,0.9,0.9,44,6,2.0921372044124875,63.60299724485241,0.1857658675158105,0.021317286331944917,28,0.221397117095005,63.60299724485241,0.0,0-18
pos-160,0,40,10,T0.9_P0.95,0.9,0.95,44,10,2.3544332570791795,66.37410603443895,0.22282804048811794,0.020346969660345444,28,0.21131960017206447,66.37410603443895,0.0,0-18
pos-160,0,40,10,T0.9_P1,0.9,1.0,44,44,2.662237278481454,71.50414725692984,0.2504612578836281,0.029433534683041378,28,0.20201744628600363,71.50414725692984,0.0,0-18
pos-160,0,40,10,T1_P0.5,1.0,0.5,44,2,0.9389304357227093,26.422297478838637,0.0,0.0,28,0.355553720028326,26.422297478838637,0.0,0-18
pos-160,0,40,10,T1_P0.9,1.0,0.9,44,8,2.334301841019763,69.25976294104964,0.23253750086696337,0.026110391396010506,28,0.21458997071236355,69.25976294104964,0.0,0-18
pos-160,0,40,10,T1_P0.95,1.0,0.95,44,12,2.6049218166255437,71.90647974043188,0.27113970305594487,0.024797078225606964,28,0.20379641995708386,71.90647974043188,0.0,0-18
pos-160,0,40,10,T1_P1,1.0,1.0,44,44,2.890502658546616,78.42733407010596,0.2915513899856895,0.04036015067475739,28,0.19554160738389573,78.42733407010596,0.0,0-18
pos-161,0,60,10,argmax,0.0,0.0,26,1,-0.0,6.0,0.0,0.0,-512,0.0,6.0,0.0,0-25
pos-161,0,60,10,T0.5_P0.5,0.5,0.5,26,1,-0.0,6.0,0.0,0.0,-512,0.0,6.0,0.0,0-25
pos-161,0,60,10,T0.5_P0.9,0.5,0.9,26,2,0.895251555384261,4.129141053543604,0.0,0.0,-512,0.3118098244093994,4.129141053543604,0.0,0-25
pos-161,0,60,10,T0.5_P0.95,0.5,0.95,26,2,0.895251555384261,4.129141053543604,0.0,0.0,-512,0.3118098244093994,4.129141053543604,0.0,0-25
pos-161,0,60,10,T0.5_P1,0.5,1.0,26,26,1.0705274744402788,5.018921752613874,0.003787966579664567,0.00021618118441524064,-512,0.3039920382821336,5.018701690068928,2.592936785029253e-08,0-25
pos-161,0,60,10,T0.9_P0.5,0.9,0.5,26,1,-0.0,6.0,0.0,0.0,-512,0.0,6.0,0.0,0-25
pos-161,0,60,10,T0.9_P0.9,0.9,0.9,26,3,1.2881218309705096,4.071675419434096,0.0,0.0,-512,0.3608571667467235,4.071675419434096,0.0,0-25
pos-161,0,60,10,T0.9_P0.95,0.9,0.95,26,4,1.4226853753021862,8.80377385878666,0.024527753763685763,0.0,-512,0.3520061510168986,8.80377385878666,0.0,0-25
pos-161,0,60,10,T0.9_P1,0.9,1.0,26,26,1.748759026349616,14.97175102337266,0.05273323343448513,0.006864695056742843,-512,0.335338084157164,14.635258193842432,3.9648029872773516e-05,0-25
pos-161,0,60,10,T1_P0.5,1.0,0.5,26,2,0.9722876716283524,3.5861206489283504,0.0,0.0,-512,0.4023132251786083,3.5861206489283504,0.0,0-25
pos-161,0,60,10,T1_P0.9,1.0,0.9,26,3,1.3281133383913915,4.089245251924419,0.0,0.0,-512,0.3649253063551146,4.089245251924419,0.0,0-25
pos-161,0,60,10,T1_P0.95,1.0,0.95,26,5,1.6208409634137653,12.457313630111283,0.03132821482116447,0.0,-512,0.34446006208208085,12.457313630111283,0.0,0-25
pos-161,0,60,10,T1_P1,1.0,1.0,26,26,1.9287929926319507,19.63499659352312,0.07398658974515192,0.010701256945500028,-512,0.3292907274328585,18.818792885464198,9.617105079049396e-05,0-25
pos-162,1,24,10,argmax,0.0,0.0,53,1,-0.0,24.0,0.0,0.0,71,0.0,24.0,0.0,1-18
pos-162,1,24,10,T0.5_P0.5,0.5,0.5,53,1,-0.0,24.0,0.0,0.0,71,0.0,24.0,0.0,1-18
pos-162,1,24,10,T0.5_P0.9,0.5,0.9,53,3,1.4136130261981796,17.41174400261984,0.0,0.0,71,0.0,17.41174400261984,0.0,1-18
pos-162,1,24,10,T0.5_P0.95,0.5,0.95,53,4,1.6252745418707215,16.565876417480716,0.0,0.0,71,0.048580290694134595,16.565876417480716,0.0,1-18
pos-162,1,24,10,T0.5_P1,0.5,1.0,53,53,1.8492717034932928,16.838992162989253,4.944762033102097e-05,4.867319806959352e-05,71,0.04692478755450686,16.838992162989253,0.0,1-18
pos-162,1,24,10,T0.9_P0.5,0.9,0.5,53,2,0.960233679261854,15.953933805394076,0.0,0.0,71,0.0,15.953933805394076,0.0,1-18
pos-162,1,24,10,T0.9_P0.9,0.9,0.9,53,6,2.2356349118820082,15.488132751606033,0.0,0.0,71,0.09740140721016693,15.488132751606033,0.0,1-18
pos-162,1,24,10,T0.9_P0.95,0.9,0.95,53,9,2.439224298573579,16.580680746413712,0.0,0.0,71,0.09378530701748494,16.580680746413712,0.0,1-18
pos-162,1,24,10,T0.9_P1,0.9,1.0,53,53,2.734463710972994,17.68481977854233,0.0031026724115139083,0.0027543692561599483,71,0.0898591465551697,17.68481977854233,0.0,1-18
pos-162,1,24,10,T1_P0.5,1.0,0.5,53,2,0.967618735474042,15.716298408026049,0.0,0.0,71,0.0,15.716298408026049,0.0,1-18
pos-162,1,24,10,T1_P0.9,1.0,0.9,53,7,2.384485911087556,16.37747993898592,0.0,0.0,71,0.10303911565717698,16.37747993898592,0.0,1-18
pos-162,1,24,10,T1_P0.95,1.0,0.95,53,10,2.5955278132338813,16.80374630792101,0.0,0.0,71,0.09886625156546747,16.80374630792101,0.0,1-18
pos-162,1,24,10,T1_P1,1.0,1.0,53,53,2.9343227880612495,18.747901489087056,0.005315016990185834,0.004585350054725945,71,0.093942182595456,18.747901489087056,0.0,1-18
pos-163,1,40,10,argmax,0.0,0.0,24,1,-0.0,21.0,0.0,0.0,-463,0.0,21.0,0.0,1-19
pos-163,1,40,10,T0.5_P0.5,0.5,0.5,24,1,-0.0,21.0,0.0,0.0,-463,0.0,21.0,0.0,1-19
pos-163,1,40,10,T0.5_P0.9,0.5,0.9,24,2,0.8924231727682327,18.834541221798787,0.0,0.0,-463,0.0,18.834541221798787,0.0,1-19
pos-163,1,40,10,T0.5_P0.95,0.5,0.95,24,3,1.1504701002282092,19.99773077598712,0.0,0.0,-463,0.0,19.99773077598712,0.0,1-19
pos-163,1,40,10,T0.5_P1,0.5,1.0,24,24,1.1699141043299373,20.009729326803253,8.115415980168452e-06,8.115415980168452e-06,-463,0.0003480080481840779,20.009729326803253,0.0,1-19
pos-163,1,40,10,T0.9_P0.5,0.9,0.5,24,1,-0.0,21.0,0.0,0.0,-463,0.0,21.0,0.0,1-19
pos-163,1,40,10,T0.9_P0.9,0.9,0.9,24,3,1.4032820490523403,21.17154739428436,0.0,0.0,-463,0.0,21.17154739428436,0.0,1-19
pos-163,1,40,10,T0.9_P0.95,0.9,0.95,24,3,1.4032820490523403,21.17154739428436,0.0,0.0,-463,0.0,21.17154739428436,0.0,1-19
pos-163,1,40,10,T0.9_P1,0.9,1.0,24,24,1.7572605362759819,22.05571408417743,0.0016843577566020686,0.0016843577566020686,-463,0.007666776268930765,22.05571408417743,0.0,1-19
pos-163,1,40,10,T1_P0.5,1.0,0.5,24,2,0.9714940435215953,18.193465438927067,0.0,0.0,-463,0.0,18.193465438927067,0.0,1-19
pos-163,1,40,10,T1_P0.9,1.0,0.9,24,3,1.432665311883995,21.422795204112628,0.0,0.0,-463,0.0,21.422795204112628,0.0,1-19
pos-163,1,40,10,T1_P0.95,1.0,0.95,24,5,1.5884624847193243,21.275545605248823,0.0,0.0,-463,0.011503667212658145,21.275545605248823,0.0,1-19
pos-163,1,40,10,T1_P1,1.0,1.0,24,24,1.9307951303734585,22.9811812764232,0.0032296229589366234,0.0032296229589366234,-463,0.010981431563622633,22.9811812764232,0.0,1-19
pos-164,2,24,10,argmax,0.0,0.0,59,1,-0.0,40.0,0.0,0.0,853,0.0,40.0,0.0,2-18
pos-164,2,24,10,T0.5_P0.5,0.5,0.5,59,1,-0.0,40.0,0.0,0.0,853,0.0,40.0,0.0,2-18
pos-164,2,24,10,T0.5_P0.9,0.5,0.9,59,2,0.6340894485076913,51.03365293712686,0.1599080135815487,0.0,853,0.0,51.03365293712686,0.0,2-18
pos-164,2,24,10,T0.5_P0.95,0.5,0.95,59,2,0.6340894485076913,51.03365293712686,0.1599080135815487,0.0,853,0.0,51.03365293712686,0.0,2-18
pos-164,2,24,10,T0.5_P1,0.5,1.0,59,59,0.804381517697596,51.20952172273488,0.1615777605239068,8.433950228971123e-08,853,2.222098843073166e-06,51.20951729107492,0.0,2-18
pos-164,2,24,10,T0.9_P0.5,0.9,0.5,59,1,-0.0,40.0,0.0,0.0,853,0.0,40.0,0.0,2-18
pos-164,2,24,10,T0.9_P0.9,0.9,0.9,59,3,1.1808611346136013,57.64626871225877,0.26333318422514246,0.0,853,0.0,57.64626871225877,0.0,2-18
pos-164,2,24,10,T0.9_P0.95,0.9,0.95,59,5,1.4526288854085267,61.469641924804606,0.29916326498986967,0.0,853,0.0,61.469641924804606,0.0,2-18
pos-164,2,24,10,T0.9_P1,0.9,1.0,59,59,1.7031597020022575,63.335027009410695,0.30594576613504193,0.00021455664885660484,853,0.0004909941319565932,63.32454550000887,0.0,2-18
pos-164,2,24,10,T1_P0.5,1.0,0.5,59,1,-0.0,40.0,0.0,0.0,853,0.0,40.0,0.0,2-18
pos-164,2,24,10,T1_P0.9,1.0,0.9,59,4,1.4104466984010573,61.42922614340962,0.30088248421194236,0.0,853,0.0,61.42922614340962,0.0,2-18
pos-164,2,24,10,T1_P0.95,1.0,0.95,59,6,1.666291952051921,63.17109896720099,0.3169688996173658,0.0,853,0.0,63.17109896720099,0.0,2-18
pos-164,2,24,10,T1_P1,1.0,1.0,59,59,1.9160410369743366,66.28834121855633,0.33240775206825157,0.0005644593162274284,853,0.0009278479098415864,66.26165662441417,0.0,2-18
pos-165,2,40,10,argmax,0.0,0.0,29,1,-0.0,95.0,0.0,0.0,-31,0.0,95.0,0.0,2-21
pos-165,2,40,10,T0.5_P0.5,0.5,0.5,29,2,0.9745492820756883,56.39585364645039,0.0,0.0,-31,0.40635943530052215,56.39585364645039,0.0,2-21
pos-165,2,40,10,T0.5_P0.9,0.5,0.9,29,6,2.3137732896451513,42.213581027367916,0.0,0.0,-31,0.23210212038321598,42.213581027367916,0.0,2-21
pos-165,2,40,10,T0.5_P0.95,0.5,0.95,29,8,2.5492967088392557,40.61780170030502,0.0,0.0,-31,0.21910204793377594,40.61780170030502,0.0,2-21
pos-165,2,40,10,T0.5_P1,0.5,1.0,29,29,2.7800956979664324,39.43615725780639,0.0001483739566696821,0.00014801125537552355,-31,0.21052872318372468,39.43615725780639,0.0,2-21
pos-165,2,40,10,T0.9_P0.5,0.9,0.5,29,4,1.9726994014371777,41.52461144170864,0.0,0.0,-31,0.259821725897997,41.52461144170864,0.0,2-21
pos-165,2,40,10,T0.9_P0.9,0.9,0.9,29,10,3.080347778927312,31.095579320423404,0.0,0.0,-31,0.17196962164801963,31.095579320423404,0.0,2-21
pos-165,2,40,10,T0.9_P0.95,0.9,0.95,29,12,3.224756736802674,30.560544107410948,0.0,0.0,-31,0.16603310136120913,30.560544107410948,0.0,2-21
pos-165,2,40,10,T0.9_P1,0.9,1.0,29,29,3.4811420653585903,32.61101476816358,0.0041967182663055795,0.0040971887324827445,-31,0.15850468725266295,32.61101476816358,0.0,2-21
pos-165,2,40,10,T1_P0.5,1.0,0.5,29,4,1.9778240093946489,40.97670274121073,0.0,0.0,-31,0.2592642419515309,40.97670274121073,0.0,2-21
pos-165,2,40,10,T1_P0.9,1.0,0.9,29,10,3.1224700159999084,29.992437784042757,0.0,0.0,-31,0.16539245075723563,29.992437784042757,0.0,2-21
pos-165,2,40,10,T1_P0.95,1.0,0.95,29,13,3.342051425928967,29.144025745274227,0.0,0.0,-31,0.15639396568311634,29.144025745274227,0.0,2-21
pos-165,2,40,10,T1_P1,1.0,1.0,29,29,3.6003921299642365,32.62734888219818,0.0063868514671595366,0.006191178167507152,-31,0.14907770361673003,32.62734888219818,0.0,2-21
pos-166,2,60,10,argmax,0.0,0.0,28,1,-0.0,47.0,0.0,0.0,438,0.0,47.0,0.0,2-28
pos-166,2,60,10,T0.5_P0.5,0.5,0.5,28,2,0.9905407227283232,26.18812242569979,0.0,0.0,438,0.4428059058361746,26.18812242569979,0.0,2-28
pos-166,2,60,10,T0.5_P0.9,0.5,0.9,28,3,1.4347266556770255,31.310748436241315,0.0,0.0,438,0.38118641777068685,31.310748436241315,0.0,2-28
pos-166,2,60,10,T0.5_P0.95,0.5,0.95,28,3,1.4347266556770255,31.310748436241315,0.0,0.0,438,0.38118641777068685,31.310748436241315,0.0,2-28
pos-166,2,60,10,T0.5_P1,0.5,1.0,28,28,1.6740610824439575,32.775462963595515,0.00602505885065956,1.9849812866162776e-06,438,0.3692988871832614,32.775462963595515,0.0,2-28
pos-166,2,60,10,T0.9_P0.5,0.9,0.5,28,2,0.997067162664299,24.99793284504076,0.0,0.0,438,0.46812908840338807,24.99793284504076,0.0,2-28
pos-166,2,60,10,T0.9_P0.9,0.9,0.9,28,6,2.0315853174229077,39.013299855550336,0.03216659079159124,0.0,438,0.3291822440745317,39.013299855550336,0.0,2-28
pos-166,2,60,10,T0.9_P0.95,0.9,0.95,28,8,2.260187149016595,40.054535458733106,0.030608732455395082,0.0,438,0.31323963746191785,40.054535458733106,0.0,2-28
pos-166,2,60,10,T0.9_P1,0.9,1.0,28,28,2.5834915142994017,42.10079694377349,0.036689979008978,0.0006594997433058066,438,0.2982394384936268,42.10079694377349,0.0,2-28
pos-166,2,60,10,T1_P0.5,1.0,0.5,28,2,0.9976234834558027,24.848486859756864,0.0,0.0,438,0.471308790217939,24.848486859756864,0.0,2-28
pos-166,2,60,10,T1_P0.9,1.0,0.9,28,7,2.25262680332856,41.689489672362434,0.037897511511307984,0.0,438,0.307354038652474,41.689489672362434,0.0,2-28
pos-166,2,60,10,T1_P0.95,1.0,0.95,28,10,2.4967242971176793,43.135626913085815,0.04576510046347509,0.0,438,0.2923303557087846,43.135626913085815,0.0,2-28
pos-166,2,60,10,T1_P1,1.0,1.0,28,28,2.7863271191413532,44.742837827303305,0.0452779512963143,0.0013316155688593702,438,0.27940824992726904,44.742837827303305,0.0,2-28
pos-167,0,24,10,argmax,0.0,0.0,38,1,-0.0,0.0,0.0,0.0,230,1.0,0.0,0.0,0-19
pos-167,0,24,10,T0.5_P0.5,0.5,0.5,38,1,-0.0,0.0,0.0,0.0,230,1.0,0.0,0.0,0-19
pos-167,0,24,10,T0.5_P0.9,0.5,0.9,38,3,0.6659338982417249,9.208701680092522,0.05164270346420614,0.0,230,0.8749708141216499,9.208701680092522,0.0,0-19
pos-167,0,24,10,T0.5_P0.95,0.5,0.95,38,4,0.8473303174999401,14.261344505863839,0.08163001028873856,0.0,230,0.8473040071477167,14.261344505863839,0.0,0-19
pos-167,0,24,10,T0.5_P1,0.5,1.0,38,38,1.1734098667694695,20.660854729461796,0.1228114373399828,0.00038964307607119655,230,0.8093093115985395,20.660854729461796,0.0,0-19
pos-167,0,24,10,T0.9_P0.5,0.9,0.5,38,2,0.7249270756608897,3.0225687577395703,0.0,0.0,230,0.7984954161506952,3.0225687577395703,0.0,0-19
pos-167,0,24,10,T0.9_P0.9,0.9,0.9,38,7,2.1573852283033794,56.91167111976182,0.34189898121293333,0.0,230,0.5254906468655753,56.91167111976182,0.0,0-19
pos-167,0,24,10,T0.9_P0.95,0.9,0.95,38,9,2.3472787933268573,60.45635926669387,0.3671064749464034,0.0,230,0.5053625786667519,60.45635926669387,0.0,0-19
pos-167,0,24,10,T0.9_P1,0.9,1.0,38,38,2.648323842806157,66.1924408062776,0.3979585509916337,0.011239587538915973,230,0.48072733736590295,66.1924408062776,0.0,0-19
pos-167,0,24,10,T1_P0.5,1.0,0.5,38,2,0.7684263414353009,3.368562705235333,0.0,0.0,230,0.7754291529843111,3.368562705235333,0.0,0-19
pos-167,0,24,10,T1_P0.9,1.0,0.9,38,8,2.397365742054803,65.51052070309063,0.39693654865137323,0.0,230,0.46763298127506103,65.51052070309063,0.0,0-19
pos-167,0,24,10,T1_P0.95,1.0,0.95,38,10,2.5881213802674012,69.24555033036256,0.4219014174170181,0.0,230,0.44827449423375265,69.24555033036256,0.0,0-19
pos-167,0,24,10,T1_P1,1.0,1.0,38,38,2.8765723201976607,74.85751340235656,0.44931047767217436,0.01682457857085745,230,0.4270207098560006,74.85751340235656,0.0,0-19
pos-168,0,40,10,argmax,0.0,0.0,56,1,-0.0,0.0,0.0,0.0,255,1.0,0.0,0.0,0-19
pos-168,0,40,10,T0.5_P0.5,0.5,0.5,56,1,-0.0,0.0,0.0,0.0,255,1.0,0.0,0.0,0-19
pos-168,0,40,10,T0.5_P0.9,0.5,0.9,56,2,0.29772583465953867,1.5280797392141774,0.0,0.0,255,0.9473075951995111,1.5280797392141774,0.0,0-19
pos-168,0,40,10,T0.5_P0.95,0.5,0.95,56,4,0.7200508513113497,4.3852743692999105,0.0,0.0,255,0.8794269295886128,4.3852743692999105,0.0,0-19
pos-168,0,40,10,T0.5_P1,0.5,1.0,56,56,0.8763660019641649,5.46274300305062,0.0027017264274504047,0.0002164728643524193,255,0.8628060903043853,5.46274300305062,0.0,0-19
pos-168,0,40,10,T0.9_P0.5,0.9,0.5,56,1,-0.0,0.0,0.0,0.0,255,1.0,0.0,0.0,0-19
pos-168,0,40,10,T0.9_P0.9,0.9,0.9,56,6,1.829245521599387,16.302534045640222,0.019775652847821214,0.0,255,0.5994087595613103,16.302534045640222,0.0,0-19
pos-168,0,40,10,T0.9_P0.95,0.9,0.95,56,9,2.0570447072682243,19.159990030088178,0.019000319464022974,0.0,255,0.5759080627496661,19.159990030088178,0.0,0-19
pos-168,0,40,10,T0.9_P1,0.9,1.0,56,56,2.42111137821904,25.306937296989872,0.04922635364007618,0.009007205237141436,255,0.5492203783590166,25.306937296989872,0.0,0-19
pos-168,0,40,10,T1_P0.5,1.0,0.5,56,2,0.7032205531076363,5.534292955013194,0.0,0.0,255,0.8091623118960968,5.534292955013194,0.0,0-19
pos-168,0,40,10,T1_P0.9,1.0,0.9,56,7,2.0721275925995766,20.29397126185561,0.025084531805217143,0.0,255,0.5405539304986379,20.29397126185561,0.0,0-19
pos-168,0,40,10,T1_P0.95,1.0,0.95,56,12,2.380222998079594,24.367484793373023,0.03472074679410242,0.0,255,0.5118345961833132,24.367484793373023,0.0,0-19
pos-168,0,40,10,T1_P1,1.0,1.0,56,56,2.738180667743203,31.384109360673648,0.07023023153727016,0.013903145169768991,255,0.48757159959912966,31.384109360673648,0.0,0-19
pos-169,0,60,10,argmax,0.0,0.0,2,1,-0.0,0.0,0.0,0.0,-86,1.0,0.0,0.0,0-27
pos-169,0,60,10,T0.5_P0.5,0.5,0.5,2,1,-0.0,0.0,0.0,0.0,-86,1.0,0.0,0.0,0-27
pos-169,0,60,10,T0.5_P0.9,0.5,0.9,2,2,0.9833540015840936,4.666112860620062,0.0,0.0,-86,0.5758079217618124,4.666112860620062,0.0,0-27
pos-169,0,60,10,T0.5_P0.95,0.5,0.95,2,2,0.9833540015840936,4.666112860620062,0.0,0.0,-86,0.5758079217618124,4.666112860620062,0.0,0-27
pos-169,0,60,10,T0.5_P1,0.5,1.0,2,2,0.9833540015840936,4.666112860620062,0.0,0.0,-86,0.5758079217618124,4.666112860620062,0.0,0-27
pos-169,0,60,10,T0.9_P0.5,0.9,0.5,2,1,-0.0,0.0,0.0,0.0,-86,1.0,0.0,0.0,0-27
pos-169,0,60,10,T0.9_P0.9,0.9,0.9,2,2,0.9948209631665506,5.034247927129194,0.0,0.0,-86,0.5423410975337096,5.034247927129194,0.0,0-27
pos-169,0,60,10,T0.9_P0.95,0.9,0.95,2,2,0.9948209631665506,5.034247927129194,0.0,0.0,-86,0.5423410975337096,5.034247927129194,0.0,0-27
pos-169,0,60,10,T0.9_P1,0.9,1.0,2,2,0.9948209631665506,5.034247927129194,0.0,0.0,-86,0.5423410975337096,5.034247927129194,0.0,0-27
pos-169,0,60,10,T1_P0.5,1.0,0.5,2,1,-0.0,0.0,0.0,0.0,-86,1.0,0.0,0.0,0-27
pos-169,0,60,10,T1_P0.9,1.0,0.9,2,2,0.9958021148466707,5.080632379650111,0.0,0.0,-86,0.5381243291227171,5.080632379650111,0.0,0-27
pos-169,0,60,10,T1_P0.95,1.0,0.95,2,2,0.9958021148466707,5.080632379650111,0.0,0.0,-86,0.5381243291227171,5.080632379650111,0.0,0-27
pos-169,0,60,10,T1_P1,1.0,1.0,2,2,0.9958021148466707,5.080632379650111,0.0,0.0,-86,0.5381243291227171,5.080632379650111,0.0,0-27
pos-170,1,24,10,argmax,0.0,0.0,27,1,-0.0,0.0,0.0,0.0,-145,1.0,0.0,0.0,1-19
pos-170,1,24,10,T0.5_P0.5,0.5,0.5,27,1,-0.0,0.0,0.0,0.0,-145,1.0,0.0,0.0,1-19
pos-170,1,24,10,T0.5_P0.9,0.5,0.9,27,4,1.4827981168216233,68.4516846732173,0.38327975960707084,0.1563785587840408,-145,0.6167202403929293,68.4516846732173,0.0,1-19
pos-170,1,24,10,T0.5_P0.95,0.5,0.95,27,5,1.6827351823349035,81.48735356509438,0.41143387721578717,0.19489102475742326,-145,0.5885661227842128,81.48735356509438,0.0,1-19
pos-170,1,24,10,T0.5_P1,0.5,1.0,27,27,1.9017022138727415,85.8010320357113,0.43321318532541736,0.1993532948347253,-145,0.5667868146745827,85.8010320357113,0.0,1-19
pos-170,1,24,10,T0.9_P0.5,0.9,0.5,27,2,0.9464267571314358,40.83399102744664,0.36458920560220215,0.0,-145,0.6354107943977978,40.83399102744664,0.0,1-19
pos-170,1,24,10,T0.9_P0.9,0.9,0.9,27,6,2.3206455377399102,131.2888485074655,0.6187242814417295,0.33213382555888005,-145,0.38127571855827036,131.2888485074655,0.0,1-19
pos-170,1,24,10,T0.9_P0.95,0.9,0.95,27,7,2.4428923929310784,138.43182628110185,0.62980820647625,0.3515491154666374,-145,0.37019179352374987,138.43182628110185,0.0,1-19
pos-170,1,24,10,T0.9_P1,0.9,1.0,27,27,2.728563079236534,147.59931303135753,0.6482605182021611,0.3838713280863635,-145,0.351739481797839,147.59931303135753,0.0,1-19
pos-170,1,24,10,T1_P0.5,1.0,0.5,27,2,0.9562949456596508,42.28586017075347,0.377552322953156,0.0,-145,0.6224476770468441,42.28586017075347,0.0,1-19
pos-170,1,24,10,T1_P0.9,1.0,0.9,27,6,2.370426221706559,137.69774531531505,0.6431628531436302,0.35128361169563,-145,0.35683714685636997,137.69774531531505,0.0,1-19
pos-170,1,24,10,T1_P0.95,1.0,0.95,27,8,2.61803821196083,148.73635157050404,0.6649773131763304,0.39094147201060286,-145,0.33502268682366954,148.73635157050404,0.0,1-19
pos-170,1,24,10,T1_P1,1.0,1.0,27,27,2.8686137599143042,158.34082627550924,0.6783969310565453,0.4153378279403902,-145,0.3216030689434546,158.34082627550924,0.0,1-19
pos-171,1,40,10,argmax,0.0,0.0,33,1,-0.0,46.0,0.0,0.0,55,0.0,46.0,0.0,1-20
pos-171,1,40,10,T0.5_P0.5,0.5,0.5,33,1,-0.0,46.0,0.0,0.0,55,0.0,46.0,0.0,1-20
pos-171,1,40,10,T0.5_P0.9,0.5,0.9,33,2,0.3472726723548811,43.00651450228059,0.0,0.0,55,0.06507577168955228,43.00651450228059,0.0,1-20
pos-171,1,40,10,T0.5_P0.95,0.5,0.95,33,3,0.601315237325237,43.838066379220336,0.0,0.0,55,0.06206835658375699,43.838066379220336,0.0,1-20
pos-171,1,40,10,T0.5_P1,0.5,1.0,33,33,0.7148127923782828,45.92964786608338,0.01667996145421992,7.911842505442457e-05,55,0.06103305878841316,45.92964786608338,0.0,1-20
pos-171,1,40,10,T0.9_P0.5,0.9,0.5,33,1,-0.0,46.0,0.0,0.0,55,0.0,46.0,0.0,1-20
pos-171,1,40,10,T0.9_P0.9,0.9,0.9,33,3,1.1711423617695003,40.672175061311634,0.0,0.0,55,0.16015288420434273,40.672175061311634,0.0,1-20
pos-171,1,40,10,T0.9_P0.95,0.9,0.95,33,4,1.4602460762547382,49.91599272485016,0.0720328398611523,0.0,55,0.14861661714314964,49.91599272485016,0.0,1-20
pos-171,1,40,10,T0.9_P1,0.9,1.0,33,33,1.5558656776368607,51.429320883850465,0.081130517349995,0.006364987245499002,55,0.14715959785375057,51.429320883850465,0.0,1-20
pos-171,1,40,10,T1_P0.5,1.0,0.5,33,1,-0.0,46.0,0.0,0.0,55,0.0,46.0,0.0,1-20
pos-171,1,40,10,T1_P0.9,1.0,0.9,33,4,1.5552855519536641,51.026936615053096,0.08439712089758034,0.0,55,0.1619611241830703,51.026936615053096,0.0,1-20
pos-171,1,40,10,T1_P0.95,1.0,0.95,33,4,1.5552855519536641,51.026936615053096,0.08439712089758034,0.0,55,0.1619611241830703,51.026936615053096,0.0,1-20
pos-171,1,40,10,T1_P1,1.0,1.0,33,33,1.711360067183177,53.71384104331005,0.10027747248265136,0.01115154249742045,55,0.15915204652086168,53.71384104331005,0.0,1-20
pos-172,2,24,10,argmax,0.0,0.0,15,1,-0.0,0.0,0.0,0.0,-644,1.0,0.0,0.0,2-19
pos-172,2,24,10,T0.5_P0.5,0.5,0.5,15,1,-0.0,0.0,0.0,0.0,-644,1.0,0.0,0.0,2-19
pos-172,2,24,10,T0.5_P0.9,0.5,0.9,15,3,1.1169122435694936,12.846151276928154,0.0,0.0,-644,0.7268523159327626,12.846151276928154,0.0,2-19
pos-172,2,24,10,T0.5_P0.95,0.5,0.95,15,4,1.3685529626118522,12.684031683587563,0.0,0.0,-644,0.6854500887100171,12.684031683587563,0.0,2-19
pos-172,2,24,10,T0.5_P1,0.5,1.0,15,15,1.4341635093778116,13.664727256414583,0.008318966376706817,0.0,-644,0.6796253145267993,13.664727256414583,0.0,2-19
pos-172,2,24,10,T0.9_P0.5,0.9,0.5,15,2,0.874552415995911,7.658835297774324,0.0,0.0,-644,0.7054294116240645,7.658835297774324,0.0,2-19
pos-172,2,24,10,T0.9_P0.9,0.9,0.9,15,4,1.7920099897625008,19.842408969900667,0.0,0.0,-644,0.49018964701157375,19.842408969900667,0.0,2-19
pos-172,2,24,10,T0.9_P0.95,0.9,0.95,15,5,1.956441552796751,24.084181088201447,0.03781975057900829,0.0,-644,0.47165079682518396,24.084181088201447,0.0,2-19
pos-172,2,24,10,T0.9_P1,0.9,1.0,15,15,2.134796897823776,25.933573808413357,0.05278822900349029,0.0,-644,0.4599502270190289,25.933573808413357,0.0,2-19
pos-172,2,24,10,T1_P0.5,1.0,0.5,15,2,0.89664805408625,8.138960855099024,0.0,0.0,-644,0.686963044034653,8.138960855099024,0.0,2-19
pos-172,2,24,10,T1_P0.9,1.0,0.9,15,4,1.831895523116224,20.73562385442641,0.0,0.0,-644,0.46424977347573027,20.73562385442641,0.0,2-19
pos-172,2,24,10,T1_P0.95,1.0,0.95,15,5,2.0160734945349224,25.822738212711958,0.04572096240066796,0.0,-644,0.44302382703812776,25.822738212711958,0.0,2-19
pos-172,2,24,10,T1_P1,1.0,1.0,15,15,2.2617627499781805,28.449942570083333,0.06637206909669462,0.0,-644,0.426817322405745,28.449942570083333,0.0,2-19
pos-173,2,40,10,argmax,0.0,0.0,48,1,-0.0,0.0,0.0,0.0,340,1.0,0.0,0.0,2-22
pos-173,2,40,10,T0.5_P0.5,0.5,0.5,48,1,-0.0,0.0,0.0,0.0,340,1.0,0.0,0.0,2-22
pos-173,2,40,10,T0.5_P0.9,0.5,0.9,48,2,0.4794979258347042,7.233874654226233,0.0,0.0,340,0.8966589335110537,7.233874654226233,0.0,2-22
pos-173,2,40,10,T0.5_P0.95,0.5,0.95,48,3,0.7024774131027082,11.421131674305384,0.03996766136248126,0.0,340,0.8608215728988404,11.421131674305384,0.0,2-22
pos-173,2,40,10,T0.5_P1,0.5,1.0,48,48,1.016301929418098,14.091388899832037,0.05101440987868772,0.0010596148995895263,340,0.8274552434869714,14.091388899832037,0.0,2-22
pos-173,2,40,10,T0.9_P0.5,0.9,0.5,48,1,-0.0,0.0,0.0,0.0,340,1.0,0.0,0.0,2-22
pos-173,2,40,10,T0.9_P0.9,0.9,0.9,48,8,2.0636046337010443,36.92352206174216,0.1569101613410711,0.0,340,0.5552412806803714,36.92352206174216,0.0,2-22
pos-173,2,40,10,T0.9_P0.95,0.9,0.95,48,12,2.357949110066306,41.65176948971555,0.1856406050208739,0.010480465136718652,340,0.5258710799668764,41.65176948971555,0.0,2-22
pos-173,2,40,10,T0.9_P1,0.9,1.0,48,48,2.6575887331900216,46.59369289165555,0.21832110799570253,0.018697336146035647,340,0.5047677053399104,46.59369289165555,0.0,2-22
pos-173,2,40,10,T1_P0.5,1.0,0.5,48,2,0.816693418628645,17.741177763410406,0.0,0.0,340,0.7465546033798514,17.741177763410406,0.0,2-22
pos-173,2,40,10,T1_P0.9,1.0,0.9,48,10,2.413124200974327,43.095129915756615,0.18960795360626137,0.0,340,0.48742597233117824,43.095129915756615,0.0,2-22
pos-173,2,40,10,T1_P0.95,1.0,0.95,48,14,2.6603413130021405,49.40869942986906,0.22693318928613274,0.022753395063039042,340,0.4649759873211918,49.40869942986906,0.0,2-22
pos-173,2,40,10,T1_P1,1.0,1.0,48,48,2.9682545923769545,54.11399678129172,0.26077121411089466,0.02574214137279096,340,0.4446234527357739,54.11399678129172,0.0,2-22
pos-174,2,60,10,argmax,0.0,0.0,35,1,-0.0,17.0,0.0,0.0,-572,0.0,17.0,0.0,2-29
pos-174,2,60,10,T0.5_P0.5,0.5,0.5,35,1,-0.0,17.0,0.0,0.0,-572,0.0,17.0,0.0,2-29
pos-174,2,60,10,T0.5_P0.9,0.5,0.9,35,2,0.36035767026602594,16.383364175579565,0.0,0.0,-572,0.0,16.383364175579565,0.0,2-29
pos-174,2,60,10,T0.5_P0.95,0.5,0.95,35,3,0.6079169260779447,15.650115088559822,0.0,0.0,-572,0.044755709460007814,15.650115088559822,0.0,2-29
pos-174,2,60,10,T0.5_P1,0.5,1.0,35,35,0.8533600297839172,17.59129557501877,0.005112315843325084,1.4232253333948905e-05,-572,0.043283957174346264,17.59129557501877,0.0,2-29
pos-174,2,60,10,T0.9_P0.5,0.9,0.5,35,1,-0.0,17.0,0.0,0.0,-572,0.0,17.0,0.0,2-29
pos-174,2,60,10,T0.9_P0.9,0.9,0.9,35,5,1.6338859387214286,17.961372890617007,0.0,0.0,-572,0.11865439972574998,17.961372890617007,0.0,2-29
pos-174,2,60,10,T0.9_P0.95,0.9,0.95,35,8,1.9276638127978267,23.70878914360825,0.052370704409947205,0.0,-572,0.11244038523077302,23.70878914360825,0.0,2-29
pos-174,2,60,10,T0.9_P1,0.9,1.0,35,35,2.258586502297194,28.392903074257795,0.06561622328160406,0.001938076848839394,-572,0.10703699971821636,28.392903074257795,0.0,2-29
pos-174,2,60,10,T1_P0.5,1.0,0.5,35,1,-0.0,17.0,0.0,0.0,-572,0.0,17.0,0.0,2-29
pos-174,2,60,10,T1_P0.9,1.0,0.9,35,7,1.987811174123677,23.07375421545792,0.04743971982913704,0.0,-572,0.12438781113203674,23.07375421545792,0.0,2-29
pos-174,2,60,10,T1_P0.95,1.0,0.95,35,9,2.198057734433472,27.151877126067795,0.066855435114797,0.0,-572,0.1191509678402445,27.151877126067795,0.0,2-29
pos-174,2,60,10,T1_P1,1.0,1.0,35,35,2.5330137073763055,32.58196536607051,0.0877917513073022,0.0034966057580606584,-572,0.11333902958166016,32.58196536607051,0.0,2-29
pos-175,0,40,10,argmax,0.0,0.0,47,1,-0.0,0.0,0.0,0.0,447,1.0,0.0,0.0,0-20
pos-175,0,40,10,T0.5_P0.5,0.5,0.5,47,1,-0.0,0.0,0.0,0.0,447,1.0,0.0,0.0,0-20
pos-175,0,40,10,T0.5_P0.9,0.5,0.9,47,1,-0.0,0.0,0.0,0.0,447,1.0,0.0,0.0,0-20
pos-175,0,40,10,T0.5_P0.95,0.5,0.95,47,1,-0.0,0.0,0.0,0.0,447,1.0,0.0,0.0,0-20
pos-175,0,40,10,T0.5_P1,0.5,1.0,47,47,0.024057461960489895,0.3421844995457626,0.0020803631665263704,0.00022382664581775406,447,0.9979189647449307,0.3421829537950558,0.0,0-20
pos-175,0,40,10,T0.9_P0.5,0.9,0.5,47,1,-0.0,0.0,0.0,0.0,447,1.0,0.0,0.0,0-20
pos-175,0,40,10,T0.9_P0.9,0.9,0.9,47,1,-0.0,0.0,0.0,0.0,447,1.0,0.0,0.0,0-20
pos-175,0,40,10,T0.9_P0.95,0.9,0.95,47,2,0.18266217193354717,4.153223804927895,0.027688158699519298,0.0,447,0.9723118413004808,4.153223804927895,0.0,0-20
pos-175,0,40,10,T0.9_P1,0.9,1.0,47,47,0.48239149610909193,10.942657744157042,0.057551660797933515,0.01580939039162307,447,0.942097271508662,10.94124755039621,0.0,0-20
pos-175,0,40,10,T1_P0.5,1.0,0.5,47,1,-0.0,0.0,0.0,0.0,447,1.0,0.0,0.0,0-20
pos-175,0,40,10,T1_P0.9,1.0,0.9,47,1,-0.0,0.0,0.0,0.0,447,1.0,0.0,0.0,0-20
pos-175,0,40,10,T1_P0.95,1.0,0.95,47,3,0.3322061506800945,9.109809323894805,0.05111470713306365,0.012544376121176145,447,0.9488852928669363,9.109809323894805,0.0,0-20
pos-175,0,40,10,T1_P1,1.0,1.0,47,47,0.7204519824535303,17.62760184716427,0.08997729478709895,0.027630911961622418,447,0.909276494341015,17.62437732547515,0.0,0-20
pos-176,0,60,10,argmax,0.0,0.0,20,1,-0.0,0.0,0.0,0.0,-322,1.0,0.0,0.0,0-28
pos-176,0,60,10,T0.5_P0.5,0.5,0.5,20,3,1.568147308178728,2743.606910295265,0.2810051130885752,0.2810051130885752,-322,0.4031451344812573,305.3255440256981,0.2810051130885752,0-28
pos-176,0,60,10,T0.5_P0.9,0.5,0.9,20,5,2.2934170932008,1884.4397397243363,0.3449990033438167,0.18928333532439673,-322,0.27155611097496896,242.02823911454593,0.18928333532439673,0-28
pos-176,0,60,10,T0.5_P0.95,0.5,0.95,20,5,2.2934170932008,1884.4397397243363,0.3449990033438167,0.18928333532439673,-322,0.27155611097496896,242.02823911454593,0.18928333532439673,0-28
pos-176,0,60,10,T0.5_P1,0.5,1.0,20,20,2.528803688886601,1896.529267685486,0.3460063618468602,0.1906620609877526,-322,0.2594066050742082,242.2121103230134,0.19065769265476087,0-28
pos-176,0,60,10,T0.9_P0.5,0.9,0.5,20,3,1.5798303759206687,2967.100381748154,0.3040321541320619,0.3040321541320619,-322,0.37153633661870766,329.01338034425265,0.3040321541320619,0-28
pos-176,0,60,10,T0.9_P0.9,0.9,0.9,20,6,2.5070344907834663,1820.2110636522168,0.3464464154141918,0.1826071998736659,-322,0.22315143039703672,235.72839034841786,0.1826071998736659,0-28
pos-176,0,60,10,T0.9_P0.95,0.9,0.95,20,8,2.738234397129781,2047.182551682273,0.38445830064806885,0.2060798480476012,-322,0.21017253048418036,259.09589701454246,0.2060798480476012,0-28
pos-176,0,60,10,T0.9_P1,0.9,1.0,20,20,2.930971170589086,1995.1635650283,0.384919918816951,0.20133082946107908,-322,0.2034131204484503,254.9159213978219,0.20056628298929838,0-28
pos-176,0,60,10,T1_P0.5,1.0,0.5,20,3,1.580812423095038,2995.3213397262825,0.30694062076257944,0.30694062076257944,-322,0.36764441031792316,331.99757336938075,0.30694062076257944,0-28
pos-176,0,60,10,T1_P0.9,1.0,0.9,20,7,2.661630780552589,2132.6073442114657,0.3733475626043457,0.21511451976425064,-322,0.20895887108124028,266.13997221016143,0.21511451976425064,0-28
pos-176,0,60,10,T1_P0.95,1.0,0.95,20,8,2.773463125969199,2074.634925740838,0.39143400316279225,0.2089058852121466,-322,0.20292790084089832,262.03752880621886,0.2089058852121466,0-28
pos-176,0,60,10,T1_P1,1.0,1.0,20,20,3.018404161824081,2005.6659647695421,0.39160964619794403,0.20305031796271444,-322,0.1940794533930319,256.57808970792337,0.20158619347174817,0-28
pos-177,1,24,10,argmax,0.0,0.0,29,1,-0.0,0.0,0.0,0.0,-94,1.0,0.0,0.0,1-20
pos-177,1,24,10,T0.5_P0.5,0.5,0.5,29,1,-0.0,0.0,0.0,0.0,-94,1.0,0.0,0.0,1-20
pos-177,1,24,10,T0.5_P0.9,0.5,0.9,29,1,-0.0,0.0,0.0,0.0,-94,1.0,0.0,0.0,1-20
pos-177,1,24,10,T0.5_P0.95,0.5,0.95,29,1,-0.0,0.0,0.0,0.0,-94,1.0,0.0,0.0,1-20
pos-177,1,24,10,T0.5_P1,0.5,1.0,29,29,0.04436032479630388,0.7438562351310684,0.004860561211670574,8.46970522889478e-07,-94,0.9951394387883296,0.7438562351310684,0.0,1-20
pos-177,1,24,10,T0.9_P0.5,0.9,0.5,29,1,-0.0,0.0,0.0,0.0,-94,1.0,0.0,0.0,1-20
pos-177,1,24,10,T0.9_P0.9,0.9,0.9,29,1,-0.0,0.0,0.0,0.0,-94,1.0,0.0,0.0,1-20
pos-177,1,24,10,T0.9_P0.95,0.9,0.95,29,2,0.28394891675617395,7.56200911919234,0.049424896203871506,0.0,-94,0.9505751037961285,7.56200911919234,0.0,1-20
pos-177,1,24,10,T0.9_P1,0.9,1.0,29,29,0.29595001448614017,7.906811364534917,0.05022209951434541,0.0008386536816399489,-94,0.9497779004856548,7.906811364534917,0.0,1-20
pos-177,1,24,10,T1_P0.5,1.0,0.5,29,1,-0.0,0.0,0.0,0.0,-94,1.0,0.0,0.0,1-20
pos-177,1,24,10,T1_P0.9,1.0,0.9,29,1,-0.0,0.0,0.0,0.0,-94,1.0,0.0,0.0,1-20
pos-177,1,24,10,T1_P0.95,1.0,0.95,29,2,0.3482002391039829,9.9935335122512,0.06531721249837386,0.0,-94,0.9346827875016261,9.9935335122512,0.0,1-20
pos-177,1,24,10,T1_P1,1.0,1.0,29,29,0.375298671670575,10.851284749549283,0.06723862083143717,0.0020556795939285274,-94,0.9327613791685626,10.851284749549283,0.0,1-20
pos-178,1,40,10,argmax,0.0,0.0,30,1,-0.0,0.0,0.0,0.0,-346,1.0,0.0,0.0,1-21
pos-178,1,40,10,T0.5_P0.5,0.5,0.5,30,1,-0.0,0.0,0.0,0.0,-346,1.0,0.0,0.0,1-21
pos-178,1,40,10,T0.5_P0.9,0.5,0.9,30,1,-0.0,0.0,0.0,0.0,-346,1.0,0.0,0.0,1-21
pos-178,1,40,10,T0.5_P0.95,0.5,0.95,30,1,-0.0,0.0,0.0,0.0,-346,1.0,0.0,0.0,1-21
pos-178,1,40,10,T0.5_P1,0.5,1.0,30,30,0.008190664651621295,0.19508489096816078,0.0005644358502274112,0.0005603292494662119,-346,0.9994355186904729,0.18434430134141344,1.2415431310539077e-06,1-21
pos-178,1,40,10,T0.9_P0.5,0.9,0.5,30,1,-0.0,0.0,0.0,0.0,-346,1.0,0.0,0.0,1-21
pos-178,1,40,10,T0.9_P0.9,0.9,0.9,30,1,-0.0,0.0,0.0,0.0,-346,1.0,0.0,0.0,1-21
pos-178,1,40,10,T0.9_P0.95,0.9,0.95,30,1,-0.0,0.0,0.0,0.0,-346,1.0,0.0,0.0,1-21
pos-178,1,40,10,T0.9_P1,0.9,1.0,30,30,0.3509557571156559,17.048839375270127,0.03666429633408164,0.035299032927292834,-346,0.9632553918947994,12.685573602671948,0.0005043654805916283,1-21
pos-178,1,40,10,T1_P0.5,1.0,0.5,30,1,-0.0,0.0,0.0,0.0,-346,1.0,0.0,0.0,1-21
pos-178,1,40,10,T1_P0.9,1.0,0.9,30,1,-0.0,0.0,0.0,0.0,-346,1.0,0.0,0.0,1-21
pos-178,1,40,10,T1_P0.95,1.0,0.95,30,2,0.10746869508443807,4.258502583252148,0.014195008610840493,0.014195008610840493,-346,0.9858049913891594,4.258502583252148,0.0,1-21
pos-178,1,40,10,T1_P1,1.0,1.0,30,30,0.5619912449092976,31.025484306239225,0.06276851202479217,0.05993979223934433,-346,0.9370316452987847,21.990568996275208,0.0010443781424071227,1-21
pos-179,2,24,10,argmax,0.0,0.0,40,1,-0.0,0.0,0.0,0.0,44,1.0,0.0,0.0,2-20
pos-179,2,24,10,T0.5_P0.5,0.5,0.5,40,1,-0.0,0.0,0.0,0.0,44,1.0,0.0,0.0,2-20
pos-179,2,24,10,T0.5_P0.9,0.5,0.9,40,2,0.3875860911999447,0.98677533871415,0.0,0.0,44,0.9240942047142962,0.98677533871415,0.0,2-20
pos-179,2,24,10,T0.5_P0.95,0.5,0.95,40,2,0.3875860911999447,0.98677533871415,0.0,0.0,44,0.9240942047142962,0.98677533871415,0.0,2-20
pos-179,2,24,10,T0.5_P1,0.5,1.0,40,40,0.6816497777031518,3.7758127774492065,0.003784740987156314,0.0015025188169649304,44,0.8931336207155331,3.7758127774492065,0.0,2-20
pos-179,2,24,10,T0.9_P0.5,0.9,0.5,40,1,-0.0,0.0,0.0,0.0,44,1.0,0.0,0.0,2-20
pos-179,2,24,10,T0.9_P0.9,0.9,0.9,40,7,1.6876504919407622,19.298105112305514,0.016409383587172668,0.016409383587172668,44,0.6523679253585731,19.298105112305514,0.0,2-20
pos-179,2,24,10,T0.9_P0.95,0.9,0.95,40,11,2.0071139884932427,22.94142123034166,0.03951313694403201,0.015523223660738805,44,0.6171379418754964,22.94142123034166,0.0,2-20
pos-179,2,24,10,T0.9_P1,0.9,1.0,40,40,2.327266565081,30.736306067250965,0.06883829280110916,0.028999516198665105,44,0.5894608647703927,30.736306067250965,0.0,2-20
pos-179,2,24,10,T1_P0.5,1.0,0.5,40,1,-0.0,0.0,0.0,0.0,44,1.0,0.0,0.0,2-20
pos-179,2,24,10,T1_P0.9,1.0,0.9,40,9,2.076676045573853,23.843513327685585,0.020986854464683177,0.020986854464683177,44,0.5773080993790806,23.843513327685585,0.0,2-20
pos-179,2,24,10,T1_P0.95,1.0,0.95,40,13,2.3949793147517693,30.42390156483225,0.06502974832672545,0.01975070872244426,44,0.5433041017715113,30.42390156483225,0.0,2-20
pos-179,2,24,10,T1_P1,1.0,1.0,40,40,2.6677964553664397,39.60851305047264,0.09441451252257678,0.04058002468349611,44,0.5225233431301892,39.60851305047264,0.0,2-20
pos-180,2,40,10,argmax,0.0,0.0,4,1,-0.0,5.0,0.0,0.0,-155,0.0,5.0,0.0,2-23
pos-180,2,40,10,T0.5_P0.5,0.5,0.5,4,1,-0.0,5.0,0.0,0.0,-155,0.0,5.0,0.0,2-23
pos-180,2,40,10,T0.5_P0.9,0.5,0.9,4,2,0.9251580050632454,3.2982250286322428,0.0,0.0,-155,0.3403549942735515,3.2982250286322428,0.0,2-23
pos-180,2,40,10,T0.5_P0.95,0.5,0.95,4,2,0.9251580050632454,3.2982250286322428,0.0,0.0,-155,0.3403549942735515,3.2982250286322428,0.0,2-23
pos-180,2,40,10,T0.5_P1,0.5,1.0,4,4,0.9257199014819935,3.310536777493999,3.4460550725986074e-05,3.4460550725986074e-05,-155,0.34034326545300647,3.310536777493999,0.0,2-23
pos-180,2,40,10,T0.9_P0.5,0.9,0.5,4,1,-0.0,5.0,0.0,0.0,-155,0.0,5.0,0.0,2-23
pos-180,2,40,10,T0.9_P0.9,0.9,0.9,4,2,0.9760343227629689,2.9544165560523554,0.0,0.0,-155,0.4091166887895289,2.9544165560523554,0.0,2-23
pos-180,2,40,10,T0.9_P0.95,0.9,0.95,4,2,0.9760343227629689,2.9544165560523554,0.0,0.0,-155,0.4091166887895289,2.9544165560523554,0.0,2-23
pos-180,2,40,10,T0.9_P1,0.9,1.0,4,4,1.0082642312275274,4.150375030173838,0.003328248508106882,0.003328248508106882,-155,0.40775504678042346,4.150375030173838,0.0,2-23
pos-180,2,40,10,T1_P0.5,1.0,0.5,4,1,-0.0,5.0,0.0,0.0,-155,0.0,5.0,0.0,2-23
pos-180,2,40,10,T1_P0.9,1.0,0.9,4,2,0.9805261295486365,2.909838594392253,0.0,0.0,-155,0.4180322811215494,2.909838594392253,0.0,2-23
pos-180,2,40,10,T1_P0.95,1.0,0.95,4,2,0.9805261295486365,2.909838594392253,0.0,0.0,-155,0.4180322811215494,2.909838594392253,0.0,2-23
pos-180,2,40,10,T1_P1,1.0,1.0,4,4,1.032584005926741,5.022812911271714,0.0058759143056741885,0.0058759143056741885,-155,0.4155759592606737,5.022812911271714,0.0,2-23
pos-181,0,24,10,argmax,0.0,0.0,40,1,-0.0,0.0,0.0,0.0,105,1.0,0.0,0.0,0-21
pos-181,0,24,10,T0.5_P0.5,0.5,0.5,40,1,-0.0,0.0,0.0,0.0,105,1.0,0.0,0.0,0-21
pos-181,0,24,10,T0.5_P0.9,0.5,0.9,40,1,-0.0,0.0,0.0,0.0,105,1.0,0.0,0.0,0-21
pos-181,0,24,10,T0.5_P0.95,0.5,0.95,40,1,-0.0,0.0,0.0,0.0,105,1.0,0.0,0.0,0-21
pos-181,0,24,10,T0.5_P1,0.5,1.0,40,40,0.0024387645764497178,0.11230590701600508,0.00015442696648764872,0.00015442696648764872,105,0.9998455730335123,0.11230590701600508,0.0,0-21
pos-181,0,24,10,T0.9_P0.5,0.9,0.5,40,1,-0.0,0.0,0.0,0.0,105,1.0,0.0,0.0,0-21
pos-181,0,24,10,T0.9_P0.9,0.9,0.9,40,1,-0.0,0.0,0.0,0.0,105,1.0,0.0,0.0,0-21
pos-181,0,24,10,T0.9_P0.95,0.9,0.95,40,1,-0.0,0.0,0.0,0.0,105,1.0,0.0,0.0,0-21
pos-181,0,24,10,T0.9_P1,0.9,1.0,40,40,0.16248369017926473,11.330616149807257,0.0156151904944363,0.0156151904944363,105,0.984384809505564,11.330616149807257,0.0,0-21
pos-181,0,24,10,T1_P0.5,1.0,0.5,40,1,-0.0,0.0,0.0,0.0,105,1.0,0.0,0.0,0-21
pos-181,0,24,10,T1_P0.9,1.0,0.9,40,1,-0.0,0.0,0.0,0.0,105,1.0,0.0,0.0,0-21
pos-181,0,24,10,T1_P0.95,1.0,0.95,40,1,-0.0,0.0,0.0,0.0,105,1.0,0.0,0.0,0-21
pos-181,0,24,10,T1_P1,1.0,1.0,40,40,0.2816572936385121,21.008093562014658,0.02889363919892933,0.02889363919892933,105,0.9711063608010706,21.008093562014658,0.0,0-21
pos-182,0,40,10,argmax,0.0,0.0,48,1,-0.0,63.0,0.0,0.0,207,0.0,63.0,0.0,0-21
pos-182,0,40,10,T0.5_P0.5,0.5,0.5,48,1,-0.0,63.0,0.0,0.0,207,0.0,63.0,0.0,0-21
pos-182,0,40,10,T0.5_P0.9,0.5,0.9,48,2,0.770246195018386,65.48150288954366,0.0,0.0,207,0.0,65.48150288954366,0.0,0-21
pos-182,0,40,10,T0.5_P0.95,0.5,0.95,48,2,0.770246195018386,65.48150288954366,0.0,0.0,207,0.0,65.48150288954366,0.0,0-21
pos-182,0,40,10,T0.5_P1,0.5,1.0,48,48,1.0625084046459679,69.64678250739948,0.04326508395719018,0.0026547733853845455,207,0.00010305883753578933,69.64678250739948,0.0,0-21
pos-182,0,40,10,T0.9_P0.5,0.9,0.5,48,1,-0.0,63.0,0.0,0.0,207,0.0,63.0,0.0,0-21
pos-182,0,40,10,T0.9_P0.9,0.9,0.9,48,4,1.5447690663081888,79.56498295828385,0.15119060036883727,0.0,207,0.0,79.56498295828385,0.0,0-21
pos-182,0,40,10,T0.9_P0.95,0.9,0.95,48,7,1.7645992205054775,83.83059043208024,0.18105976415555614,0.023236455909994267,207,0.0,83.83059043208024,0.0,0-21
pos-182,0,40,10,T0.9_P1,0.9,1.0,48,48,2.1018502712517346,96.1219730236515,0.21254281996005822,0.05861216387294079,207,0.0037526380285342453,96.1219730236515,0.0,0-21
pos-182,0,40,10,T1_P0.5,1.0,0.5,48,2,0.9345450726791484,66.85588653651217,0.0,0.0,207,0.0,66.85588653651217,0.0,0-21
pos-182,0,40,10,T1_P0.9,1.0,0.9,48,5,1.72720173133719,84.2388544303643,0.192371642317606,0.02058085074914518,207,0.0,84.2388544303643,0.0,0-21
pos-182,0,40,10,T1_P0.95,1.0,0.95,48,9,2.005526357261804,93.25831001784945,0.22928997556461989,0.04925420007031431,207,0.0,93.25831001784945,0.0,0-21
pos-182,0,40,10,T1_P1,1.0,1.0,48,48,2.362547657480476,106.14887836502496,0.26080467266666074,0.0848658951715852,207,0.005619346516532816,106.14887836502496,0.0,0-21
pos-183,0,60,10,argmax,0.0,0.0,3,1,-0.0,8911.0,1.0,1.0,-1085,0.0,1000.0,1.0,0-29
pos-183,0,60,10,T0.5_P0.5,0.5,0.5,3,1,-0.0,8911.0,1.0,1.0,-1085,0.0,1000.0,1.0,0-29
pos-183,0,60,10,T0.5_P0.9,0.5,0.9,3,1,-0.0,8911.0,1.0,1.0,-1085,0.0,1000.0,1.0,0-29
pos-183,0,60,10,T0.5_P0.95,0.5,0.95,3,2,0.31671269778642636,8911.0,1.0,1.0,-1085,0.0,1000.0,1.0,0-29
pos-183,0,60,10,T0.5_P1,0.5,1.0,3,3,0.41740174672281216,8788.004239694494,0.9861973111541346,0.9861973111541346,-1085,0.013802688845865474,986.1973111541346,0.9861973111541346,0-29
pos-183,0,60,10,T0.9_P0.5,0.9,0.5,3,1,-0.0,8911.0,1.0,1.0,-1085,0.0,1000.0,1.0,0-29
pos-183,0,60,10,T0.9_P0.9,0.9,0.9,3,2,0.6674002793635953,8911.000000000002,1.0000000000000002,1.0000000000000002,-1085,0.0,1000.0000000000002,1.0000000000000002,0-29
pos-183,0,60,10,T0.9_P0.95,0.9,0.95,3,3,0.9979635851117237,8253.755574297662,0.9262434714731975,0.9262434714731975,-1085,0.07375652852680263,926.2434714731975,0.9262434714731975,0-29
pos-183,0,60,10,T0.9_P1,0.9,1.0,3,3,0.9979635851117237,8253.755574297662,0.9262434714731975,0.9262434714731975,-1085,0.07375652852680263,926.2434714731975,0.9262434714731975,0-29
pos-183,0,60,10,T1_P0.5,1.0,0.5,3,1,-0.0,8911.0,1.0,1.0,-1085,0.0,1000.0,1.0,0-29
pos-183,0,60,10,T1_P0.9,1.0,0.9,3,2,0.7175260409197782,8911.0,1.0,1.0,-1085,0.0,1000.0,1.0,0-29
pos-183,0,60,10,T1_P0.95,1.0,0.95,3,3,1.0868994069199354,8117.549133168533,0.9109582687878502,0.9109582687878502,-1085,0.08904173121214978,910.9582687878503,0.9109582687878502,0-29
pos-183,0,60,10,T1_P1,1.0,1.0,3,3,1.0868994069199354,8117.549133168533,0.9109582687878502,0.9109582687878502,-1085,0.08904173121214978,910.9582687878503,0.9109582687878502,0-29
pos-184,1,24,10,argmax,0.0,0.0,47,1,-0.0,0.0,0.0,0.0,-146,1.0,0.0,0.0,1-21
pos-184,1,24,10,T0.5_P0.5,0.5,0.5,47,1,-0.0,0.0,0.0,0.0,-146,1.0,0.0,0.0,1-21
pos-184,1,24,10,T0.5_P0.9,0.5,0.9,47,2,0.8191139072892899,13.515230522608572,0.0,0.0,-146,0.7449956505168194,13.515230522608572,0.0,1-21
pos-184,1,24,10,T0.5_P0.95,0.5,0.95,47,4,1.0476876127537695,14.343798900276479,0.0,0.0,-146,0.7182575455904424,14.343798900276479,0.0,1-21
pos-184,1,24,10,T0.5_P1,0.5,1.0,47,47,1.3456740839517758,16.634401653973196,0.0039350469490280265,0.0025233913976993104,-146,0.6920145046873749,16.634401653973196,0.0,1-21
pos-184,1,24,10,T0.9_P0.5,0.9,0.5,47,2,0.9387544199133866,18.83348246838042,0.0,0.0,-146,0.6446512741815015,18.83348246838042,0.0,1-21
pos-184,1,24,10,T0.9_P0.9,0.9,0.9,47,9,2.2821905808422813,32.16372419825217,0.02054745605140718,0.02054745605140718,-146,0.4657204111381709,32.16372419825217,0.0,1-21
pos-184,1,24,10,T0.9_P0.95,0.9,0.95,47,12,2.538479430032006,33.264163787842044,0.019487218375181727,0.019487218375181727,-146,0.4416894885149257,33.264163787842044,0.0,1-21
pos-184,1,24,10,T0.9_P1,0.9,1.0,47,47,2.797751650587916,36.550305803617974,0.042090210803049616,0.019957563255093957,-146,0.42495154400078156,36.550305803617974,0.0,1-21
pos-184,1,24,10,T1_P0.5,1.0,0.5,47,2,0.9499841012070039,19.562681021519076,0.0,0.0,-146,0.6308928109147344,19.562681021519076,0.0,1-21
pos-184,1,24,10,T1_P0.9,1.0,0.9,47,10,2.540756114118659,36.03574923998869,0.02508531583881419,0.02508531583881419,-146,0.416150158318974,36.03574923998869,0.0,1-21
pos-184,1,24,10,T1_P0.95,1.0,0.95,47,13,2.7848869045285634,37.36772411997549,0.0362081311634586,0.023771230021911723,-146,0.39435027251077803,37.36772411997549,0.0,1-21
pos-184,1,24,10,T1_P1,1.0,1.0,47,47,3.062208230339367,41.167371426193355,0.0547331773787284,0.024985456626151484,-146,0.3777479042910693,41.167371426193355,0.0,1-21
pos-185,1,40,10,argmax,0.0,0.0,44,1,-0.0,2.0,0.0,0.0,245,0.0,2.0,0.0,1-22
pos-185,1,40,10,T0.5_P0.5,0.5,0.5,44,1,-0.0,2.0,0.0,0.0,245,0.0,2.0,0.0,1-22
pos-185,1,40,10,T0.5_P0.9,0.5,0.9,44,2,0.9718871641527751,1.1967710740193247,0.0,0.0,245,0.40161446299033765,1.1967710740193247,0.0,1-22
pos-185,1,40,10,T0.5_P0.95,0.5,0.95,44,3,1.3129478500906282,1.3530853311850248,0.0,0.0,245,0.36680021087579,1.3530853311850248,0.0,1-22
pos-185,1,40,10,T0.5_P1,0.5,1.0,44,44,1.3636459850468934,1.8761782468644674,0.004332428886697638,2.7885251429461563e-07,245,0.36469732211926376,1.8761782468644674,0.0,1-22
pos-185,1,40,10,T0.9_P0.5,0.9,0.5,44,2,0.9912043627222544,1.110311117048212,0.0,0.0,245,0.44484444147589386,1.110311117048212,0.0,1-22
pos-185,1,40,10,T0.9_P0.9,0.9,0.9,44,3,1.4756568066959377,1.4247354783329746,0.0,0.0,245,0.3708270036616591,1.4247354783329746,0.0,1-22
pos-185,1,40,10,T0.9_P0.95,0.9,0.95,44,4,1.6279849388392313,4.474328381154807,0.030626008552136545,0.0,245,0.359470052676154,4.474328381154807,0.0,1-22
pos-185,1,40,10,T0.9_P1,0.9,1.0,44,44,1.9099230057548855,6.458739424999733,0.029794391202728986,0.00024302653650075973,245,0.3465892274320428,6.458739424999733,0.0,1-22
pos-185,1,40,10,T1_P0.5,1.0,0.5,44,2,0.9928672612964646,1.0993567763037133,0.0,0.0,245,0.4503216118481433,1.0993567763037133,0.0,1-22
pos-185,1,40,10,T1_P0.9,1.0,0.9,44,3,1.4937499952110698,1.4407130627861449,0.0,0.0,245,0.3694436694617142,1.4407130627861449,0.0,1-22
pos-185,1,40,10,T1_P0.95,1.0,0.95,44,5,1.7673350162572352,6.534193657559878,0.03805583823345184,0.0,245,0.34916956076513467,6.534193657559878,0.0,1-22
pos-185,1,40,10,T1_P1,1.0,1.0,44,44,2.0808328992583434,8.320284849024526,0.03721052446185698,0.00057779888506733,245,0.33558226618133585,8.320284849024526,0.0,1-22
pos-186,2,24,10,argmax,0.0,0.0,25,1,-0.0,0.0,0.0,0.0,1,1.0,0.0,0.0,2-21
pos-186,2,24,10,T0.5_P0.5,0.5,0.5,25,1,-0.0,0.0,0.0,0.0,1,1.0,0.0,0.0,2-21
pos-186,2,24,10,T0.5_P0.9,0.5,0.9,25,1,-0.0,0.0,0.0,0.0,1,1.0,0.0,0.0,2-21
pos-186,2,24,10,T0.5_P0.95,0.5,0.95,25,1,-0.0,0.0,0.0,0.0,1,1.0,0.0,0.0,2-21
pos-186,2,24,10,T0.5_P1,0.5,1.0,25,25,4.057716721898791e-05,0.0009310406412658184,1.8271831825803006e-06,1.8271831825803006e-06,1,0.9999981728168174,0.0009310406412658184,0.0,2-21
pos-186,2,24,10,T0.9_P0.5,0.9,0.5,25,1,-0.0,0.0,0.0,0.0,1,1.0,0.0,0.0,2-21
pos-186,2,24,10,T0.9_P0.9,0.9,0.9,25,1,-0.0,0.0,0.0,0.0,1,1.0,0.0,0.0,2-21
pos-186,2,24,10,T0.9_P0.95,0.9,0.95,25,1,-0.0,0.0,0.0,0.0,1,1.0,0.0,0.0,2-21
pos-186,2,24,10,T0.9_P1,0.9,1.0,25,25,0.018488932065570396,0.712211842279292,0.0013319298513171395,0.0013319298513171395,1,0.9986680701486828,0.712211842279292,0.0,2-21
pos-186,2,24,10,T1_P0.5,1.0,0.5,25,1,-0.0,0.0,0.0,0.0,1,1.0,0.0,0.0,2-21
pos-186,2,24,10,T1_P0.9,1.0,0.9,25,1,-0.0,0.0,0.0,0.0,1,1.0,0.0,0.0,2-21
pos-186,2,24,10,T1_P0.95,1.0,0.95,25,1,-0.0,0.0,0.0,0.0,1,1.0,0.0,0.0,2-21
pos-186,2,24,10,T1_P1,1.0,1.0,25,25,0.04073058119510668,1.7166434809721824,0.0031721976458519586,0.0031721976458519586,1,0.996827802354148,1.7166434809721824,0.0,2-21
pos-187,2,40,10,argmax,0.0,0.0,50,1,-0.0,0.0,0.0,0.0,523,1.0,0.0,0.0,2-24
pos-187,2,40,10,T0.5_P0.5,0.5,0.5,50,1,-0.0,0.0,0.0,0.0,523,1.0,0.0,0.0,2-24
pos-187,2,40,10,T0.5_P0.9,0.5,0.9,50,2,0.3908750432100989,8.680695108112472,0.07682031069126082,0.0,523,0.9231796893087392,8.680695108112472,0.0,2-24
pos-187,2,40,10,T0.5_P0.95,0.5,0.95,50,3,0.6756443034066387,15.539496935547518,0.12734649694440203,0.0,523,0.8726535030555979,15.539496935547518,0.0,2-24
pos-187,2,40,10,T0.5_P1,0.5,1.0,50,50,0.6877151880130551,15.692240509819722,0.12807934592646572,2.69896066758386e-07,523,0.871799131219134,15.692240509819722,0.0,2-24
pos-187,2,40,10,T0.9_P0.5,0.9,0.5,50,1,-0.0,0.0,0.0,0.0,523,1.0,0.0,0.0,2-24
pos-187,2,40,10,T0.9_P0.9,0.9,0.9,50,3,1.218488755143201,38.994093939853904,0.3178599282785475,0.0,523,0.6821400717214524,38.994093939853904,0.0,2-24
pos-187,2,40,10,T0.9_P0.95,0.9,0.95,50,3,1.218488755143201,38.994093939853904,0.3178599282785475,0.0,523,0.6821400717214524,38.994093939853904,0.0,2-24
pos-187,2,40,10,T0.9_P1,0.9,1.0,50,50,1.426456050762608,42.51314055258849,0.33170983618684263,0.00044651054881430764,523,0.6635065383605359,42.51314055258849,0.0,2-24
pos-187,2,40,10,T1_P0.5,1.0,0.5,50,1,-0.0,0.0,0.0,0.0,523,1.0,0.0,0.0,2-24
pos-187,2,40,10,T1_P0.9,1.0,0.9,50,3,1.2831599688083826,42.98841750029541,0.3501855013456669,0.0,523,0.6498144986543333,42.98841750029541,0.0,2-24
pos-187,2,40,10,T1_P0.95,1.0,0.95,50,3,1.2831599688083826,42.98841750029541,0.3501855013456669,0.0,523,0.6498144986543333,42.98841750029541,0.0,2-24
pos-187,2,40,10,T1_P1,1.0,1.0,50,50,1.5773136742983382,48.27671280289749,0.36971890099325727,0.001145451625265221,523,0.6229265238851658,48.27671280289749,0.0,2-24
pos-188,0,40,10,argmax,0.0,0.0,25,1,-0.0,58.0,0.0,0.0,-408,0.0,58.0,0.0,0-22
pos-188,0,40,10,T0.5_P0.5,0.5,0.5,25,1,-0.0,58.0,0.0,0.0,-408,0.0,58.0,0.0,0-22
pos-188,0,40,10,T0.5_P0.9,0.5,0.9,25,4,1.5815038575514608,42.96542760101077,0.0,0.0,-408,0.0,42.96542760101077,0.0,0-22
pos-188,0,40,10,T0.5_P0.95,0.5,0.95,25,6,1.9479421805245343,41.11622660444698,0.0,0.0,-408,0.0,41.11622660444698,0.0,0-22
pos-188,0,40,10,T0.5_P1,0.5,1.0,25,25,2.0321659333420143,41.05430181416546,0.003381697424425992,4.150656442775878e-05,-408,0.00706613876120628,41.05430181416546,0.0,0-22
pos-188,0,40,10,T0.9_P0.5,0.9,0.5,25,2,0.9288185917455801,45.2631131196806,0.0,0.0,-408,0.0,45.2631131196806,0.0,0-22
pos-188,0,40,10,T0.9_P0.9,0.9,0.9,25,6,2.3814448424574186,33.99586320995935,0.0,0.0,-408,0.0,33.99586320995935,0.0,0-22
pos-188,0,40,10,T0.9_P0.95,0.9,0.95,25,7,2.5080176028371977,32.92858907070928,0.0,0.0,-408,0.03139423560621326,32.92858907070928,0.0,0-22
pos-188,0,40,10,T0.9_P1,0.9,1.0,25,25,2.7285108770142363,35.441273971498845,0.02304748353666464,0.0027482415520874285,-408,0.030183102302484305,35.441273971498845,0.0,0-22
pos-188,0,40,10,T1_P0.5,1.0,0.5,25,3,1.5091756169636767,40.03081087216709,0.0,0.0,-408,0.0,40.03081087216709,0.0,0-22
pos-188,0,40,10,T1_P0.9,1.0,0.9,25,6,2.420815249132762,33.12050283641898,0.0,0.0,-408,0.0,33.12050283641898,0.0,0-22
pos-188,0,40,10,T1_P0.95,1.0,0.95,25,8,2.6646412158019213,33.68667318573452,0.024948676592886562,0.0,-408,0.036297133181298145,33.68667318573452,0.0,0-22
pos-188,0,40,10,T1_P1,1.0,1.0,25,25,2.84017970209173,35.461227449338196,0.02968464540415548,0.004644238318440351,-408,0.03531366086580023,35.461227449338196,0.0,0-22
pos-189,1,24,10,argmax,0.0,0.0,37,1,-0.0,12.0,0.0,0.0,406,0.0,12.0,0.0,1-22
pos-189,1,24,10,T0.5_P0.5,0.5,0.5,37,1,-0.0,12.0,0.0,0.0,406,0.0,12.0,0.0,1-22
pos-189,1,24,10,T0.5_P0.9,0.5,0.9,37,1,-0.0,12.0,0.0,0.0,406,0.0,12.0,0.0,1-22
pos-189,1,24,10,T0.5_P0.95,0.5,0.95,37,1,-0.0,12.0,0.0,0.0,406,0.0,12.0,0.0,1-22
pos-189,1,24,10,T0.5_P1,0.5,1.0,37,37,0.04085355569307206,12.038162867203306,7.969595773807646e-05,1.2214236417901308e-05,406,0.00022956822522678517,12.038162867203306,0.0,1-22
pos-189,1,24,10,T0.9_P0.5,0.9,0.5,37,1,-0.0,12.0,0.0,0.0,406,0.0,12.0,0.0,1-22
pos-189,1,24,10,T0.9_P0.9,0.9,0.9,37,1,-0.0,12.0,0.0,0.0,406,0.0,12.0,0.0,1-22
pos-189,1,24,10,T0.9_P0.95,0.9,0.95,37,2,0.24047144673902107,12.237621206002476,0.0,0.0,406,0.0,12.237621206002476,0.0,1-22
pos-189,1,24,10,T0.9_P1,0.9,1.0,37,37,0.63831498394701,14.298457791135476,0.006443060630929531,0.001782580853531016,406,0.011319633272371767,14.298457791135476,0.0,1-22
pos-189,1,24,10,T1_P0.5,1.0,0.5,37,1,-0.0,12.0,0.0,0.0,406,0.0,12.0,0.0,1-22
pos-189,1,24,10,T1_P0.9,1.0,0.9,37,2,0.30181887173692723,12.322066360381411,0.0,0.0,406,0.0,12.322066360381411,0.0,1-22
pos-189,1,24,10,T1_P0.95,1.0,0.95,37,4,0.49044819382720617,12.382504879611275,0.0,0.0,406,0.012535893897440486,12.382504879611275,0.0,1-22
pos-189,1,24,10,T1_P1,1.0,1.0,37,37,0.9193305235732029,16.010026533912374,0.010995063339461505,0.0032552703044976643,406,0.01788357054040183,16.010026533912374,0.0,1-22
pos-190,1,40,10,argmax,0.0,0.0,44,1,-0.0,26.0,0.0,0.0,-482,0.0,26.0,0.0,1-23
pos-190,1,40,10,T0.5_P0.5,0.5,0.5,44,2,0.9999452429031148,31.947724711444934,0.0,0.0,-482,0.0,31.947724711444934,0.0,1-23
pos-190,1,40,10,T0.5_P0.9,0.5,0.9,44,3,1.5205234588329068,46.06208189918702,0.1986475046776664,0.0,-482,0.0,46.06208189918702,0.0,1-23
pos-190,1,40,10,T0.5_P0.95,0.5,0.95,44,3,1.5205234588329068,46.06208189918702,0.1986475046776664,0.0,-482,0.0,46.06208189918702,0.0,1-23
pos-190,1,40,10,T0.5_P1,0.5,1.0,44,44,1.7363870359971458,51.04954825534509,0.21651364980532856,0.009990943132597407,-482,0.005138859968811872,51.04954825534509,0.0,1-23
pos-190,1,40,10,T0.9_P0.5,0.9,0.5,44,2,0.999983099217971,31.970957664968736,0.0,0.0,-482,0.0,31.970957664968736,0.0,1-23
pos-190,1,40,10,T0.9_P0.9,0.9,0.9,44,6,2.046230931839593,68.36320623814571,0.3305301049077649,0.033247145626926156,-482,0.0,68.36320623814571,0.0,1-23
pos-190,1,40,10,T0.9_P0.95,0.9,0.95,44,7,2.1773187197736066,66.35622054624784,0.320826505152942,0.032271086292651505,-482,0.02935768818253557,66.35622054624784,0.0,1-23
pos-190,1,40,10,T0.9_P1,0.9,1.0,44,44,2.4825279009816166,82.2098585006952,0.3528652575994625,0.07779348932379826,-482,0.02796587145615012,82.2098585006952,0.0,1-23
pos-190,1,40,10,T1_P0.5,1.0,0.5,44,2,0.999986310336086,31.973861859686338,0.0,0.0,-482,0.0,31.973861859686338,0.0,1-23
pos-190,1,40,10,T1_P0.9,1.0,0.9,44,6,2.115008059663153,72.74349701755176,0.35345320953628995,0.040449988316843155,-482,0.0,72.74349701755176,0.0,1-23
pos-190,1,40,10,T1_P0.95,1.0,0.95,44,8,2.3759846096138664,82.91586277865613,0.3576783271522971,0.06361620284613756,-482,0.034900056142386955,82.91586277865613,0.0,1-23
pos-190,1,40,10,T1_P1,1.0,1.0,44,44,2.6640259370931134,91.23610945750815,0.38392011170979384,0.10159256878089046,-482,0.03345678508448832,91.23610945750815,0.0,1-23
pos-191,2,24,10,argmax,0.0,0.0,37,1,-0.0,3.0,0.0,0.0,27,0.0,3.0,0.0,2-22
pos-191,2,24,10,T0.5_P0.5,0.5,0.5,37,2,0.9998689875605138,3.493261745250381,0.0,0.0,27,0.0,3.493261745250381,0.0,2-22
pos-191,2,24,10,T0.5_P0.9,0.5,0.9,37,5,2.108982821526708,8.57394280165829,0.0,0.0,27,0.0,8.57394280165829,0.0,2-22
pos-191,2,24,10,T0.5_P0.95,0.5,0.95,37,7,2.390029329403851,9.892144448410466,0.0,0.0,27,0.03402555724556493,9.892144448410466,0.0,2-22
pos-191,2,24,10,T0.5_P1,0.5,1.0,37,37,2.5826396633212245,11.135757788430075,7.385031497724228e-05,1.0123700924556925e-07,27,0.032928114708318745,11.135757788430075,0.0,2-22
pos-191,2,24,10,T0.9_P0.5,0.9,0.5,37,3,1.577887407965369,7.950897974456616,0.0,0.0,27,0.0,7.950897974456616,0.0,2-22
pos-191,2,24,10,T0.9_P0.9,0.9,0.9,37,8,2.8006627885318993,14.014880352985159,0.0,0.0,27,0.06639287555158332,14.014880352985159,0.0,2-22
pos-191,2,24,10,T0.9_P0.95,0.9,0.95,37,11,3.054493817744802,15.89691909661347,0.0,0.0,27,0.062410231140932575,15.89691909661347,0.0,2-22
pos-191,2,24,10,T0.9_P1,0.9,1.0,37,37,3.2872115285705,16.848961246459552,0.002479223574230825,0.000107292122502622,27,0.060348029141389696,16.848961246459552,0.0,2-22
pos-191,2,24,10,T1_P0.5,1.0,0.5,37,3,1.5791993875287456,8.019820003462197,0.0,0.0,27,0.0,8.019820003462197,0.0,2-22
pos-191,2,24,10,T1_P0.9,1.0,0.9,37,9,2.9420410179492524,15.687543604394465,0.0,0.0,27,0.06955922855806825,15.687543604394465,0.0,2-22
pos-191,2,24,10,T1_P0.95,1.0,0.95,37,11,3.116977128089875,16.752391853453904,0.0,0.0,27,0.06649722953807848,16.752391853453904,0.0,2-22
pos-191,2,24,10,T1_P1,1.0,1.0,37,37,3.4286583262671044,18.171450749853516,0.00385827585878345,0.00025315443708314145,27,0.06331192500700702,18.171450749853516,0.0,2-22
pos-192,2,40,10,argmax,0.0,0.0,33,1,-0.0,0.0,0.0,0.0,-209,1.0,0.0,0.0,2-25
pos-192,2,40,10,T0.5_P0.5,0.5,0.5,33,1,-0.0,0.0,0.0,0.0,-209,1.0,0.0,0.0,2-25
pos-192,2,40,10,T0.5_P0.9,0.5,0.9,33,1,-0.0,0.0,0.0,0.0,-209,1.0,0.0,0.0,2-25
pos-192,2,40,10,T0.5_P0.95,0.5,0.95,33,1,-0.0,0.0,0.0,0.0,-209,1.0,0.0,0.0,2-25
pos-192,2,40,10,T0.5_P1,0.5,1.0,33,33,0.23183538460416644,87.14270291253325,0.03184846244017225,0.031702503186092884,-209,0.9681515375598276,15.983800501332905,0.008095438689726253,2-25
pos-192,2,40,10,T0.9_P0.5,0.9,0.5,33,1,-0.0,0.0,0.0,0.0,-209,1.0,0.0,0.0,2-25
pos-192,2,40,10,T0.9_P0.9,0.9,0.9,33,2,0.5080354225073482,37.532319772003554,0.11270966898499567,0.11270966898499567,-209,0.8872903310150043,37.532319772003554,0.0,2-25
pos-192,2,40,10,T0.9_P0.95,0.9,0.95,33,3,0.7990007197427722,605.8911738987825,0.16441958819199465,0.16441958819199465,-209,0.8355804118080055,93.62345955373054,0.05827846579579659,2-25
pos-192,2,40,10,T0.9_P1,0.9,1.0,33,33,0.971437871622886,682.8184007759714,0.17946276473816,0.1711561060900606,-209,0.8205372352618402,102.61524627950388,0.06600733287291342,2-25
pos-192,2,40,10,T1_P0.5,1.0,0.5,33,1,-0.0,0.0,0.0,0.0,-209,1.0,0.0,0.0,2-25
pos-192,2,40,10,T1_P0.9,1.0,0.9,33,3,0.9064160430223092,756.2305215460507,0.19818052726899787,0.19818052726899787,-209,0.8018194727310022,114.67632799243749,0.0729868252051892,2-25
pos-192,2,40,10,T1_P0.95,1.0,0.95,33,3,0.9064160430223092,756.2305215460507,0.19818052726899787,0.19818052726899787,-209,0.8018194727310022,114.67632799243749,0.0729868252051892,2-25
pos-192,2,40,10,T1_P1,1.0,1.0,33,33,1.1832951580099615,894.6819861341578,0.2232568357144169,0.2099348070732837,-209,0.7767431642855832,130.47319696435477,0.08694100217158829,2-25
pos-193,0,40,10,argmax,0.0,0.0,3,1,-0.0,13.0,0.0,0.0,-278,0.0,13.0,0.0,0-23
pos-193,0,40,10,T0.5_P0.5,0.5,0.5,3,1,-0.0,13.0,0.0,0.0,-278,0.0,13.0,0.0,0-23
pos-193,0,40,10,T0.5_P0.9,0.5,0.9,3,1,-0.0,13.0,0.0,0.0,-278,0.0,13.0,0.0,0-23
pos-193,0,40,10,T0.5_P0.95,0.5,0.95,3,1,-0.0,13.0,0.0,0.0,-278,0.0,13.0,0.0,0-23
pos-193,0,40,10,T0.5_P1,0.5,1.0,3,3,0.12067441986888161,12.826458446685052,0.0002213327285229595,0.0,-278,0.015886163835759068,12.826458446685052,0.0,0-23
pos-193,0,40,10,T0.9_P0.5,0.9,0.5,3,1,-0.0,13.0,0.0,0.0,-278,0.0,13.0,0.0,0-23
pos-193,0,40,10,T0.9_P0.9,0.9,0.9,3,1,-0.0,13.0,0.0,0.0,-278,0.0,13.0,0.0,0-23
pos-193,0,40,10,T0.9_P0.95,0.9,0.95,3,2,0.44233722258524133,11.8070418570017,0.0,0.0,-278,0.0917660109998692,11.8070418570017,0.0,0-23
pos-193,0,40,10,T0.9_P1,0.9,1.0,3,3,0.5090619342004611,13.079199358545036,0.008470154108903819,0.0,-278,0.09098873874474095,13.079199358545036,0.0,0-23
pos-193,0,40,10,T1_P0.5,1.0,0.5,3,1,-0.0,13.0,0.0,0.0,-278,0.0,13.0,0.0,0-23
pos-193,0,40,10,T1_P0.9,1.0,0.9,3,2,0.5081315768086117,11.53435435362655,0.0,0.0,-278,0.11274197279795756,11.53435435362655,0.0,0-23
pos-193,0,40,10,T1_P0.95,1.0,0.95,3,2,0.5081315768086117,11.53435435362655,0.0,0.0,-278,0.11274197279795756,11.53435435362655,0.0,0-23
pos-193,0,40,10,T1_P1,1.0,1.0,3,3,0.6023690582314083,13.510390997945438,0.013132809392005625,0.0,-278,0.11126135395872332,13.510390997945438,0.0,0-23
pos-194,1,24,10,argmax,0.0,0.0,39,1,-0.0,58.0,0.0,0.0,-347,0.0,58.0,0.0,1-23
pos-194,1,24,10,T0.5_P0.5,0.5,0.5,39,1,-0.0,58.0,0.0,0.0,-347,0.0,58.0,0.0,1-23
pos-194,1,24,10,T0.5_P0.9,0.5,0.9,39,1,-0.0,58.0,0.0,0.0,-347,0.0,58.0,0.0,1-23
pos-194,1,24,10,T0.5_P0.95,0.5,0.95,39,2,0.36008459057932124,54.03033053323621,0.0,0.0,-347,0.06844257701316893,54.03033053323621,0.0,1-23
pos-194,1,24,10,T0.5_P1,0.5,1.0,39,39,0.5293160893256447,62.78643529273849,0.022708968526549723,0.022708968526549723,-347,0.06688831668590092,62.78643529273849,0.0,1-23
pos-194,1,24,10,T0.9_P0.5,0.9,0.5,39,1,-0.0,58.0,0.0,0.0,-347,0.0,58.0,0.0,1-23
pos-194,1,24,10,T0.9_P0.9,0.9,0.9,39,3,1.0610474368480167,79.84970641445926,0.08492035324569847,0.08492035324569847,-347,0.17379907596419594,79.84970641445926,0.0,1-23
pos-194,1,24,10,T0.9_P0.95,0.9,0.95,39,4,1.2127131189567184,91.28913076785221,0.10989465138307783,0.10989465138307783,-347,0.16905576213951823,91.28913076785221,0.0,1-23
pos-194,1,24,10,T0.9_P1,0.9,1.0,39,39,1.4599396978210837,101.96875157697545,0.1397874749521221,0.1397874749521221,-347,0.163378283536767,101.96875157697545,0.0,1-23
pos-194,1,24,10,T1_P0.5,1.0,0.5,39,1,-0.0,58.0,0.0,0.0,-347,0.0,58.0,0.0,1-23
pos-194,1,24,10,T1_P0.9,1.0,0.9,39,3,1.143493529178643,84.72687410360064,0.10066598212638632,0.10066598212638632,-347,0.19178508924001075,84.72687410360064,0.0,1-23
pos-194,1,24,10,T1_P0.95,1.0,0.95,39,5,1.4730690751397144,108.44841840068581,0.1572963463149164,0.1572963463149164,-347,0.17970853121625113,108.44841840068581,0.0,1-23
pos-194,1,24,10,T1_P1,1.0,1.0,39,39,1.6759377944355303,115.04911099987388,0.17630319273619816,0.17630319273619816,-347,0.1756552766249309,115.04911099987388,0.0,1-23
pos-195,1,40,10,argmax,0.0,0.0,41,1,-0.0,29.0,0.0,0.0,149,0.0,29.0,0.0,1-24
pos-195,1,40,10,T0.5_P0.5,0.5,0.5,41,1,-0.0,29.0,0.0,0.0,149,0.0,29.0,0.0,1-24
pos-195,1,40,10,T0.5_P0.9,0.5,0.9,41,1,-0.0,29.0,0.0,0.0,149,0.0,29.0,0.0,1-24
pos-195,1,40,10,T0.5_P0.95,0.5,0.95,41,2,0.18689056259034087,28.5152401014827,0.0,0.0,149,0.0,28.5152401014827,0.0,1-24
pos-195,1,40,10,T0.5_P1,0.5,1.0,41,41,0.4240141070803992,31.34221729935473,0.005984269863836415,0.004416801171506056,149,0.010244410811758963,31.34221729935473,0.0,1-24
pos-195,1,40,10,T0.9_P0.5,0.9,0.5,41,1,-0.0,29.0,0.0,0.0,149,0.0,29.0,0.0,1-24
pos-195,1,40,10,T0.9_P0.9,0.9,0.9,41,6,1.3951503971597672,49.98912398897437,0.03665971345256727,0.03665971345256727,149,0.05950032617636833,49.98912398897437,0.0,1-24
pos-195,1,40,10,T0.9_P0.95,0.9,0.95,41,9,1.657517807494282,51.79591822938886,0.0474733998450406,0.03509138972943401,149,0.05695486784382289,51.79591822938886,0.0,1-24
pos-195,1,40,10,T0.9_P1,0.9,1.0,41,41,1.9680241264285903,57.840250053467855,0.07644413096357473,0.04208644457485957,149,0.05454918347561937,57.840250053467855,0.0,1-24
pos-195,1,40,10,T1_P0.5,1.0,0.5,41,1,-0.0,29.0,0.0,0.0,149,0.0,29.0,0.0,1-24
pos-195,1,40,10,T1_P0.9,1.0,0.9,41,7,1.705928410460527,56.40154086707136,0.04492473274943168,0.04492473274943168,149,0.06946767354055959,56.40154086707136,0.0,1-24
pos-195,1,40,10,T1_P0.95,1.0,0.95,41,10,1.9832889762931047,58.51778658733943,0.07430679033485796,0.04270892913028695,149,0.06604134881864604,58.51778658733943,0.0,1-24
pos-195,1,40,10,T1_P1,1.0,1.0,41,41,2.3142278752966843,67.34051369159006,0.10219473332139448,0.05474233694822382,149,0.06288529479853364,67.34051369159006,0.0,1-24
pos-196,2,24,10,argmax,0.0,0.0,36,1,-0.0,0.0,0.0,0.0,40,1.0,0.0,0.0,2-23
pos-196,2,24,10,T0.5_P0.5,0.5,0.5,36,1,-0.0,0.0,0.0,0.0,40,1.0,0.0,0.0,2-23
pos-196,2,24,10,T0.5_P0.9,0.5,0.9,36,2,0.5920761003816056,19.449798535975074,0.1430132245292285,0.0,40,0.8569867754707715,19.449798535975074,0.0,2-23
pos-196,2,24,10,T0.5_P0.95,0.5,0.95,36,2,0.5920761003816056,19.449798535975074,0.1430132245292285,0.0,40,0.8569867754707715,19.449798535975074,0.0,2-23
pos-196,2,24,10,T0.5_P1,0.5,1.0,36,36,0.8308851944934151,26.07689102158662,0.16819323914461054,0.023533782288730022,40,0.8318067608553894,26.07689102158662,0.0,2-23
pos-196,2,24,10,T0.9_P0.5,0.9,0.5,36,1,-0.0,0.0,0.0,0.0,40,1.0,0.0,0.0,2-23
pos-196,2,24,10,T0.9_P0.9,0.9,0.9,36,5,1.5379026010223236,65.95217961919472,0.37479074584372585,0.10570271269179113,40,0.6252092541562742,65.95217961919472,0.0,2-23
pos-196,2,24,10,T0.9_P0.95,0.9,0.95,36,7,1.7452908571953227,72.07716598469499,0.39780490412885905,0.1386220899838808,40,0.6021950958711411,72.07716598469499,0.0,2-23
pos-196,2,24,10,T0.9_P1,0.9,1.0,36,36,2.0398213395543947,77.29841892469412,0.420660083771066,0.15641129191886885,40,0.5793399162289341,77.29841892469412,0.0,2-23
pos-196,2,24,10,T1_P0.5,1.0,0.5,36,1,-0.0,0.0,0.0,0.0,40,1.0,0.0,0.0,2-23
pos-196,2,24,10,T1_P0.9,1.0,0.9,36,6,1.7904587448594447,78.42443567817365,0.42930969330411367,0.1504251799009944,40,0.5706903066958863,78.42443567817365,0.0,2-23
pos-196,2,24,10,T1_P0.95,1.0,0.95,36,8,1.9696642644719047,83.2651794243217,0.44795330526011706,0.17817953824154642,40,0.5520466947398831,83.2651794243217,0.0,2-23
pos-196,2,24,10,T1_P1,1.0,1.0,36,36,2.312126888008346,89.30011109508024,0.4738823754278496,0.1950726676395391,40,0.5261176245721503,89.30011109508024,0.0,2-23
pos-197,2,40,10,argmax,0.0,0.0,38,1,-0.0,28.0,0.0,0.0,590,0.0,28.0,0.0,2-26
pos-197,2,40,10,T0.5_P0.5,0.5,0.5,38,1,-0.0,28.0,0.0,0.0,590,0.0,28.0,0.0,2-26
pos-197,2,40,10,T0.5_P0.9,0.5,0.9,38,1,-0.0,28.0,0.0,0.0,590,0.0,28.0,0.0,2-26
pos-197,2,40,10,T0.5_P0.95,0.5,0.95,38,1,-0.0,28.0,0.0,0.0,590,0.0,28.0,0.0,2-26
pos-197,2,40,10,T0.5_P1,0.5,1.0,38,38,0.08311362271582394,27.867516779079995,5.790347597287996e-05,8.199739156903833e-07,590,0.007177752596307447,27.867428630889737,0.0,2-26
pos-197,2,40,10,T0.9_P0.5,0.9,0.5,38,1,-0.0,28.0,0.0,0.0,590,0.0,28.0,0.0,2-26
pos-197,2,40,10,T0.9_P0.9,0.9,0.9,38,2,0.3305525474356878,26.298024813192278,0.0,0.0,590,0.06078482810027577,26.298024813192278,0.0,2-26
pos-197,2,40,10,T0.9_P0.95,0.9,0.95,38,3,0.4460835514540479,27.2138588675465,0.0,0.0,590,0.0597854234045607,27.2138588675465,0.0,2-26
pos-197,2,40,10,T0.9_P1,0.9,1.0,38,38,0.8141460476481771,29.378472940975797,0.007325791069066898,0.0006280747215144672,590,0.05723130290862031,29.31294947225134,0.0,2-26
pos-197,2,40,10,T1_P0.5,1.0,0.5,38,1,-0.0,28.0,0.0,0.0,590,0.0,28.0,0.0,2-26
pos-197,2,40,10,T1_P0.9,1.0,0.9,38,2,0.3966070382160981,25.804084895037345,0.0,0.0,590,0.07842553946295182,25.804084895037345,0.0,2-26
pos-197,2,40,10,T1_P0.95,1.0,0.95,38,5,0.7700023378499458,28.24544823728685,0.0,0.0,590,0.07408177326846095,28.24544823728685,0.0,2-26
pos-197,2,40,10,T1_P1,1.0,1.0,38,38,1.0981616399525203,31.118761361898258,0.013387138244122397,0.0014373787077556024,590,0.07130938933947695,30.97086138597248,0.0,2-26
pos-198,0,24,10,argmax,0.0,0.0,28,1,-0.0,39.0,0.0,0.0,-241,0.0,39.0,0.0,0-24
pos-198,0,24,10,T0.5_P0.5,0.5,0.5,28,1,-0.0,39.0,0.0,0.0,-241,0.0,39.0,0.0,0-24
pos-198,0,24,10,T0.5_P0.9,0.5,0.9,28,2,0.689106570286077,55.57494778017448,0.18416608644638308,0.0,-241,0.0,55.57494778017448,0.0,0-24
pos-198,0,24,10,T0.5_P0.95,0.5,0.95,28,2,0.689106570286077,55.57494778017448,0.18416608644638308,0.0,-241,0.0,55.57494778017448,0.0,0-24
pos-198,0,24,10,T0.5_P1,0.5,1.0,28,28,0.7830427718133663,56.76550828223235,0.19018207985372776,0.0005480369826133055,-241,0.0004739168284915809,56.76550828223235,0.0,0-24
pos-198,0,24,10,T0.9_P0.5,0.9,0.5,28,1,-0.0,39.0,0.0,0.0,-241,0.0,39.0,0.0,0-24
pos-198,0,24,10,T0.9_P0.9,0.9,0.9,28,3,1.1013024122312722,71.8969386743909,0.33365150099541846,0.0,-241,0.0,71.8969386743909,0.0,0-24
pos-198,0,24,10,T0.9_P0.95,0.9,0.95,28,5,1.319246798032011,72.82820214807475,0.3372928051754259,0.0,-241,0.0,72.82820214807475,0.0,0-24
pos-198,0,24,10,T0.9_P1,0.9,1.0,28,28,1.6795593891738945,79.78236057369182,0.35901197610771907,0.015326893104181834,-241,0.009804980239593673,79.78236057369182,0.0,0-24
pos-198,0,24,10,T1_P0.5,1.0,0.5,28,1,-0.0,39.0,0.0,0.0,-241,0.0,39.0,0.0,0-24
pos-198,0,24,10,T1_P0.9,1.0,0.9,28,4,1.309566129832745,74.78586896511541,0.34847817299197814,0.0,-241,0.0,74.78586896511541,0.0,0-24
pos-198,0,24,10,T1_P0.95,1.0,0.95,28,7,1.6033731496496317,82.29577453759471,0.36595724576898647,0.013698998080069929,-241,0.014373441462695005,82.29577453759471,0.0,0-24
pos-198,0,24,10,T1_P1,1.0,1.0,28,28,1.9252491280528843,86.05029741903421,0.3938371121696344,0.022938206579828896,-241,0.013741418424779392,86.05029741903421,0.0,0-24
pos-199,0,40,10,argmax,0.0,0.0,39,1,-0.0,0.0,0.0,0.0,-195,1.0,0.0,0.0,0-24
pos-199,0,40,10,T0.5_P0.5,0.5,0.5,39,2,0.9936969869225116,44.87629217147397,0.0,0.0,-195,0.5467041194800608,44.87629217147397,0.0,0-24
pos-199,0,40,10,T0.5_P0.9,0.5,0.9,39,6,2.234933853973403,96.32565613066609,0.35296798206747726,0.16020542091315143,-195,0.3537350696392068,96.32565613066609,0.0,0-24
pos-199,0,40,10,T0.5_P0.95,0.5,0.95,39,7,2.377975992122527,96.70932882494273,0.3762245419687025,0.1544470861403639,-195,0.3410206125362721,96.70932882494273,0.0,0-24
pos-199,0,40,10,T0.5_P1,0.5,1.0,39,39,2.52040131281557,99.1431138383252,0.3892518633688291,0.166693787827404,-195,0.3333238881462028,99.1431138383252,0.0,0-24
pos-199,0,40,10,T0.9_P0.5,0.9,0.5,39,3,1.5615589085353754,101.85272865892762,0.25303197891034473,0.25303197891034473,-195,0.39290452385130575,101.85272865892762,0.0,0-24
pos-199,0,40,10,T0.9_P0.9,0.9,0.9,39,8,2.8040527455227915,116.59381470942647,0.5448466749156282,0.19807792226966514,-195,0.2394102497329659,116.59381470942647,0.0,0-24
pos-199,0,40,10,T0.9_P0.95,0.9,0.95,39,10,2.920717666035581,116.56144569638735,0.5553461859388327,0.19350864591001588,-195,0.2338875161449526,116.56144569638735,0.0,0-24
pos-199,0,40,10,T0.9_P1,0.9,1.0,39,39,3.234677219717163,115.96780871980943,0.5618516364572429,0.18401847108277686,-195,0.22224815600592507,115.96780871980943,0.0,0-24
pos-199,0,40,10,T1_P0.5,1.0,0.5,39,3,1.5658232818077351,103.66065578768503,0.260485089988758,0.260485089988758,-195,0.3870644854591924,103.66065578768503,0.0,0-24
pos-199,0,40,10,T1_P0.9,1.0,0.9,39,8,2.839056094341781,118.85551253578974,0.5660600779225686,0.20219324032789615,-195,0.22712555269041107,118.85551253578974,0.0,0-24
pos-199,0,40,10,T1_P0.95,1.0,0.95,39,12,3.0875724548072245,118.59744786720292,0.5884028103953769,0.1917826990372281,-195,0.21543129456083748,118.59744786720292,0.0,0-24
pos-199,0,40,10,T1_P1,1.0,1.0,39,39,3.3798068656720006,117.81329549705208,0.5861423676558185,0.18314087586611097,-195,0.20538601845772197,117.81329549705208,0.0,0-24
pos-200,1,24,10,argmax,0.0,0.0,40,1,-0.0,47.0,0.0,0.0,71,0.0,47.0,0.0,1-24
pos-200,1,24,10,T0.5_P0.5,0.5,0.5,40,1,-0.0,47.0,0.0,0.0,71,0.0,47.0,0.0,1-24
pos-200,1,24,10,T0.5_P0.9,0.5,0.9,40,2,0.3866538782252465,66.81963223977425,0.07564745129684823,0.07564745129684823,71,0.0,66.81963223977425,0.0,1-24
pos-200,1,24,10,T0.5_P0.95,0.5,0.95,40,2,0.3866538782252465,66.81963223977425,0.07564745129684823,0.07564745129684823,71,0.0,66.81963223977425,0.0,1-24
pos-200,1,24,10,T0.5_P1,0.5,1.0,40,40,0.6336844374609713,63.82027749776698,0.07225181155236271,0.0722517746111243,71,0.04488773103739704,63.82027749776698,0.0,1-24
pos-200,1,24,10,T0.9_P0.5,0.9,0.5,40,1,-0.0,47.0,0.0,0.0,71,0.0,47.0,0.0,1-24
pos-200,1,24,10,T0.9_P0.9,0.9,0.9,40,3,1.1897415119670702,86.05464542106967,0.17286858452118303,0.17286858452118303,71,0.1327005047548999,86.05464542106967,0.0,1-24
pos-200,1,24,10,T0.9_P0.95,0.9,0.95,40,3,1.1897415119670702,86.05464542106967,0.17286858452118303,0.17286858452118303,71,0.1327005047548999,86.05464542106967,0.0,1-24
pos-200,1,24,10,T0.9_P1,0.9,1.0,40,40,1.2086969879081348,86.27402870559501,0.17308403162821837,0.1730015281489818,71,0.13249100013254372,86.27402870559501,0.0,1-24
pos-200,1,24,10,T1_P0.5,1.0,0.5,40,1,-0.0,47.0,0.0,0.0,71,0.0,47.0,0.0,1-24
pos-200,1,24,10,T1_P0.9,1.0,0.9,40,3,1.258309193756781,89.57426511994275,0.1892574610631465,0.1892574610631465,71,0.14917424848088573,89.57426511994275,0.0,1-24
pos-200,1,24,10,T1_P0.95,1.0,0.95,40,3,1.258309193756781,89.57426511994275,0.1892574610631465,0.1892574610631465,71,0.14917424848088573,89.57426511994275,0.0,1-24
pos-200,1,24,10,T1_P1,1.0,1.0,40,40,1.2952411133048032,90.13057038825062,0.18982838830408905,0.18961439871322644,71,0.14868125493775602,90.13057038825062,0.0,1-24
pos-201,1,40,10,argmax,0.0,0.0,26,1,-0.0,0.0,0.0,0.0,-405,1.0,0.0,0.0,1-25
pos-201,1,40,10,T0.5_P0.5,0.5,0.5,26,1,-0.0,0.0,0.0,0.0,-405,1.0,0.0,0.0,1-25
pos-201,1,40,10,T0.5_P0.9,0.5,0.9,26,1,-0.0,0.0,0.0,0.0,-405,1.0,0.0,0.0,1-25
pos-201,1,40,10,T0.5_P0.95,0.5,0.95,26,1,-0.0,0.0,0.0,0.0,-405,1.0,0.0,0.0,1-25
pos-201,1,40,10,T0.5_P1,0.5,1.0,26,26,0.015163321191175005,0.4218624688605237,0.0011272168094169019,0.0011272168094169019,-405,0.998872783190583,0.4218624688605237,0.0,1-25
pos-201,1,40,10,T0.9_P0.5,0.9,0.5,26,1,-0.0,0.0,0.0,0.0,-405,1.0,0.0,0.0,1-25
pos-201,1,40,10,T0.9_P0.9,0.9,0.9,26,1,-0.0,0.0,0.0,0.0,-405,1.0,0.0,0.0,1-25
pos-201,1,40,10,T0.9_P0.95,0.9,0.95,26,2,0.12198864039428456,6.6626897548365625,0.01661518642103881,0.01661518642103881,-405,0.9833848135789612,6.6626897548365625,0.0,1-25
pos-201,1,40,10,T0.9_P1,0.9,1.0,26,26,0.4775715243633833,19.6868755887073,0.0531039035610455,0.0531039035610455,-405,0.9468960964389544,19.6868755887073,0.0,1-25
pos-201,1,40,10,T1_P0.5,1.0,0.5,26,1,-0.0,0.0,0.0,0.0,-405,1.0,0.0,0.0,1-25
pos-201,1,40,10,T1_P0.9,1.0,0.9,26,1,-0.0,0.0,0.0,0.0,-405,1.0,0.0,0.0,1-25
pos-201,1,40,10,T1_P0.95,1.0,0.95,26,4,0.33745428566774194,16.282887519666463,0.04609829739703795,0.04609829739703795,-405,0.953901702602962,16.282887519666463,0.0,1-25
pos-201,1,40,10,T1_P1,1.0,1.0,26,26,0.7287521980379735,32.18213630359705,0.08666578009881538,0.08666578009881538,-405,0.9133342199011847,32.18213630359705,0.0,1-25
pos-202,2,24,10,argmax,0.0,0.0,36,1,-0.0,33.0,0.0,0.0,170,0.0,33.0,0.0,2-24
pos-202,2,24,10,T0.5_P0.5,0.5,0.5,36,1,-0.0,33.0,0.0,0.0,170,0.0,33.0,0.0,2-24
pos-202,2,24,10,T0.5_P0.9,0.5,0.9,36,5,1.543380302689233,41.443245851390834,0.0,0.0,170,0.0,41.443245851390834,0.0,2-24
pos-202,2,24,10,T0.5_P0.95,0.5,0.95,36,7,1.8140800404677169,41.89752877014264,0.0,0.0,170,0.0,41.89752877014264,0.0,2-24
pos-202,2,24,10,T0.5_P1,0.5,1.0,36,36,2.0885359344637506,42.77307716732628,0.010197807594655712,0.0001094936653791057,170,0.0033962170645217295,42.77307716732628,0.0,2-24
pos-202,2,24,10,T0.9_P0.5,0.9,0.5,36,3,1.445811121253781,41.60820909810219,0.0,0.0,170,0.0,41.60820909810219,0.0,2-24
pos-202,2,24,10,T0.9_P0.9,0.9,0.9,36,10,2.8447413664535937,50.47774557007347,0.025187136115343987,0.0,170,0.0,50.47774557007347,0.0,2-24
pos-202,2,24,10,T0.9_P0.95,0.9,0.95,36,13,3.0974663373960096,50.43221533898621,0.045643460609373944,0.0,170,0.018608970452929644,50.43221533898621,0.0,2-24
pos-202,2,24,10,T0.9_P1,0.9,1.0,36,36,3.326507601489493,52.035107158575954,0.05292221745975781,0.0033932906068835506,170,0.017915965280262208,52.035107158575954,0.0,2-24
pos-202,2,24,10,T1_P0.5,1.0,0.5,36,3,1.4720229801530027,41.99429981038127,0.0,0.0,170,0.0,41.99429981038127,0.0,2-24
pos-202,2,24,10,T1_P0.9,1.0,0.9,36,11,3.034968531308408,53.117107850878526,0.056088306151424266,0.0,170,0.0,53.117107850878526,0.0,2-24
pos-202,2,24,10,T1_P0.95,1.0,0.95,36,14,3.270483274742492,51.34033464016798,0.052785607066196186,0.0,170,0.021965883336234372,51.34033464016798,0.0,2-24
pos-202,2,24,10,T1_P1,1.0,1.0,36,36,3.5023406882252326,53.80426138359486,0.06403527555701194,0.005118481921721134,170,0.021137515150217546,53.80426138359486,0.0,2-24
pos-203,2,40,10,argmax,0.0,0.0,20,1,-0.0,78.0,0.0,0.0,-80,0.0,78.0,0.0,2-27
pos-203,2,40,10,T0.5_P0.5,0.5,0.5,20,1,-0.0,78.0,0.0,0.0,-80,0.0,78.0,0.0,2-27
pos-203,2,40,10,T0.5_P0.9,0.5,0.9,20,2,0.9795231177922515,45.55529867448282,0.0,0.0,-80,0.41595770930150233,45.55529867448282,0.0,2-27
pos-203,2,40,10,T0.5_P0.95,0.5,0.95,20,2,0.9795231177922515,45.55529867448282,0.0,0.0,-80,0.41595770930150233,45.55529867448282,0.0,2-27
pos-203,2,40,10,T0.5_P1,0.5,1.0,20,20,1.19801805937356,46.33658729353696,0.006852730645172916,0.00645301123826167,-80,0.4020748469052942,46.33658729353696,0.0,2-27
pos-203,2,40,10,T0.9_P0.5,0.9,0.5,20,2,0.9936172109660393,42.66586881358684,0.0,0.0,-80,0.4530016818770917,42.66586881358684,0.0,2-27
pos-203,2,40,10,T0.9_P0.9,0.9,0.9,20,3,1.335284323839229,41.64247090931908,0.0,0.0,-80,0.4132617380057147,41.64247090931908,0.0,2-27
pos-203,2,40,10,T0.9_P0.95,0.9,0.95,20,5,1.6083102963253513,48.714646259220686,0.03939910728777095,0.03939910728777095,-80,0.3912511024476493,48.714646259220686,0.0,2-27
pos-203,2,40,10,T0.9_P1,0.9,1.0,20,20,1.896228646444529,50.6942650326745,0.05466659115236033,0.0379361526243432,-80,0.3766450162162821,50.6942650326745,0.0,2-27
pos-203,2,40,10,T1_P0.5,1.0,0.5,20,2,0.9948255873869726,42.30113264254113,0.0,0.0,-80,0.45767778663408804,42.30113264254113,0.0,2-27
pos-203,2,40,10,T1_P0.9,1.0,0.9,20,4,1.5849301426410667,49.408225519876034,0.04949643484526591,0.04949643484526591,-80,0.3907025015429969,49.408225519876034,0.0,2-27
pos-203,2,40,10,T1_P0.95,1.0,0.95,20,6,1.7642584347723995,50.307631151853386,0.0479718706718618,0.0479718706718618,-80,0.3786682805294245,50.307631151853386,0.0,2-27
pos-203,2,40,10,T1_P1,1.0,1.0,20,20,2.09085802041361,52.95946702189427,0.07208573345626909,0.04584293928683921,-80,0.36167624198348486,52.95946702189427,0.0,2-27
pos-204,0,24,10,argmax,0.0,0.0,38,1,-0.0,0.0,0.0,0.0,-33,1.0,0.0,0.0,0-25
pos-204,0,24,10,T0.5_P0.5,0.5,0.5,38,1,-0.0,0.0,0.0,0.0,-33,1.0,0.0,0.0,0-25
pos-204,0,24,10,T0.5_P0.9,0.5,0.9,38,3,0.8663700263100204,19.636670008886114,0.07694197707181702,0.0,-33,0.8169559385402375,19.636670008886114,0.0,0-25
pos-204,0,24,10,T0.5_P0.95,0.5,0.95,38,3,0.8663700263100204,19.636670008886114,0.07694197707181702,0.0,-33,0.8169559385402375,19.636670008886114,0.0,0-25
pos-204,0,24,10,T0.5_P1,0.5,1.0,38,38,1.0928324192346668,25.318932250606398,0.085203645909952,0.010929279742097746,-33,0.7886317304467425,25.318932250606398,0.0,0-25
pos-204,0,24,10,T0.9_P0.5,0.9,0.5,38,1,-0.0,0.0,0.0,0.0,-33,1.0,0.0,0.0,0-25
pos-204,0,24,10,T0.9_P0.9,0.9,0.9,38,4,1.6227302855952637,44.69417589960442,0.1552401724314069,0.0,-33,0.5767979701874177,44.69417589960442,0.0,0-25
pos-204,0,24,10,T0.9_P0.95,0.9,0.95,38,5,1.8184070212923849,61.096400002052235,0.19445815033993952,0.046425003449099514,-33,0.5500201224320332,61.096400002052235,0.0,0-25
pos-204,0,24,10,T0.9_P1,0.9,1.0,38,38,2.0076260411042086,68.22737966809774,0.21647206592212304,0.07248438135008764,-33,0.5349891261543965,68.22737966809774,0.0,0-25
pos-204,0,24,10,T1_P0.5,1.0,0.5,38,2,0.8340687791629094,22.5175330553788,0.0,0.0,-33,0.7350878464073083,22.5175330553788,0.0,0-25
pos-204,0,24,10,T1_P0.9,1.0,0.9,38,4,1.6908802222525836,48.225415651773055,0.16671749127811533,0.0,-33,0.5432488463919846,48.225415651773055,0.0,0-25
pos-204,0,24,10,T1_P0.95,1.0,0.95,38,5,1.9062495901454677,67.62287337871835,0.21292885985898297,0.055457024595113716,-33,0.5131218817563571,67.62287337871835,0.0,0-25
pos-204,0,24,10,T1_P1,1.0,1.0,38,38,2.169119737735902,77.89727768813087,0.24419742979524087,0.09298159712480543,-33,0.49273670101824985,77.89727768813087,0.0,0-25
pos-205,0,40,10,argmax,0.0,0.0,37,1,-0.0,71.0,0.0,0.0,-293,0.0,71.0,0.0,0-25
pos-205,0,40,10,T0.5_P0.5,0.5,0.5,37,1,-0.0,71.0,0.0,0.0,-293,0.0,71.0,0.0,0-25
pos-205,0,40,10,T0.5_P0.9,0.5,0.9,37,1,-0.0,71.0,0.0,0.0,-293,0.0,71.0,0.0,0-25
pos-205,0,40,10,T0.5_P0.95,0.5,0.95,37,1,-0.0,71.0,0.0,0.0,-293,0.0,71.0,0.0,0-25
pos-205,0,40,10,T0.5_P1,0.5,1.0,37,37,0.05517760039784076,70.60321549200415,0.00020452070316141568,0.00011157285399881492,-293,0.0058811965597795725,70.60321549200415,0.0,0-25
pos-205,0,40,10,T0.9_P0.5,0.9,0.5,37,1,-0.0,71.0,0.0,0.0,-293,0.0,71.0,0.0,0-25
pos-205,0,40,10,T0.9_P0.9,0.9,0.9,37,1,-0.0,71.0,0.0,0.0,-293,0.0,71.0,0.0,0-25
pos-205,0,40,10,T0.9_P0.95,0.9,0.95,37,2,0.3059723890812925,67.11740308992661,0.0,0.0,-293,0.0546844635221604,67.11740308992661,0.0,0-25
pos-205,0,40,10,T0.9_P1,0.9,1.0,37,37,0.4717775615110955,69.24172009206778,0.01647894911437216,0.00764328886738402,-293,0.05376822641571826,69.24172009206778,0.0,0-25
pos-205,0,40,10,T1_P0.5,1.0,0.5,37,1,-0.0,71.0,0.0,0.0,-293,0.0,71.0,0.0,0-25
pos-205,0,40,10,T1_P0.9,1.0,0.9,37,1,-0.0,71.0,0.0,0.0,-293,0.0,71.0,0.0,0-25
pos-205,0,40,10,T1_P0.95,1.0,0.95,37,2,0.37123334189686774,65.92855194893143,0.0,0.0,-293,0.07142884578969824,65.92855194893143,0.0,0-25
pos-205,0,40,10,T1_P1,1.0,1.0,37,37,0.647474755262539,69.94870160485216,0.029239117755103742,0.013411133127189567,-293,0.06929455546439395,69.94870160485216,0.0,0-25
pos-206,1,24,10,argmax,0.0,0.0,45,1,-0.0,0.0,0.0,0.0,29,1.0,0.0,0.0,1-25
pos-206,1,24,10,T0.5_P0.5,0.5,0.5,45,1,-0.0,0.0,0.0,0.0,29,1.0,0.0,0.0,1-25
pos-206,1,24,10,T0.5_P0.9,0.5,0.9,45,1,-0.0,0.0,0.0,0.0,29,1.0,0.0,0.0,1-25
pos-206,1,24,10,T0.5_P0.95,0.5,0.95,45,1,-0.0,0.0,0.0,0.0,29,1.0,0.0,0.0,1-25
pos-206,1,24,10,T0.5_P1,0.5,1.0,45,45,0.001990435775871436,0.0462867204123858,0.00013820683310502207,0.00013820683310502207,29,0.9998617931668954,0.0462867204123858,0.0,1-25
pos-206,1,24,10,T0.9_P0.5,0.9,0.5,45,1,-0.0,0.0,0.0,0.0,29,1.0,0.0,0.0,1-25
pos-206,1,24,10,T0.9_P0.9,0.9,0.9,45,1,-0.0,0.0,0.0,0.0,29,1.0,0.0,0.0,1-25
pos-206,1,24,10,T0.9_P0.95,0.9,0.95,45,1,-0.0,0.0,0.0,0.0,29,1.0,0.0,0.0,1-25
pos-206,1,24,10,T0.9_P1,0.9,1.0,45,45,0.0743411359067827,2.7169537082488575,0.00811129240365946,0.00811129240365946,29,0.9918887075963405,2.7169537082488575,0.0,1-25
pos-206,1,24,10,T1_P0.5,1.0,0.5,45,1,-0.0,0.0,0.0,0.0,29,1.0,0.0,0.0,1-25
pos-206,1,24,10,T1_P0.9,1.0,0.9,45,1,-0.0,0.0,0.0,0.0,29,1.0,0.0,0.0,1-25
pos-206,1,24,10,T1_P0.95,1.0,0.95,45,1,-0.0,0.0,0.0,0.0,29,1.0,0.0,0.0,1-25
pos-206,1,24,10,T1_P1,1.0,1.0,45,45,0.11950452612820765,4.660286449485257,0.013874083831993136,0.013874083831993136,29,0.9861259161680067,4.660286449485257,0.0,1-25
pos-207,1,40,10,argmax,0.0,0.0,34,1,-0.0,50.0,0.0,0.0,-431,0.0,50.0,0.0,1-27
pos-207,1,40,10,T0.5_P0.5,0.5,0.5,34,1,-0.0,50.0,0.0,0.0,-431,0.0,50.0,0.0,1-27
pos-207,1,40,10,T0.5_P0.9,0.5,0.9,34,2,0.7009856691690335,41.83998036015044,0.0,0.0,-431,0.0,41.83998036015044,0.0,1-27
pos-207,1,40,10,T0.5_P0.95,0.5,0.95,34,3,0.9301668202874859,44.13061490174619,0.0,0.0,-431,0.0,44.13061490174619,0.0,1-27
pos-207,1,40,10,T0.5_P1,0.5,1.0,34,34,1.1151851672574382,44.012277104720546,2.463820920171644e-06,2.4297545789972824e-06,-431,2.72386853131311e-06,44.0118262275734,5.2635485217733916e-08,1-27
pos-207,1,40,10,T0.9_P0.5,0.9,0.5,34,1,-0.0,50.0,0.0,0.0,-431,0.0,50.0,0.0,1-27
pos-207,1,40,10,T0.9_P0.9,0.9,0.9,34,4,1.575601803207657,41.59210524821563,0.0,0.0,-431,0.0,41.59210524821563,0.0,1-27
pos-207,1,40,10,T0.9_P0.95,0.9,0.95,34,5,1.764156369898591,43.982742457656734,0.0,0.0,-431,0.0,43.982742457656734,0.0,1-27
pos-207,1,40,10,T0.9_P1,0.9,1.0,34,34,2.0297500874145302,44.4681966461198,0.0008156096064963896,0.000756840404862351,-431,0.00049313994124835,43.73644417088957,8.5424028051931e-05,1-27
pos-207,1,40,10,T1_P0.5,1.0,0.5,34,2,0.91091922596702,35.97658357031601,0.0,0.0,-431,0.0,35.97658357031601,0.0,1-27
pos-207,1,40,10,T1_P0.9,1.0,0.9,34,5,1.8541256489531661,44.303419182480496,0.0,0.0,-431,0.0,44.303419182480496,0.0,1-27
pos-207,1,40,10,T1_P0.95,1.0,0.95,34,6,1.9728457441817822,44.176329097229626,0.0,0.0,-431,0.0,44.176329097229626,0.0,1-27
pos-207,1,40,10,T1_P1,1.0,1.0,34,34,2.198927551166687,45.99673835240387,0.0017243590942779903,0.0015802815044572997,-431,0.0009119780083225205,44.15162619313918,0.00021539602821698327,1-27
pos-208,2,24,10,argmax,0.0,0.0,28,1,-0.0,9.0,0.0,0.0,-190,0.0,9.0,0.0,2-25
pos-208,2,24,10,T0.5_P0.5,0.5,0.5,28,1,-0.0,9.0,0.0,0.0,-190,0.0,9.0,0.0,2-25
pos-208,2,24,10,T0.5_P0.9,0.5,0.9,28,3,1.2086170619082857,7.984511477457808,0.0,0.0,-190,0.23983582496274783,7.984511477457808,0.0,2-25
pos-208,2,24,10,T0.5_P0.95,0.5,0.95,28,4,1.4245551008905257,9.387864596149758,0.0,0.0,-190,0.2286224691420436,9.387864596149758,0.0,2-25
pos-208,2,24,10,T0.5_P1,0.5,1.0,28,28,1.6169536768838226,10.100788410522398,0.0001695267633762793,3.263818198655731e-05,-190,0.22305461364184645,10.100788410522398,0.0,2-25
pos-208,2,24,10,T0.9_P0.5,0.9,0.5,28,2,0.944367560355085,5.741595548169338,0.0,0.0,-190,0.3620449390922958,5.741595548169338,0.0,2-25
pos-208,2,24,10,T0.9_P0.9,0.9,0.9,28,6,2.093878307658995,11.989014666570354,0.0,0.0,-190,0.2471039342772411,11.989014666570354,0.0,2-25
pos-208,2,24,10,T0.9_P0.95,0.9,0.95,28,8,2.3377335730350564,14.876211103939733,0.0,0.0,-190,0.2337756773279399,14.876211103939733,0.0,2-25
pos-208,2,24,10,T0.9_P1,0.9,1.0,28,28,2.6485781014286816,17.203435144015216,0.006262079392774765,0.002554434509936438,-190,0.2228451804874574,17.203435144015216,0.0,2-25
pos-208,2,24,10,T1_P0.5,1.0,0.5,28,2,0.9546024562927504,5.6229408398245,0.0,0.0,-190,0.3752287955750556,5.6229408398245,0.0,2-25
pos-208,2,24,10,T1_P0.9,1.0,0.9,28,7,2.3111822162241165,15.377226697115692,0.0,0.0,-190,0.2365901806225373,15.377226697115692,0.0,2-25
pos-208,2,24,10,T1_P0.95,1.0,0.95,28,10,2.590303556465651,16.871281967152946,0.0,0.0,-190,0.22230894930995,16.871281967152946,0.0,2-25
pos-208,2,24,10,T1_P1,1.0,1.0,28,28,2.84668852510773,19.377650151746714,0.00971119360910727,0.004296536883614318,-190,0.2140119933569442,19.377650151746714,0.0,2-25
pos-209,2,40,10,argmax,0.0,0.0,36,1,-0.0,0.0,0.0,0.0,-67,1.0,0.0,0.0,2-28
pos-209,2,40,10,T0.5_P0.5,0.5,0.5,36,1,-0.0,0.0,0.0,0.0,-67,1.0,0.0,0.0,2-28
pos-209,2,40,10,T0.5_P0.9,0.5,0.9,36,2,0.9998606267337469,51.770257268490255,0.49305006922371675,0.0,-67,0.5069499307762833,51.770257268490255,0.0,2-28
pos-209,2,40,10,T0.5_P0.95,0.5,0.95,36,2,0.9998606267337469,51.770257268490255,0.49305006922371675,0.0,-67,0.5069499307762833,51.770257268490255,0.0,2-28
pos-209,2,40,10,T0.5_P1,0.5,1.0,36,36,1.007057048852617,51.84271189114849,0.4933143025056943,5.170698082447449e-05,-67,0.5066856974943057,51.84271189114849,0.0,2-28
pos-209,2,40,10,T0.9_P0.5,0.9,0.5,36,2,0.9999569806865214,52.09456931877495,0.4961387554169043,0.0,-67,0.5038612445830957,52.09456931877495,0.0,2-28
pos-209,2,40,10,T0.9_P0.9,0.9,0.9,36,2,0.9999569806865214,52.09456931877495,0.4961387554169043,0.0,-67,0.5038612445830957,52.09456931877495,0.0,2-28
pos-209,2,40,10,T0.9_P0.95,0.9,0.95,36,2,0.9999569806865214,52.09456931877495,0.4961387554169043,0.0,-67,0.5038612445830957,52.09456931877495,0.0,2-28
pos-209,2,40,10,T0.9_P1,0.9,1.0,36,36,1.2307983031350866,56.44764865216848,0.5092266201749895,0.006140910294209903,-67,0.49077337982501046,56.44764865216848,0.0,2-28
pos-209,2,40,10,T1_P0.5,1.0,0.5,36,2,0.9999651541586598,52.135111008694345,0.49652486674946994,0.0,-67,0.5034751332505301,52.135111008694345,0.0,2-28
pos-209,2,40,10,T1_P0.9,1.0,0.9,36,2,0.9999651541586598,52.135111008694345,0.49652486674946994,0.0,-67,0.5034751332505301,52.135111008694345,0.0,2-28
pos-209,2,40,10,T1_P0.95,1.0,0.95,36,2,0.9999651541586598,52.135111008694345,0.49652486674946994,0.0,-67,0.5034751332505301,52.135111008694345,0.0,2-28
pos-209,2,40,10,T1_P1,1.0,1.0,36,36,1.3552519042484654,59.54997143689151,0.5181245072373978,0.011339134653192173,-67,0.4818754927626025,59.54997143689151,0.0,2-28
pos-210,0,24,10,argmax,0.0,0.0,29,1,-0.0,0.0,0.0,0.0,20,1.0,0.0,0.0,0-26
pos-210,0,24,10,T0.5_P0.5,0.5,0.5,29,1,-0.0,0.0,0.0,0.0,20,1.0,0.0,0.0,0-26
pos-210,0,24,10,T0.5_P0.9,0.5,0.9,29,1,-0.0,0.0,0.0,0.0,20,1.0,0.0,0.0,0-26
pos-210,0,24,10,T0.5_P0.95,0.5,0.95,29,1,-0.0,0.0,0.0,0.0,20,1.0,0.0,0.0,0-26
pos-210,0,24,10,T0.5_P1,0.5,1.0,29,29,0.04781196680173173,0.13822660579834276,3.733689003486534e-08,3.733689003486534e-08,20,0.9946843299161681,0.13822660579834276,0.0,0-26
pos-210,0,24,10,T0.9_P0.5,0.9,0.5,29,1,-0.0,0.0,0.0,0.0,20,1.0,0.0,0.0,0-26
pos-210,0,24,10,T0.9_P0.9,0.9,0.9,29,1,-0.0,0.0,0.0,0.0,20,1.0,0.0,0.0,0-26
pos-210,0,24,10,T0.9_P0.95,0.9,0.95,29,2,0.29412531254017765,1.3476105562957987,0.0,0.0,20,0.9481688247578538,1.3476105562957987,0.0,0-26
pos-210,0,24,10,T0.9_P1,0.9,1.0,29,29,0.29690737871798184,1.4362343443678418,0.00016462352056139333,0.00016462352056139333,20,0.9480127338678351,1.4362343443678418,0.0,0-26
pos-210,0,24,10,T1_P0.5,1.0,0.5,29,1,-0.0,0.0,0.0,0.0,20,1.0,0.0,0.0,0-26
pos-210,0,24,10,T1_P0.9,1.0,0.9,29,1,-0.0,0.0,0.0,0.0,20,1.0,0.0,0.0,0-26
pos-210,0,24,10,T1_P0.95,1.0,0.95,29,2,0.35887950951834274,1.771196760017673,0.0,0.0,20,0.931877047691628,1.771196760017673,0.0,0-26
pos-210,0,24,10,T1_P1,1.0,1.0,29,29,0.36634115689221824,2.030777223232729,0.0004824670292457349,0.0004824670292457349,20,0.9314274477408059,2.030777223232729,0.0,0-26
pos-211,0,40,10,argmax,0.0,0.0,29,1,-0.0,0.0,0.0,0.0,-138,1.0,0.0,0.0,0-26
pos-211,0,40,10,T0.5_P0.5,0.5,0.5,29,2,0.9929409478836122,6.75867695621703,0.0,0.0,-138,0.5494215362521979,6.75867695621703,0.0,0-26
pos-211,0,40,10,T0.5_P0.9,0.5,0.9,29,3,1.5080946941657334,14.683191835615979,0.0,0.0,-138,0.4438502592475648,14.683191835615979,0.0,0-26
pos-211,0,40,10,T0.5_P0.95,0.5,0.95,29,4,1.646501765485954,15.339807448900519,0.0,0.0,-138,0.43186517435434263,15.339807448900519,0.0,0-26
pos-211,0,40,10,T0.5_P1,0.5,1.0,29,29,1.8414180742252677,15.70136527572467,6.968116260815627e-06,6.7945779545977575e-06,-138,0.4205742279847527,15.70136527572467,0.0,0-26
pos-211,0,40,10,T0.9_P0.5,0.9,0.5,29,2,0.9978138797466501,7.087222245233463,0.0,0.0,-138,0.5275185169844359,7.087222245233463,0.0,0-26
pos-211,0,40,10,T0.9_P0.9,0.9,0.9,29,6,2.1448966260178914,19.281874701267835,0.0,0.0,-138,0.3391118741794699,19.281874701267835,0.0,0-26
pos-211,0,40,10,T0.9_P0.95,0.9,0.95,29,8,2.359062959800944,20.08079325170479,0.0,0.0,-138,0.32317892574153967,20.08079325170479,0.0,0-26
pos-211,0,40,10,T0.9_P1,0.9,1.0,29,29,2.676854432448125,21.23837901747192,0.000781611103077832,0.000694283586649829,-138,0.307656628847046,21.23837901747192,0.0,0-26
pos-211,0,40,10,T1_P0.5,1.0,0.5,29,2,0.9982287324778488,7.128428691960046,0.0,0.0,-138,0.5247714205359969,7.128428691960046,0.0,0-26
pos-211,0,40,10,T1_P0.9,1.0,0.9,29,7,2.359675290855613,20.609872816940154,0.0,0.0,-138,0.31199165929048056,20.609872816940154,0.0,0-26
pos-211,0,40,10,T1_P0.95,1.0,0.95,29,10,2.594252205771075,21.01054504187038,0.0,0.0,-138,0.2974681112207393,21.01054504187038,0.0,0-26
pos-211,0,40,10,T1_P1,1.0,1.0,29,29,2.8637534339978163,22.47695104228968,0.001390401801255093,0.0012069140543408841,-138,0.2856476917317345,22.47695104228968,0.0,0-26
pos-212,1,24,10,argmax,0.0,0.0,46,1,-0.0,0.0,0.0,0.0,9999,1.0,0.0,1.0,1-26
pos-212,1,24,10,T0.5_P0.5,0.5,0.5,46,1,-0.0,0.0,0.0,0.0,9999,1.0,0.0,1.0,1-26
pos-212,1,24,10,T0.5_P0.9,0.5,0.9,46,1,-0.0,0.0,0.0,0.0,9999,1.0,0.0,1.0,1-26
pos-212,1,24,10,T0.5_P0.95,0.5,0.95,46,1,-0.0,0.0,0.0,0.0,9999,1.0,0.0,1.0,1-26
pos-212,1,24,10,T0.5_P1,0.5,1.0,46,46,0.2735648901619399,393.17807130817073,0.04328676468576808,0.04328676468576808,9999,0.9567132353142321,43.2867646857681,0.9567132353142321,1-26
pos-212,1,24,10,T0.9_P0.5,0.9,0.5,46,1,-0.0,0.0,0.0,0.0,9999,1.0,0.0,1.0,1-26
pos-212,1,24,10,T0.9_P0.9,0.9,0.9,46,2,0.6011721247936319,1327.8613951264492,0.14656306789475157,0.14656306789475157,9999,0.8534369321052484,146.56306789475158,0.8534369321052484,1-26
pos-212,1,24,10,T0.9_P0.95,0.9,0.95,46,2,0.6011721247936319,1327.8613951264492,0.14656306789475157,0.14656306789475157,9999,0.8534369321052484,146.56306789475158,0.8534369321052484,1-26
pos-212,1,24,10,T0.9_P1,0.9,1.0,46,46,0.8206189278260886,1622.3709032483396,0.17763830212837278,0.17763830212837278,9999,0.8223616978716276,177.6383021283728,0.8223616978716276,1-26
pos-212,1,24,10,T1_P0.5,1.0,0.5,46,1,-0.0,0.0,0.0,0.0,9999,1.0,0.0,1.0,1-26
pos-212,1,24,10,T1_P0.9,1.0,0.9,46,2,0.6577025296897572,1540.1910925873497,0.16999901684187083,0.16999901684187083,9999,0.8300009831581292,169.99901684187083,0.8300009831581292,1-26
pos-212,1,24,10,T1_P0.95,1.0,0.95,46,2,0.6577025296897572,1540.1910925873497,0.16999901684187083,0.16999901684187083,9999,0.8300009831581292,169.99901684187083,0.8300009831581292,1-26
pos-212,1,24,10,T1_P1,1.0,1.0,46,46,0.9401231102447901,1930.9274000515104,0.21106359156914814,0.21106359156914814,9999,0.7889364084308518,211.06359156914817,0.7889364084308518,1-26
pos-213,1,40,10,argmax,0.0,0.0,41,1,-0.0,54.0,0.0,0.0,313,0.0,54.0,0.0,1-28
pos-213,1,40,10,T0.5_P0.5,0.5,0.5,41,1,-0.0,54.0,0.0,0.0,313,0.0,54.0,0.0,1-28
pos-213,1,40,10,T0.5_P0.9,0.5,0.9,41,1,-0.0,54.0,0.0,0.0,313,0.0,54.0,0.0,1-28
pos-213,1,40,10,T0.5_P0.95,0.5,0.95,41,1,-0.0,54.0,0.0,0.0,313,0.0,54.0,0.0,1-28
pos-213,1,40,10,T0.5_P1,0.5,1.0,41,41,0.18211719122820744,57.41520990052239,0.012706936278759821,0.012706936278759821,313,0.0098501043674926,57.41520989809193,0.0,1-28
pos-213,1,40,10,T0.9_P0.5,0.9,0.5,41,1,-0.0,54.0,0.0,0.0,313,0.0,54.0,0.0,1-28
pos-213,1,40,10,T0.9_P0.9,0.9,0.9,41,2,0.4019692343928314,76.86296115948505,0.07994042363456313,0.07994042363456313,313,0.0,76.86296115948505,0.0,1-28
pos-213,1,40,10,T0.9_P0.95,0.9,0.95,41,3,0.7288691731401988,71.73111968930645,0.07460311194421236,0.07460311194421236,313,0.0667661171618199,71.73111968930645,0.0,1-28
pos-213,1,40,10,T0.9_P1,0.9,1.0,41,41,0.9093067809127101,87.78675543753775,0.09488967314454162,0.09488967314454162,313,0.06530246957515336,87.78669719200151,0.0,1-28
pos-213,1,40,10,T1_P0.5,1.0,0.5,41,1,-0.0,54.0,0.0,0.0,313,0.0,54.0,0.0,1-28
pos-213,1,40,10,T1_P0.9,1.0,0.9,41,3,0.8419300194197243,75.71649927556544,0.09157929040778293,0.09157929040778293,313,0.08287366261223106,75.71649927556544,0.0,1-28
pos-213,1,40,10,T1_P0.95,1.0,0.95,41,3,0.8419300194197243,75.71649927556544,0.09157929040778293,0.09157929040778293,313,0.08287366261223106,75.71649927556544,0.0,1-28
pos-213,1,40,10,T1_P1,1.0,1.0,41,41,1.1148000681525991,101.1146091685519,0.12329274932024491,0.12329274932024491,313,0.07998049817154144,101.1144105234577,0.0,1-28
pos-214,2,24,10,argmax,0.0,0.0,43,1,-0.0,0.0,0.0,0.0,18,1.0,0.0,0.0,2-26
pos-214,2,24,10,T0.5_P0.5,0.5,0.5,43,1,-0.0,0.0,0.0,0.0,18,1.0,0.0,0.0,2-26
pos-214,2,24,10,T0.5_P0.9,0.5,0.9,43,1,-0.0,0.0,0.0,0.0,18,1.0,0.0,0.0,2-26
pos-214,2,24,10,T0.5_P0.95,0.5,0.95,43,1,-0.0,0.0,0.0,0.0,18,1.0,0.0,0.0,2-26
pos-214,2,24,10,T0.5_P1,0.5,1.0,43,43,0.3448814556416366,1.9189894145005764,0.01267960120927417,5.21372429324014e-07,18,0.9538467379639313,1.9189894145005764,0.0,2-26
pos-214,2,24,10,T0.9_P0.5,0.9,0.5,43,1,-0.0,0.0,0.0,0.0,18,1.0,0.0,0.0,2-26
pos-214,2,24,10,T0.9_P0.9,0.9,0.9,43,3,0.8605369518195297,9.229395538246813,0.07303239876084879,0.0,18,0.8182556308252017,9.229395538246813,0.0,2-26
pos-214,2,24,10,T0.9_P0.95,0.9,0.95,43,4,1.1064744452734554,10.334482400954592,0.06932523736510358,0.0,18,0.7767205623088369,10.334482400954592,0.0,2-26
pos-214,2,24,10,T0.9_P1,0.9,1.0,43,43,1.4670679392852197,13.095993067975344,0.08223384769745146,0.0005947521185041374,18,0.7410805269100432,13.095993067975344,0.0,2-26
pos-214,2,24,10,T1_P0.5,1.0,0.5,43,1,-0.0,0.0,0.0,0.0,18,1.0,0.0,0.0,2-26
pos-214,2,24,10,T1_P0.9,1.0,0.9,43,4,1.2436422912082743,12.44499505246386,0.08343805752166938,0.0,18,0.7341761606428548,12.44499505246386,0.0,2-26
pos-214,2,24,10,T1_P0.95,1.0,0.95,43,5,1.3770931531064337,12.386343340909853,0.08143650546230795,0.0,18,0.7165643915063652,12.386343340909853,0.0,2-26
pos-214,2,24,10,T1_P1,1.0,1.0,43,43,1.755046149922728,16.902066085428075,0.10330873601190706,0.0013926633069578237,18,0.6829035760640741,16.902066085428075,0.0,2-26
pos-215,2,40,10,argmax,0.0,0.0,47,1,-0.0,111.0,1.0,0.0,-170,0.0,111.0,0.0,2-29
pos-215,2,40,10,T0.5_P0.5,0.5,0.5,47,1,-0.0,111.0,1.0,0.0,-170,0.0,111.0,0.0,2-29
pos-215,2,40,10,T0.5_P0.9,0.5,0.9,47,3,1.0180481324023694,89.22564570671607,0.7657819278875766,0.0,-170,0.10622256571257307,89.22564570671607,0.0,2-29
pos-215,2,40,10,T0.5_P0.95,0.5,0.95,47,4,1.2741617509945373,85.42205580882396,0.7224544094341458,0.0,-170,0.10021255162308161,85.42205580882396,0.0,2-29
pos-215,2,40,10,T0.5_P1,0.5,1.0,47,47,1.4675589995915947,83.61381052981412,0.6952717297388418,0.0004092560628766359,-170,0.09638523982258594,83.61381052981412,0.0,2-29
pos-215,2,40,10,T0.9_P0.5,0.9,0.5,47,2,0.8416874477994164,89.92788365565187,0.7298446622519469,0.0,-170,0.0,89.92788365565187,0.0,2-29
pos-215,2,40,10,T0.9_P0.9,0.9,0.9,47,5,2.040556550984307,63.28255513872102,0.4665733550329655,0.0,-170,0.15570957099329732,63.28255513872102,0.0,2-29
pos-215,2,40,10,T0.9_P0.95,0.9,0.95,47,5,2.040556550984307,63.28255513872102,0.4665733550329655,0.0,-170,0.15570957099329732,63.28255513872102,0.0,2-29
pos-215,2,40,10,T0.9_P1,0.9,1.0,47,47,2.1811839601583456,64.93708326301109,0.4677545463147623,0.010456094808083,-170,0.15261425654058877,64.93708326301109,0.0,2-29
pos-215,2,40,10,T1_P0.5,1.0,0.5,47,2,0.8689692949062789,88.36501441317589,0.7098078770919986,0.0,-170,0.0,88.36501441317589,0.0,2-29
pos-215,2,40,10,T1_P0.9,1.0,0.9,47,5,2.095851599543036,60.624780971364935,0.43623995001899957,0.0,-170,0.1624730270917774,60.624780971364935,0.0,2-29
pos-215,2,40,10,T1_P0.95,1.0,0.95,47,5,2.095851599543036,60.624780971364935,0.43623995001899957,0.0,-170,0.1624730270917774,60.624780971364935,0.0,2-29
pos-215,2,40,10,T1_P1,1.0,1.0,47,47,2.2931055596374783,63.43329563069862,0.4398856370286985,0.016421359731260188,-170,0.15771486081169347,63.43329563069862,0.0,2-29
pos-216,0,24,10,argmax,0.0,0.0,40,1,-0.0,0.0,0.0,0.0,49,1.0,0.0,0.0,0-27
pos-216,0,24,10,T0.5_P0.5,0.5,0.5,40,1,-0.0,0.0,0.0,0.0,49,1.0,0.0,0.0,0-27
pos-216,0,24,10,T0.5_P0.9,0.5,0.9,40,2,0.4404935082613668,4.469256205132549,0.0,0.0,49,0.9087906896911725,4.469256205132549,0.0,0-27
pos-216,0,24,10,T0.5_P0.95,0.5,0.95,40,2,0.4404935082613668,4.469256205132549,0.0,0.0,49,0.9087906896911725,4.469256205132549,0.0,0-27
pos-216,0,24,10,T0.5_P1,0.5,1.0,40,40,0.6010902408486002,6.123524505257017,0.0033089440513637013,0.0032437220656043116,49,0.890793979106705,6.123524505257017,0.0,0-27
pos-216,0,24,10,T0.9_P0.5,0.9,0.5,40,1,-0.0,0.0,0.0,0.0,49,1.0,0.0,0.0,0-27
pos-216,0,24,10,T0.9_P0.9,0.9,0.9,40,3,1.0752822561547715,10.41831756065437,0.0,0.0,49,0.7257075570656982,10.41831756065437,0.0,0-27
pos-216,0,24,10,T0.9_P0.95,0.9,0.95,40,5,1.3603103199207438,22.294391009984693,0.024098274299909787,0.024098274299909787,49,0.6889904012266757,22.294391009984693,0.0,0-27
pos-216,0,24,10,T0.9_P1,0.9,1.0,40,40,1.6799283026479355,37.735156849936956,0.058155073550245275,0.05482055573669254,49,0.6614060815578464,37.735156849936956,0.0,0-27
pos-216,0,24,10,T1_P0.5,1.0,0.5,40,1,-0.0,0.0,0.0,0.0,49,1.0,0.0,0.0,0-27
pos-216,0,24,10,T1_P0.9,1.0,0.9,40,4,1.333063813872589,11.574166911855796,0.0,0.0,49,0.6688969047739,11.574166911855796,0.0,0-27
pos-216,0,24,10,T1_P0.95,1.0,0.95,40,6,1.5955859383519575,34.810749121810034,0.048845566083410855,0.048845566083410855,49,0.6362242568087775,34.810749121810034,0.0,0-27
pos-216,0,24,10,T1_P1,1.0,1.0,40,40,1.9494729150036805,50.21440814693691,0.08294078944353649,0.07773984264719128,49,0.6078186742979153,50.21440814693691,0.0,0-27
pos-217,0,40,10,argmax,0.0,0.0,25,1,-0.0,21.0,0.0,0.0,-9,0.0,21.0,0.0,0-27
pos-217,0,40,10,T0.5_P0.5,0.5,0.5,25,1,-0.0,21.0,0.0,0.0,-9,0.0,21.0,0.0,0-27
pos-217,0,40,10,T0.5_P0.9,0.5,0.9,25,2,0.6358718787906306,25.81962052386956,0.0,0.0,-9,0.0,25.81962052386956,0.0,0-27
pos-217,0,40,10,T0.5_P0.95,0.5,0.95,25,2,0.6358718787906306,25.81962052386956,0.0,0.0,-9,0.0,25.81962052386956,0.0,0-27
pos-217,0,40,10,T0.5_P1,0.5,1.0,25,25,0.8040614589490425,25.886967228341824,1.2015120878097075e-05,2.419633848689988e-07,-9,1.8128774708112584e-06,25.886967228341824,0.0,0-27
pos-217,0,40,10,T0.9_P0.5,0.9,0.5,25,1,-0.0,21.0,0.0,0.0,-9,0.0,21.0,0.0,0-27
pos-217,0,40,10,T0.9_P0.9,0.9,0.9,25,3,1.197479021592311,29.512682111351147,0.0,0.0,-9,0.0,29.512682111351147,0.0,0-27
pos-217,0,40,10,T0.9_P0.95,0.9,0.95,25,4,1.3490292231555017,29.131499749565698,0.0,0.0,-9,0.0,29.131499749565698,0.0,0-27
pos-217,0,40,10,T0.9_P1,0.9,1.0,25,25,1.6097291100953677,29.93872160933344,0.0020606807870193217,0.00020343314648985084,-9,0.00044467068081316863,29.93872160933344,0.0,0-27
pos-217,0,40,10,T1_P0.5,1.0,0.5,25,1,-0.0,21.0,0.0,0.0,-9,0.0,21.0,0.0,0-27
pos-217,0,40,10,T1_P0.9,1.0,0.9,25,3,1.2559709122068092,30.022666998050504,0.0,0.0,-9,0.0,30.022666998050504,0.0,0-27
pos-217,0,40,10,T1_P0.95,1.0,0.95,25,5,1.5676869938364324,29.98915223273595,0.0,0.0,-9,0.0,29.98915223273595,0.0,0-27
pos-217,0,40,10,T1_P1,1.0,1.0,25,25,1.8057771154913649,30.823086530700028,0.003873711171555616,0.0004656831306967074,-9,0.0008547164284208429,30.823086530700028,0.0,0-27
pos-218,1,24,10,argmax,0.0,0.0,40,1,-0.0,86.0,0.0,0.0,45,0.0,86.0,0.0,1-27
pos-218,1,24,10,T0.5_P0.5,0.5,0.5,40,1,-0.0,86.0,0.0,0.0,45,0.0,86.0,0.0,1-27
pos-218,1,24,10,T0.5_P0.9,0.5,0.9,40,3,0.9148217685311496,79.6438327349376,0.061136127050527164,0.0,45,0.14499744151296645,79.6438327349376,0.0,1-27
pos-218,1,24,10,T0.5_P0.95,0.5,0.95,40,5,1.208056232660413,77.07233067179503,0.057991175117185184,0.0,45,0.13753851328156302,77.07233067179503,0.0,1-27
pos-218,1,24,10,T0.5_P1,0.5,1.0,40,40,1.5578639598799262,75.6390302496175,0.059007131869524915,0.0037156957737772708,45,0.1311130088549788,75.6390302496175,0.0,1-27
pos-218,1,24,10,T0.9_P0.5,0.9,0.5,40,2,0.8554251364034415,61.9216203704063,0.0,0.0,45,0.27998115848364763,61.9216203704063,0.0,1-27
pos-218,1,24,10,T0.9_P0.9,0.9,0.9,40,10,2.6183201334088118,69.53827818891543,0.12651881402840115,0.02302391999144522,45,0.16721950490734191,69.53827818891543,0.0,1-27
pos-218,1,24,10,T0.9_P0.95,0.9,0.95,40,13,2.807943569355082,68.18240002994132,0.12185171707710318,0.022174600721230744,45,0.16105101804992147,68.18240002994132,0.0,1-27
pos-218,1,24,10,T0.9_P1,0.9,1.0,40,40,3.1081104931555434,68.03344300396502,0.11861897467172516,0.02260474598970758,45,0.15320611859396244,68.03344300396502,0.0,1-27
pos-218,1,24,10,T1_P0.5,1.0,0.5,40,3,1.3781395599242452,80.71913540049073,0.16277262707069695,0.0,45,0.250675898913709,80.71913540049073,0.0,1-27
pos-218,1,24,10,T1_P0.9,1.0,0.9,40,11,2.8273799691066737,68.52079635398435,0.13335561359489373,0.02739537433779468,45,0.16318270892899248,68.52079635398435,0.0,1-27
pos-218,1,24,10,T1_P0.95,1.0,0.95,40,15,3.088358651434857,66.54022714750897,0.1260340716897362,0.02589130281193489,45,0.15422358820348528,66.54022714750897,0.0,1-27
pos-218,1,24,10,T1_P1,1.0,1.0,40,40,3.3439917487432878,67.24160366892818,0.12536974619924943,0.027343402519464443,45,0.14774855135739232,67.24160366892818,0.0,1-27
pos-219,1,40,10,argmax,0.0,0.0,1,1,-0.0,0.0,0.0,0.0,-9997,1.0,0.0,1.0,1-29
pos-219,1,40,10,T0.5_P0.5,0.5,0.5,1,1,-0.0,0.0,0.0,0.0,-9997,1.0,0.0,1.0,1-29
pos-219,1,40,10,T0.5_P0.9,0.5,0.9,1,1,-0.0,0.0,0.0,0.0,-9997,1.0,0.0,1.0,1-29
pos-219,1,40,10,T0.5_P0.95,0.5,0.95,1,1,-0.0,0.0,0.0,0.0,-9997,1.0,0.0,1.0,1-29
pos-219,1,40,10,T0.5_P1,0.5,1.0,1,1,-0.0,0.0,0.0,0.0,-9997,1.0,0.0,1.0,1-29
pos-219,1,40,10,T0.9_P0.5,0.9,0.5,1,1,-0.0,0.0,0.0,0.0,-9997,1.0,0.0,1.0,1-29
pos-219,1,40,10,T0.9_P0.9,0.9,0.9,1,1,-0.0,0.0,0.0,0.0,-9997,1.0,0.0,1.0,1-29
pos-219,1,40,10,T0.9_P0.95,0.9,0.95,1,1,-0.0,0.0,0.0,0.0,-9997,1.0,0.0,1.0,1-29
pos-219,1,40,10,T0.9_P1,0.9,1.0,1,1,-0.0,0.0,0.0,0.0,-9997,1.0,0.0,1.0,1-29
pos-219,1,40,10,T1_P0.5,1.0,0.5,1,1,-0.0,0.0,0.0,0.0,-9997,1.0,0.0,1.0,1-29
pos-219,1,40,10,T1_P0.9,1.0,0.9,1,1,-0.0,0.0,0.0,0.0,-9997,1.0,0.0,1.0,1-29
pos-219,1,40,10,T1_P0.95,1.0,0.95,1,1,-0.0,0.0,0.0,0.0,-9997,1.0,0.0,1.0,1-29
pos-219,1,40,10,T1_P1,1.0,1.0,1,1,-0.0,0.0,0.0,0.0,-9997,1.0,0.0,1.0,1-29
pos-220,2,24,10,argmax,0.0,0.0,35,1,-0.0,29.0,0.0,0.0,-6,0.0,29.0,0.0,2-27
pos-220,2,24,10,T0.5_P0.5,0.5,0.5,35,1,-0.0,29.0,0.0,0.0,-6,0.0,29.0,0.0,2-27
pos-220,2,24,10,T0.5_P0.9,0.5,0.9,35,2,0.5405023481140858,25.406550627232093,0.0,0.0,-6,0.12391204733682441,25.406550627232093,0.0,2-27
pos-220,2,24,10,T0.5_P0.95,0.5,0.95,35,2,0.5405023481140858,25.406550627232093,0.0,0.0,-6,0.12391204733682441,25.406550627232093,0.0,2-27
pos-220,2,24,10,T0.5_P1,0.5,1.0,35,35,0.5406127146846016,25.409074494238745,5.893326842489552e-06,5.893326842489552e-06,-6,0.12391131708262974,25.409074494238745,0.0,2-27
pos-220,2,24,10,T0.9_P0.5,0.9,0.5,35,1,-0.0,29.0,0.0,0.0,-6,0.0,29.0,0.0,2-27
pos-220,2,24,10,T0.9_P0.9,0.9,0.9,35,2,0.8148366801272464,21.68453120270779,0.0,0.0,-6,0.25225754473421413,21.68453120270779,0.0,2-27
pos-220,2,24,10,T0.9_P0.95,0.9,0.95,35,2,0.8148366801272464,21.68453120270779,0.0,0.0,-6,0.25225754473421413,21.68453120270779,0.0,2-27
pos-220,2,24,10,T0.9_P1,0.9,1.0,35,35,0.8327564825647072,22.323631660043567,0.0014753589217832105,0.0014753589217832105,-6,0.25188537431500335,22.323631660043567,0.0,2-27
pos-220,2,24,10,T1_P0.5,1.0,0.5,35,1,-0.0,29.0,0.0,0.0,-6,0.0,29.0,0.0,2-27
pos-220,2,24,10,T1_P0.9,1.0,0.9,35,2,0.8461591687117741,21.074320679381824,0.0,0.0,-6,0.27329928691786814,21.074320679381824,0.0,2-27
pos-220,2,24,10,T1_P0.95,1.0,0.95,35,2,0.8461591687117741,21.074320679381824,0.0,0.0,-6,0.27329928691786814,21.074320679381824,0.0,2-27
pos-220,2,24,10,T1_P1,1.0,1.0,35,35,0.8818732198527001,22.43513847411853,0.003130902694601688,0.003130902694601688,-6,0.2724436134440243,22.43513847411853,0.0,2-27
pos-221,1,24,10,argmax,0.0,0.0,31,1,-0.0,31.0,0.0,0.0,14,0.0,31.0,0.0,1-28
pos-221,1,24,10,T0.5_P0.5,0.5,0.5,31,3,1.5658704063286304,24.559359796674116,0.0,0.0,14,0.0,24.559359796674116,0.0,1-28
pos-221,1,24,10,T0.5_P0.9,0.5,0.9,31,7,2.553661723117515,24.210603418934703,0.0,0.0,14,0.08282414878013428,24.210603418934703,0.0,1-28
pos-221,1,24,10,T0.5_P0.95,0.5,0.95,31,8,2.68209822802866,24.375960978790022,0.0,0.0,14,0.07996458204608643,24.375960978790022,0.0,1-28
pos-221,1,24,10,T0.5_P1,0.5,1.0,31,31,2.8861995071106477,24.947657848868943,9.014228308487293e-06,4.532904148644133e-06,14,0.07726345158953157,24.947657848868943,0.0,1-28
pos-221,1,24,10,T0.9_P0.5,0.9,0.5,31,4,1.9734845185817818,24.62225639291074,0.0,0.0,14,0.0,24.62225639291074,0.0,1-28
pos-221,1,24,10,T0.9_P0.9,0.9,0.9,31,10,3.1000429098416955,24.619922890578515,0.0,0.0,14,0.09727396549116858,24.619922890578515,0.0,1-28
pos-221,1,24,10,T0.9_P0.95,0.9,0.95,31,12,3.266385767828992,26.061132941166925,0.0,0.0,14,0.09305588348418958,26.061132941166925,0.0,1-28
pos-221,1,24,10,T0.9_P1,0.9,1.0,31,31,3.4767314267181337,26.732971349878646,0.0009687646731361734,0.0005647029061852162,14,0.08967802658857708,26.732971349878646,0.0,1-28
pos-221,1,24,10,T1_P0.5,1.0,0.5,31,4,1.978270976024564,24.578296298971118,0.0,0.0,14,0.0,24.578296298971118,0.0,1-28
pos-221,1,24,10,T1_P0.9,1.0,0.9,31,10,3.135851280346927,24.672836531234918,0.0,0.0,14,0.09892687780786079,24.672836531234918,0.0,1-28
pos-221,1,24,10,T1_P0.95,1.0,0.95,31,12,3.316670092506191,26.36091522175066,0.0,0.0,14,0.09391907222154841,26.36091522175066,0.0,1-28
pos-221,1,24,10,T1_P1,1.0,1.0,31,31,3.584496666003946,27.391324426914586,0.0017201328209124989,0.001021937227193648,14,0.08935325513525338,27.391324426914586,0.0,1-28
pos-222,2,24,10,argmax,0.0,0.0,38,1,-0.0,0.0,0.0,0.0,176,1.0,0.0,0.0,2-28
pos-222,2,24,10,T0.5_P0.5,0.5,0.5,38,1,-0.0,0.0,0.0,0.0,176,1.0,0.0,0.0,2-28
pos-222,2,24,10,T0.5_P0.9,0.5,0.9,38,1,-0.0,0.0,0.0,0.0,176,1.0,0.0,0.0,2-28
pos-222,2,24,10,T0.5_P0.95,0.5,0.95,38,1,-0.0,0.0,0.0,0.0,176,1.0,0.0,0.0,2-28
pos-222,2,24,10,T0.5_P1,0.5,1.0,38,38,0.07156978744184894,1.2020803841286392,0.008098264266186124,0.0006825220143753947,176,0.9919012428394228,1.2020803841286392,0.0,2-28
pos-222,2,24,10,T0.9_P0.5,0.9,0.5,38,1,-0.0,0.0,0.0,0.0,176,1.0,0.0,0.0,2-28
pos-222,2,24,10,T0.9_P0.9,0.9,0.9,38,1,-0.0,0.0,0.0,0.0,176,1.0,0.0,0.0,2-28
pos-222,2,24,10,T0.9_P0.95,0.9,0.95,38,2,0.3345603924142182,8.405188252418139,0.06180285479719219,0.0,176,0.9381971452028078,8.405188252418139,0.0,2-28
pos-222,2,24,10,T0.9_P1,0.9,1.0,38,38,0.4964249229234894,14.061301725206237,0.08073762342435659,0.020172332741472263,176,0.9189731493452642,14.061301725206237,0.0,2-28
pos-222,2,24,10,T1_P0.5,1.0,0.5,38,1,-0.0,0.0,0.0,0.0,176,1.0,0.0,0.0,2-28
pos-222,2,24,10,T1_P0.9,1.0,0.9,38,2,0.40071251311913647,10.823455710934759,0.07958423316863794,0.0,176,0.920415766831362,10.823455710934759,0.0,2-28
pos-222,2,24,10,T1_P0.95,1.0,0.95,38,2,0.40071251311913647,10.823455710934759,0.07958423316863794,0.0,176,0.920415766831362,10.823455710934759,0.0,2-28
pos-222,2,24,10,T1_P1,1.0,1.0,38,38,0.6369450182858222,19.54165226319938,0.10825479613010802,0.03111684338411901,176,0.8911170334729684,19.54165226319938,0.0,2-28
pos-223,0,24,10,argmax,0.0,0.0,23,1,-0.0,14.0,0.0,0.0,-432,0.0,14.0,0.0,0-29
pos-223,0,24,10,T0.5_P0.5,0.5,0.5,23,1,-0.0,14.0,0.0,0.0,-432,0.0,14.0,0.0,0-29
pos-223,0,24,10,T0.5_P0.9,0.5,0.9,23,1,-0.0,14.0,0.0,0.0,-432,0.0,14.0,0.0,0-29
pos-223,0,24,10,T0.5_P0.95,0.5,0.95,23,2,0.4086783711530554,16.210057621092396,0.0,0.0,-432,0.0,16.210057621092396,0.0,0-29
pos-223,0,24,10,T0.5_P1,0.5,1.0,23,23,0.5206440392392856,16.064157445935148,9.869311244647514e-06,2.873636291625772e-06,-432,2.6695850450156355e-07,16.064157445935148,0.0,0-29
pos-223,0,24,10,T0.9_P0.5,0.9,0.5,23,1,-0.0,14.0,0.0,0.0,-432,0.0,14.0,0.0,0-29
pos-223,0,24,10,T0.9_P0.9,0.9,0.9,23,2,0.7357388609256221,19.58941499530153,0.0,0.0,-432,0.0,19.58941499530153,0.0,0-29
pos-223,0,24,10,T0.9_P0.95,0.9,0.95,23,3,1.060590659218689,18.516706584700948,0.0,0.0,-432,0.0,18.516706584700948,0.0,0-29
pos-223,0,24,10,T0.9_P1,0.9,1.0,23,23,1.2618328984648426,19.39794981740456,0.002335147794455562,0.0010624789037561467,-432,0.00016891215393839216,19.39794981740456,0.0,0-29
pos-223,0,24,10,T1_P0.5,1.0,0.5,23,1,-0.0,14.0,0.0,0.0,-432,0.0,14.0,0.0,0-29
pos-223,0,24,10,T1_P0.9,1.0,0.9,23,3,1.1403226833790554,18.86315151241833,0.0,0.0,-432,0.0,18.86315151241833,0.0,0-29
pos-223,0,24,10,T1_P0.95,1.0,0.95,23,3,1.1403226833790554,18.86315151241833,0.0,0.0,-432,0.0,18.86315151241833,0.0,0-29
pos-223,0,24,10,T1_P1,1.0,1.0,23,23,1.440108942615398,20.45768113842422,0.004623438274901858,0.0021947753428950617,-432,0.00036663143727472193,20.45768113842422,0.0,0-29
pos-224,0,40,10,argmax,0.0,0.0,3,1,-0.0,274.0,1.0,1.0,-738,0.0,274.0,0.0,0-29
pos-224,0,40,10,T0.5_P0.5,0.5,0.5,3,1,-0.0,274.0,1.0,1.0,-738,0.0,274.0,0.0,0-29
pos-224,0,40,10,T0.5_P0.9,0.5,0.9,3,2,0.6998567665517619,1974.6051672965318,1.0,1.0,-738,0.0,411.38058879017274,0.18922946114348857,0-29
pos-224,0,40,10,T0.5_P0.95,0.5,0.95,3,3,1.011933957808426,1839.527241886161,0.9315924379984741,0.9315924379984741,-738,0.06840756200152584,383.2390456562847,0.17628473504780004,0-29
pos-224,0,40,10,T0.5_P1,0.5,1.0,3,3,1.011933957808426,1839.527241886161,0.9315924379984741,0.9315924379984741,-738,0.06840756200152584,383.2390456562847,0.17628473504780004,0-29
pos-224,0,40,10,T0.9_P0.5,0.9,0.5,3,1,-0.0,274.0,1.0,1.0,-738,0.0,274.0,0.0,0-29
pos-224,0,40,10,T0.9_P0.9,0.9,0.9,3,3,1.373823854698891,2575.057147983318,0.8458956160781403,0.8458956160781403,-738,0.15410438392185957,421.073557245731,0.26074126506931206,0-29
pos-224,0,40,10,T0.9_P0.95,0.9,0.95,3,3,1.373823854698891,2575.057147983318,0.8458956160781403,0.8458956160781403,-738,0.15410438392185957,421.073557245731,0.26074126506931206,0-29
pos-224,0,40,10,T0.9_P1,0.9,1.0,3,3,1.373823854698891,2575.057147983318,0.8458956160781403,0.8458956160781403,-738,0.15410438392185957,421.073557245731,0.26074126506931206,0-29
pos-224,0,40,10,T1_P0.5,1.0,0.5,3,1,-0.0,274.0,1.0,1.0,-738,0.0,274.0,0.0,0-29
pos-224,0,40,10,T1_P0.9,1.0,0.9,3,3,1.411615699584091,2661.3930677350268,0.8313130326057798,0.8313130326057798,-738,0.1686869673942203,424.3752147392087,0.27079262232124657,0-29
pos-224,0,40,10,T1_P0.95,1.0,0.95,3,3,1.411615699584091,2661.3930677350268,0.8313130326057798,0.8313130326057798,-738,0.1686869673942203,424.3752147392087,0.27079262232124657,0-29
pos-224,0,40,10,T1_P1,1.0,1.0,3,3,1.411615699584091,2661.3930677350268,0.8313130326057798,0.8313130326057798,-738,0.1686869673942203,424.3752147392087,0.27079262232124657,0-29
pos-225,1,24,10,argmax,0.0,0.0,32,1,-0.0,302.0,1.0,1.0,-76,0.0,302.0,0.0,1-29
pos-225,1,24,10,T0.5_P0.5,0.5,0.5,32,2,0.9721518442915869,209.92467048600258,0.5979243252663868,0.5979243252663868,-76,0.0,209.92467048600258,0.0,1-29
pos-225,1,24,10,T0.5_P0.9,0.5,0.9,32,4,1.8093313727276408,173.10918219269584,0.5762232545277672,0.44114717149106,-76,0.0,173.10918219269584,0.0,1-29
pos-225,1,24,10,T0.5_P0.95,0.5,0.95,32,4,1.8093313727276408,173.10918219269584,0.5762232545277672,0.44114717149106,-76,0.0,173.10918219269584,0.0,1-29
pos-225,1,24,10,T0.5_P1,0.5,1.0,32,32,2.0123521618712217,165.9004818289653,0.553526996925886,0.42139831341409295,-76,0.04188008411612032,165.9004818289653,0.0,1-29
pos-225,1,24,10,T0.9_P0.5,0.9,0.5,32,2,0.9912882995303902,200.07033371947105,0.5548922869845897,0.5548922869845897,-76,0.0,200.07033371947105,0.0,1-29
pos-225,1,24,10,T0.9_P0.9,0.9,0.9,32,5,2.199422043950928,139.00140489487677,0.489936718586671,0.3227230869662542,-76,0.08951780371659039,139.00140489487677,0.0,1-29
pos-225,1,24,10,T0.9_P0.95,0.9,0.95,32,5,2.199422043950928,139.00140489487677,0.489936718586671,0.3227230869662542,-76,0.08951780371659039,139.00140489487677,0.0,1-29
pos-225,1,24,10,T0.9_P1,0.9,1.0,32,32,2.3873026690304515,143.11470889572368,0.5056071020271782,0.32285763184779614,-76,0.08676759926136259,143.11470889572368,0.0,1-29
pos-225,1,24,10,T1_P0.5,1.0,0.5,32,2,0.992935407432578,198.82196506838085,0.549440895495113,0.549440895495113,-76,0.0,198.82196506838085,0.0,1-29
pos-225,1,24,10,T1_P0.9,1.0,0.9,32,5,2.220917842041601,135.42580112490396,0.48157883019038134,0.31002658247585346,-76,0.09776206758485384,135.42580112490396,0.0,1-29
pos-225,1,24,10,T1_P0.95,1.0,0.95,32,5,2.220917842041601,135.42580112490396,0.48157883019038134,0.31002658247585346,-76,0.09776206758485384,135.42580112490396,0.0,1-29
pos-225,1,24,10,T1_P1,1.0,1.0,32,32,2.472458874648475,142.3569328093453,0.5035279274370625,0.31349203318860086,-76,0.09362298289191086,142.3569328093453,0.0,1-29
pos-226,2,24,10,argmax,0.0,0.0,41,1,-0.0,46.0,0.0,0.0,-242,0.0,46.0,0.0,2-29
pos-226,2,24,10,T0.5_P0.5,0.5,0.5,41,1,-0.0,46.0,0.0,0.0,-242,0.0,46.0,0.0,2-29
pos-226,2,24,10,T0.5_P0.9,0.5,0.9,41,2,0.6166592569591288,41.41774701426054,0.0,0.0,-242,0.0,41.41774701426054,0.0,2-29
pos-226,2,24,10,T0.5_P0.95,0.5,0.95,41,2,0.6166592569591288,41.41774701426054,0.0,0.0,-242,0.0,41.41774701426054,0.0,2-29
pos-226,2,24,10,T0.5_P1,0.5,1.0,41,41,0.7849453622882879,40.94466786986276,0.00046494259820231427,0.0001604907676771396,-242,0.015526424775467758,40.94466786986276,0.0,2-29
pos-226,2,24,10,T0.9_P0.5,0.9,0.5,41,1,-0.0,46.0,0.0,0.0,-242,0.0,46.0,0.0,2-29
pos-226,2,24,10,T0.9_P0.9,0.9,0.9,41,3,1.1692010060811473,34.88222106077094,0.0,0.0,-242,0.073374753804363,34.88222106077094,0.0,2-29
pos-226,2,24,10,T0.9_P0.95,0.9,0.95,41,4,1.3520566804253908,35.72292236580824,0.0,0.0,-242,0.0707064070119537,35.72292236580824,0.0,2-29
pos-226,2,24,10,T0.9_P1,0.9,1.0,41,41,1.716304702555624,39.13964413102447,0.01661646759518323,0.005775033113642204,-242,0.06732754024686324,39.13964413102447,0.0,2-29
pos-226,2,24,10,T1_P0.5,1.0,0.5,41,1,-0.0,46.0,0.0,0.0,-242,0.0,46.0,0.0,2-29
pos-226,2,24,10,T1_P0.9,1.0,0.9,41,4,1.4429463357878913,34.921944096611796,0.0,0.0,-242,0.08363728855970165,34.921944096611796,0.0,2-29
pos-226,2,24,10,T1_P0.95,1.0,0.95,41,6,1.62952202463425,36.18521325622239,0.010361876250911128,0.0,-242,0.0809742476799448,36.18521325622239,0.0,2-29
pos-226,2,24,10,T1_P1,1.0,1.0,41,41,1.9512721408565559,40.27787516714009,0.02582341906847141,0.00896875140471042,-242,0.07765379159315083,40.27787516714009,0.0,2-29
black-pos-000,0,25,10,argmax,0.0,0.0,32,1,-0.0,63.0,0.0,0.0,113,0.0,63.0,0.0,0-0
black-pos-000,0,25,10,T0.5_P0.5,0.5,0.5,32,1,-0.0,63.0,0.0,0.0,113,0.0,63.0,0.0,0-0
black-pos-000,0,25,10,T0.5_P0.9,0.5,0.9,32,2,0.9995826351812325,32.25766156972004,0.0,0.0,113,0.4879736258774596,32.25766156972004,0.0,0-0
black-pos-000,0,25,10,T0.5_P0.95,0.5,0.95,32,2,0.9995826351812325,32.25766156972004,0.0,0.0,113,0.4879736258774596,32.25766156972004,0.0,0-0
black-pos-000,0,25,10,T0.5_P1,0.5,1.0,32,32,0.9996061648417279,32.258178238602575,1.0150698162665547e-06,1.0150698162665547e-06,113,0.48797313055016084,32.258178238602575,0.0,0-0
black-pos-000,0,25,10,T0.9_P0.5,0.9,0.5,32,1,-0.0,63.0,0.0,0.0,113,0.0,63.0,0.0,0-0
black-pos-000,0,25,10,T0.9_P0.9,0.9,0.9,32,2,0.9998711579275634,31.920979229282565,0.0,0.0,113,0.49331779001138776,31.920979229282565,0.0,0-0
black-pos-000,0,25,10,T0.9_P0.95,0.9,0.95,32,2,0.9998711579275634,31.920979229282565,0.0,0.0,113,0.49331779001138776,31.920979229282565,0.0,0-0
black-pos-000,0,25,10,T0.9_P1,0.9,1.0,32,32,1.013444801171675,32.4461339609067,0.0009571273384988427,0.0009571273384988427,113,0.49284562206800003,32.4461339609067,0.0,0-0
black-pos-000,0,25,10,T1_P0.5,1.0,0.5,32,1,-0.0,63.0,0.0,0.0,113,0.0,63.0,0.0,0-0
black-pos-000,0,25,10,T1_P0.9,1.0,0.9,32,2,0.9998956361504239,31.878885592403638,0.0,0.0,113,0.4939859429777199,31.878885592403638,0.0,0-0
black-pos-000,0,25,10,T1_P0.95,1.0,0.95,32,2,0.9998956361504239,31.878885592403638,0.0,0.0,113,0.4939859429777199,31.878885592403638,0.0,0-0
black-pos-000,0,25,10,T1_P1,1.0,1.0,32,32,1.0301821108753444,33.16409370924614,0.002322590748958151,0.002322590748958151,113,0.49283861579644456,33.16409370924614,0.0,0-0
black-pos-000,0,25,14,argmax,0.0,0.0,32,1,-0.0,69.0,0.0,0.0,115,0.0,69.0,0.0,0-0
black-pos-000,0,25,14,T0.5_P0.5,0.5,0.5,32,1,-0.0,69.0,0.0,0.0,115,0.0,69.0,0.0,0-0
black-pos-000,0,25,14,T0.5_P0.9,0.5,0.9,32,2,0.9995826351812325,35.329819814455284,0.0,0.0,115,0.4879736258774596,35.329819814455284,0.0,0-0
black-pos-000,0,25,14,T0.5_P0.95,0.5,0.95,32,2,0.9995826351812325,35.329819814455284,0.0,0.0,115,0.4879736258774596,35.329819814455284,0.0,0-0
black-pos-000,0,25,14,T0.5_P1,0.5,1.0,32,32,0.9996061648417279,35.330394807901286,1.0150698162665547e-06,1.0150698162665547e-06,115,0.48797313055016084,35.330394807901286,0.0,0-0
black-pos-000,0,25,14,T0.9_P0.5,0.9,0.5,32,1,-0.0,69.0,0.0,0.0,115,0.0,69.0,0.0,0-0
black-pos-000,0,25,14,T0.9_P0.9,0.9,0.9,32,2,0.9998711579275634,34.96107248921424,0.0,0.0,115,0.49331779001138776,34.96107248921424,0.0,0-0
black-pos-000,0,25,14,T0.9_P0.95,0.9,0.95,32,2,0.9998711579275634,34.96107248921424,0.0,0.0,115,0.49331779001138776,34.96107248921424,0.0,0-0
black-pos-000,0,25,14,T0.9_P1,0.9,1.0,32,32,1.013444801171675,35.5281917520062,0.0009571273384988427,0.0009571273384988427,115,0.49284562206800003,35.5281917520062,0.0,0-0
black-pos-000,0,25,14,T1_P0.5,1.0,0.5,32,1,-0.0,69.0,0.0,0.0,115,0.0,69.0,0.0,0-0
black-pos-000,0,25,14,T1_P0.9,1.0,0.9,32,2,0.9998956361504239,34.91496993453732,0.0,0.0,115,0.4939859429777199,34.91496993453732,0.0,0-0
black-pos-000,0,25,14,T1_P0.95,1.0,0.95,32,2,0.9998956361504239,34.91496993453732,0.0,0.0,115,0.4939859429777199,34.91496993453732,0.0,0-0
black-pos-000,0,25,14,T1_P1,1.0,1.0,32,32,1.0301821108753444,36.2972927705459,0.002322590748958151,0.002322590748958151,115,0.49283861579644456,36.2972927705459,0.0,0-0
black-pos-001,0,41,10,argmax,0.0,0.0,47,1,-0.0,49.0,0.0,0.0,121,0.0,49.0,0.0,0-0
black-pos-001,0,41,10,T0.5_P0.5,0.5,0.5,47,1,-0.0,49.0,0.0,0.0,121,0.0,49.0,0.0,0-0
black-pos-001,0,41,10,T0.5_P0.9,0.5,0.9,47,1,-0.0,49.0,0.0,0.0,121,0.0,49.0,0.0,0-0
black-pos-001,0,41,10,T0.5_P0.95,0.5,0.95,47,1,-0.0,49.0,0.0,0.0,121,0.0,49.0,0.0,0-0
black-pos-001,0,41,10,T0.5_P1,0.5,1.0,47,47,0.3455125017752023,51.02279008996225,0.024299792587979388,0.000210754511617867,121,0.008413658339576836,51.02279008996225,0.0,0-0
black-pos-001,0,41,10,T0.9_P0.5,0.9,0.5,47,1,-0.0,49.0,0.0,0.0,121,0.0,49.0,0.0,0-0
black-pos-001,0,41,10,T0.9_P0.9,0.9,0.9,47,6,1.281281398353024,55.204703003291044,0.09177499956493461,0.0,121,0.05519653164935371,55.204703003291044,0.0,0-0
black-pos-001,0,41,10,T0.9_P0.95,0.9,0.95,47,9,1.564829513410054,58.582765822987184,0.13422462103307628,0.0,121,0.05261669529410367,58.582765822987184,0.0,0-0
black-pos-001,0,41,10,T0.9_P1,0.9,1.0,47,47,1.954168961217538,64.12770293187968,0.15083218242144747,0.015242970372502617,121,0.050128326130476485,64.12770293187968,0.0,0-0
black-pos-001,0,41,10,T1_P0.5,1.0,0.5,47,1,-0.0,49.0,0.0,0.0,121,0.0,49.0,0.0,0-0
black-pos-001,0,41,10,T1_P0.9,1.0,0.9,47,8,1.7338526241958074,59.746215570592234,0.14926347858081762,0.0,121,0.06375351768550687,59.746215570592234,0.0,0-0
black-pos-001,0,41,10,T1_P0.95,1.0,0.95,47,12,2.0022721803627475,59.873783484027626,0.15722338517078638,0.0,121,0.060951505144048373,59.873783484027626,0.0,0-0
black-pos-001,0,41,10,T1_P1,1.0,1.0,47,47,2.3672141335022183,69.5288555496941,0.18821548916032493,0.02485863178315046,121,0.05820286206435412,69.5288555496941,0.0,0-0
black-pos-001,0,41,14,argmax,0.0,0.0,47,1,-0.0,38.0,0.0,0.0,98,0.0,38.0,0.0,0-0
black-pos-001,0,41,14,T0.5_P0.5,0.5,0.5,47,1,-0.0,38.0,0.0,0.0,98,0.0,38.0,0.0,0-0
black-pos-001,0,41,14,T0.5_P0.9,0.5,0.9,47,1,-0.0,38.0,0.0,0.0,98,0.0,38.0,0.0,0-0
black-pos-001,0,41,14,T0.5_P0.95,0.5,0.95,47,1,-0.0,38.0,0.0,0.0,98,0.0,38.0,0.0,0-0
black-pos-001,0,41,14,T0.5_P1,0.5,1.0,47,47,0.3455125017752023,39.68567487128271,0.022084552280363292,0.00021520455837180518,98,0.008413658339576836,39.68567487128271,0.0,0-0
black-pos-001,0,41,14,T0.9_P0.5,0.9,0.5,47,1,-0.0,38.0,0.0,0.0,98,0.0,38.0,0.0,0-0
black-pos-001,0,41,14,T0.9_P0.9,0.9,0.9,47,6,1.281281398353024,43.217591674827226,0.09177499956493461,0.0,98,0.05519653164935371,43.217591674827226,0.0,0-0
black-pos-001,0,41,14,T0.9_P0.95,0.9,0.95,47,9,1.564829513410054,45.93145189487231,0.10157204461067636,0.0,98,0.05261669529410367,45.93145189487231,0.0,0-0
black-pos-001,0,41,14,T0.9_P1,0.9,1.0,47,47,1.954168961217538,51.21013271415508,0.12024397795847895,0.01598483390885519,98,0.050128326130476485,51.21013271415508,0.0,0-0
black-pos-001,0,41,14,T1_P0.5,1.0,0.5,47,1,-0.0,38.0,0.0,0.0,98,0.0,38.0,0.0,0-0
black-pos-001,0,41,14,T1_P0.9,1.0,0.9,47,8,1.7338526241958074,46.73381867419917,0.12022004650890762,0.0,98,0.06375351768550687,46.73381867419917,0.0,0-0
black-pos-001,0,41,14,T1_P0.95,1.0,0.95,47,12,2.0022721803627475,46.98501806891959,0.11493628978015127,0.0,98,0.060951505144048373,46.98501806891959,0.0,0-0
black-pos-001,0,41,14,T1_P1,1.0,1.0,47,47,2.3672141335022183,56.19095148047121,0.14862022228026006,0.02615470362279621,98,0.05820286206435412,56.19095148047121,0.0,0-0
black-pos-002,0,61,10,argmax,0.0,0.0,4,1,-0.0,72.0,0.0,0.0,92,0.0,72.0,0.0,0-1
black-pos-002,0,61,10,T0.5_P0.5,0.5,0.5,4,1,-0.0,72.0,0.0,0.0,92,0.0,72.0,0.0,0-1
black-pos-002,0,61,10,T0.5_P0.9,0.5,0.9,4,2,0.9125376563085967,48.407095734183315,0.0,0.0,92,0.3276792259141205,48.407095734183315,0.0,0-1
black-pos-002,0,61,10,T0.5_P0.95,0.5,0.95,4,2,0.9125376563085967,48.407095734183315,0.0,0.0,92,0.3276792259141205,48.407095734183315,0.0,0-1
black-pos-002,0,61,10,T0.5_P1,0.5,1.0,4,4,0.9125597574140304,48.40769568388602,1.0811003492954847e-06,1.0811003492954847e-06,92,0.327678871659995,48.40769568388602,0.0,0-1
black-pos-002,0,61,10,T0.9_P0.5,0.9,0.5,4,1,-0.0,72.0,0.0,0.0,92,0.0,72.0,0.0,0-1
black-pos-002,0,61,10,T0.9_P0.9,0.9,0.9,4,2,0.9718131103862557,43.093021009932514,0.0,0.0,92,0.4014858193064928,43.093021009932514,0.0,0-1
black-pos-002,0,61,10,T0.9_P0.95,0.9,0.95,4,2,0.9718131103862557,43.093021009932514,0.0,0.0,92,0.4014858193064928,43.093021009932514,0.0,0-1
black-pos-002,0,61,10,T0.9_P1,0.9,1.0,4,4,0.9765708458879233,43.31018345144222,0.0003901487462104386,0.0003901487462104386,92,0.40132918011746915,43.31018345144222,0.0,0-1
black-pos-002,0,61,10,T1_P0.5,1.0,0.5,4,1,-0.0,72.0,0.0,0.0,92,0.0,72.0,0.0,0-1
black-pos-002,0,61,10,T1_P0.9,1.0,0.9,4,2,0.9770832096151303,42.39958520073077,0.0,0.0,92,0.4111168722120726,42.39958520073077,0.0,0-1
black-pos-002,0,61,10,T1_P0.95,1.0,0.95,4,2,0.9770832096151303,42.39958520073077,0.0,0.0,92,0.4111168722120726,42.39958520073077,0.0,0-1
black-pos-002,0,61,10,T1_P1,1.0,1.0,4,4,0.9862877594439701,42.857617806578624,0.0008234516315112261,0.0008234516315112261,92,0.41077833735290775,42.857617806578624,0.0,0-1
black-pos-002,0,61,14,argmax,0.0,0.0,4,1,-0.0,154.0,1.0,0.0,160,0.0,154.0,0.0,0-1
black-pos-002,0,61,14,T0.5_P0.5,0.5,0.5,4,1,-0.0,154.0,1.0,0.0,160,0.0,154.0,0.0,0-1
black-pos-002,0,61,14,T0.5_P0.9,0.5,0.9,4,2,0.9125376563085967,103.53739920922543,0.6723207740858794,0.0,160,0.3276792259141205,103.53739920922543,0.0,0-1
black-pos-002,0,61,14,T0.5_P0.95,0.5,0.95,4,2,0.9125376563085967,103.53739920922543,0.6723207740858794,0.0,160,0.3276792259141205,103.53739920922543,0.0,0-1
black-pos-002,0,61,14,T0.5_P1,0.5,1.0,4,4,0.9125597574140304,103.53803825179158,0.6723211283400051,1.0811003492954847e-06,160,0.327678871659995,103.53803825179158,0.0,0-1
black-pos-002,0,61,14,T0.9_P0.5,0.9,0.5,4,1,-0.0,154.0,1.0,0.0,160,0.0,154.0,0.0,0-1
black-pos-002,0,61,14,T0.9_P0.9,0.9,0.9,4,2,0.9718131103862557,92.1711838268001,0.5985141806935071,0.0,160,0.4014858193064928,92.1711838268001,0.0,0-1
black-pos-002,0,61,14,T0.9_P0.95,0.9,0.95,4,2,0.9718131103862557,92.1711838268001,0.5985141806935071,0.0,160,0.4014858193064928,92.1711838268001,0.0,0-1
black-pos-002,0,61,14,T0.9_P1,0.9,1.0,4,4,0.9765708458879233,92.4032623901616,0.5986708198825309,0.0003901487462104386,160,0.40132918011746915,92.4032623901616,0.0,0-1
black-pos-002,0,61,14,T1_P0.5,1.0,0.5,4,1,-0.0,154.0,1.0,0.0,160,0.0,154.0,0.0,0-1
black-pos-002,0,61,14,T1_P0.9,1.0,0.9,4,2,0.9770832096151303,90.68800167934081,0.5888831277879274,0.0,160,0.4111168722120726,90.68800167934081,0.0,0-1
black-pos-002,0,61,14,T1_P0.95,1.0,0.95,4,2,0.9770832096151303,90.68800167934081,0.5888831277879274,0.0,160,0.4111168722120726,90.68800167934081,0.0,0-1
black-pos-002,0,61,14,T1_P1,1.0,1.0,4,4,0.9862877594439701,91.17720139798153,0.5892216626470922,0.0008234516315112261,160,0.41077833735290775,91.17720139798153,0.0,0-1
black-pos-003,1,25,10,argmax,0.0,0.0,41,1,-0.0,13.0,0.0,0.0,-72,0.0,13.0,0.0,1-0
black-pos-003,1,25,10,T0.5_P0.5,0.5,0.5,41,1,-0.0,13.0,0.0,0.0,-72,0.0,13.0,0.0,1-0
black-pos-003,1,25,10,T0.5_P0.9,0.5,0.9,41,2,0.5943647405391641,11.129286815727324,0.0,0.0,-72,0.14390101417482118,11.129286815727324,0.0,1-0
black-pos-003,1,25,10,T0.5_P0.95,0.5,0.95,41,2,0.5943647405391641,11.129286815727324,0.0,0.0,-72,0.14390101417482118,11.129286815727324,0.0,1-0
black-pos-003,1,25,10,T0.5_P1,0.5,1.0,41,41,0.7729580482824954,20.405273660085886,0.01945287695399017,0.019449316474510033,-72,0.1403226224836688,20.405273660085886,0.0,1-0
black-pos-003,1,25,10,T0.9_P0.5,0.9,0.5,41,1,-0.0,13.0,0.0,0.0,-72,0.0,13.0,0.0,1-0
black-pos-003,1,25,10,T0.9_P0.9,0.9,0.9,41,3,1.1805783492250168,47.366468473387116,0.08121092993953148,0.08121092993953148,-72,0.2487840068166124,47.366468473387116,0.0,1-0
black-pos-003,1,25,10,T0.9_P0.95,0.9,0.95,41,4,1.371071240935141,47.62295883024,0.07807084983031987,0.07807084983031987,-72,0.23916459090946188,47.62295883024,0.0,1-0
black-pos-003,1,25,10,T0.9_P1,0.9,1.0,41,41,1.6123402258565869,58.04871338682636,0.10067495506075622,0.10002566853933675,-72,0.23203749494411932,58.04871338682636,0.0,1-0
black-pos-003,1,25,10,T1_P0.5,1.0,0.5,41,1,-0.0,13.0,0.0,0.0,-72,0.0,13.0,0.0,1-0
black-pos-003,1,25,10,T1_P0.9,1.0,0.9,41,3,1.2423476492016052,54.018228734239955,0.09597300501118501,0.09597300501118501,-72,0.2628671219952846,54.018228734239955,0.0,1-0
black-pos-003,1,25,10,T1_P0.95,1.0,0.95,41,4,1.4621394080160002,54.01734431176898,0.09131658284151463,0.09131658284151463,-72,0.25011332425399646,54.01734431176898,0.0,1-0
black-pos-003,1,25,10,T1_P1,1.0,1.0,41,41,1.813977912870423,70.09670694682998,0.12626229596451596,0.1250610842140761,-72,0.23846748673817822,70.09670694682998,0.0,1-0
black-pos-003,1,25,14,argmax,0.0,0.0,41,1,-0.0,0.0,0.0,0.0,-88,1.0,0.0,0.0,1-0
black-pos-003,1,25,14,T0.5_P0.5,0.5,0.5,41,1,-0.0,0.0,0.0,0.0,-88,1.0,0.0,0.0,1-0
black-pos-003,1,25,14,T0.5_P0.9,0.5,0.9,41,2,0.5943647405391641,3.5975253543705294,0.0,0.0,-88,0.8560989858251788,3.5975253543705294,0.0,1-0
black-pos-003,1,25,14,T0.5_P0.95,0.5,0.95,41,2,0.5943647405391641,3.5975253543705294,0.0,0.0,-88,0.8560989858251788,3.5975253543705294,0.0,1-0
black-pos-003,1,25,14,T0.5_P1,0.5,1.0,41,41,0.7729580482824954,12.563842054795177,0.01945287695399017,0.01937729105046884,-88,0.8348103415772719,12.563842054795177,0.0,1-0
black-pos-003,1,25,14,T0.9_P0.5,0.9,0.5,41,1,-0.0,0.0,0.0,0.0,-88,1.0,0.0,0.0,1-0
black-pos-003,1,25,14,T0.9_P0.9,0.9,0.9,41,3,1.1805783492250168,42.602096783325415,0.08121092993953148,0.08121092993953148,-88,0.6700050632438561,42.602096783325415,0.0,1-0
black-pos-003,1,25,14,T0.9_P0.95,0.9,0.95,41,4,1.371071240935141,43.58412532019531,0.07807084983031987,0.07807084983031987,-88,0.6440988265620496,43.58412532019531,0.0,1-0
black-pos-003,1,25,14,T0.9_P1,0.9,1.0,41,41,1.6123402258565869,52.658512879613475,0.10067495506075622,0.09657439523468832,-88,0.6249047053478015,52.658512879613475,0.0,1-0
black-pos-003,1,25,14,T1_P0.5,1.0,0.5,41,1,-0.0,0.0,0.0,0.0,-88,1.0,0.0,0.0,1-0
black-pos-003,1,25,14,T1_P0.9,1.0,0.9,41,3,1.2423476492016052,49.567584294893,0.09597300501118501,0.09597300501118501,-88,0.6411598729935304,49.567584294893,0.0,1-0
black-pos-003,1,25,14,T1_P0.95,1.0,0.95,41,4,1.4621394080160002,50.46188899150887,0.09131658284151463,0.09131658284151463,-88,0.6100520521374242,50.46188899150887,0.0,1-0
black-pos-003,1,25,14,T1_P1,1.0,1.0,41,41,1.813977912870423,64.42297327141081,0.12626229596451596,0.11965841671505449,-88,0.5816466599154207,64.42297327141081,0.0,1-0
black-pos-004,1,41,10,argmax,0.0,0.0,1,1,-0.0,0.0,0.0,0.0,-1033,1.0,0.0,0.0,1-0
black-pos-004,1,41,10,T0.5_P0.5,0.5,0.5,1,1,-0.0,0.0,0.0,0.0,-1033,1.0,0.0,0.0,1-0
black-pos-004,1,41,10,T0.5_P0.9,0.5,0.9,1,1,-0.0,0.0,0.0,0.0,-1033,1.0,0.0,0.0,1-0
black-pos-004,1,41,10,T0.5_P0.95,0.5,0.95,1,1,-0.0,0.0,0.0,0.0,-1033,1.0,0.0,0.0,1-0
black-pos-004,1,41,10,T0.5_P1,0.5,1.0,1,1,-0.0,0.0,0.0,0.0,-1033,1.0,0.0,0.0,1-0
black-pos-004,1,41,10,T0.9_P0.5,0.9,0.5,1,1,-0.0,0.0,0.0,0.0,-1033,1.0,0.0,0.0,1-0
black-pos-004,1,41,10,T0.9_P0.9,0.9,0.9,1,1,-0.0,0.0,0.0,0.0,-1033,1.0,0.0,0.0,1-0
black-pos-004,1,41,10,T0.9_P0.95,0.9,0.95,1,1,-0.0,0.0,0.0,0.0,-1033,1.0,0.0,0.0,1-0
black-pos-004,1,41,10,T0.9_P1,0.9,1.0,1,1,-0.0,0.0,0.0,0.0,-1033,1.0,0.0,0.0,1-0
black-pos-004,1,41,10,T1_P0.5,1.0,0.5,1,1,-0.0,0.0,0.0,0.0,-1033,1.0,0.0,0.0,1-0
black-pos-004,1,41,10,T1_P0.9,1.0,0.9,1,1,-0.0,0.0,0.0,0.0,-1033,1.0,0.0,0.0,1-0
black-pos-004,1,41,10,T1_P0.95,1.0,0.95,1,1,-0.0,0.0,0.0,0.0,-1033,1.0,0.0,0.0,1-0
black-pos-004,1,41,10,T1_P1,1.0,1.0,1,1,-0.0,0.0,0.0,0.0,-1033,1.0,0.0,0.0,1-0
black-pos-004,1,41,14,argmax,0.0,0.0,1,1,-0.0,0.0,0.0,0.0,-9988,1.0,0.0,1.0,1-0
black-pos-004,1,41,14,T0.5_P0.5,0.5,0.5,1,1,-0.0,0.0,0.0,0.0,-9988,1.0,0.0,1.0,1-0
black-pos-004,1,41,14,T0.5_P0.9,0.5,0.9,1,1,-0.0,0.0,0.0,0.0,-9988,1.0,0.0,1.0,1-0
black-pos-004,1,41,14,T0.5_P0.95,0.5,0.95,1,1,-0.0,0.0,0.0,0.0,-9988,1.0,0.0,1.0,1-0
black-pos-004,1,41,14,T0.5_P1,0.5,1.0,1,1,-0.0,0.0,0.0,0.0,-9988,1.0,0.0,1.0,1-0
black-pos-004,1,41,14,T0.9_P0.5,0.9,0.5,1,1,-0.0,0.0,0.0,0.0,-9988,1.0,0.0,1.0,1-0
black-pos-004,1,41,14,T0.9_P0.9,0.9,0.9,1,1,-0.0,0.0,0.0,0.0,-9988,1.0,0.0,1.0,1-0
black-pos-004,1,41,14,T0.9_P0.95,0.9,0.95,1,1,-0.0,0.0,0.0,0.0,-9988,1.0,0.0,1.0,1-0
black-pos-004,1,41,14,T0.9_P1,0.9,1.0,1,1,-0.0,0.0,0.0,0.0,-9988,1.0,0.0,1.0,1-0
black-pos-004,1,41,14,T1_P0.5,1.0,0.5,1,1,-0.0,0.0,0.0,0.0,-9988,1.0,0.0,1.0,1-0
black-pos-004,1,41,14,T1_P0.9,1.0,0.9,1,1,-0.0,0.0,0.0,0.0,-9988,1.0,0.0,1.0,1-0
black-pos-004,1,41,14,T1_P0.95,1.0,0.95,1,1,-0.0,0.0,0.0,0.0,-9988,1.0,0.0,1.0,1-0
black-pos-004,1,41,14,T1_P1,1.0,1.0,1,1,-0.0,0.0,0.0,0.0,-9988,1.0,0.0,1.0,1-0
black-pos-005,1,61,10,argmax,0.0,0.0,38,1,-0.0,33.0,0.0,0.0,220,0.0,33.0,0.0,1-3
black-pos-005,1,61,10,T0.5_P0.5,0.5,0.5,38,1,-0.0,33.0,0.0,0.0,220,0.0,33.0,0.0,1-3
black-pos-005,1,61,10,T0.5_P0.9,0.5,0.9,38,2,0.9146007883433861,22.120505456804608,0.0,0.0,220,0.3296816528241028,22.120505456804608,0.0,1-3
black-pos-005,1,61,10,T0.5_P0.95,0.5,0.95,38,3,1.1745126629578895,24.518666961261943,0.0,0.0,220,0.31124323938310067,24.518666961261943,0.0,1-3
black-pos-005,1,61,10,T0.5_P1,0.5,1.0,38,38,1.241446640711116,25.634636598845123,0.008503887103186447,0.0015128743784171585,220,0.30859476135079905,25.634636598845123,0.0,1-3
black-pos-005,1,61,10,T0.9_P0.5,0.9,0.5,38,2,0.972506920028336,19.710968381109492,0.0,0.0,220,0.40269792784516695,19.710968381109492,0.0,1-3
black-pos-005,1,61,10,T0.9_P0.9,0.9,0.9,38,3,1.4110685452580465,25.794742280526428,0.0,0.0,220,0.3486026413000728,25.794742280526428,0.0,1-3
black-pos-005,1,61,10,T0.9_P0.95,0.9,0.95,38,4,1.5993801416265176,30.003382795241755,0.04077932275654988,0.0,220,0.33438686167671133,30.003382795241755,0.0,1-3
black-pos-005,1,61,10,T0.9_P1,0.9,1.0,38,38,1.75978458166339,36.41743456846991,0.06193287524554241,0.021990724371846578,220,0.326751689361903,36.41743456846991,0.0,1-3
black-pos-005,1,61,10,T1_P0.5,1.0,0.5,38,2,0.9776493639003196,19.396876576823725,0.0,0.0,220,0.41221586130837207,19.396876576823725,0.0,1-3
black-pos-005,1,61,10,T1_P0.9,1.0,0.9,38,3,1.4389225254692057,26.180198530461425,0.0,0.0,220,0.3509000414312256,26.180198530461425,0.0,1-3
black-pos-005,1,61,10,T1_P0.95,1.0,0.95,38,4,1.653837196623156,31.33818201480458,0.050165273717935145,0.0,220,0.3332970448051934,31.33818201480458,0.0,1-3
black-pos-005,1,61,10,T1_P1,1.0,1.0,38,38,1.8829825910976659,40.977760004157645,0.08074964563999998,0.032061936164292856,220,0.3220894061539658,40.977760004157645,0.0,1-3
black-pos-005,1,61,14,argmax,0.0,0.0,38,1,-0.0,21.0,0.0,0.0,208,0.0,21.0,0.0,1-3
black-pos-005,1,61,14,T0.5_P0.5,0.5,0.5,38,1,-0.0,21.0,0.0,0.0,208,0.0,21.0,0.0,1-3
black-pos-005,1,61,14,T0.5_P0.9,0.5,0.9,38,2,0.9146007883433861,14.076685290693842,0.0,0.0,208,0.3296816528241028,14.076685290693842,0.0,1-3
black-pos-005,1,61,14,T0.5_P0.95,0.5,0.95,38,3,1.1745126629578895,15.862090301786342,0.0,0.0,208,0.31124323938310067,15.862090301786342,0.0,1-3
black-pos-005,1,61,14,T0.5_P1,0.5,1.0,38,38,1.241446640711116,16.707282739460183,0.0015130047149552227,0.0015130047149552227,208,0.30859476135079905,16.707282739460183,0.0,1-3
black-pos-005,1,61,14,T0.9_P0.5,0.9,0.5,38,2,0.972506920028336,12.543343515251495,0.0,0.0,208,0.40269792784516695,12.543343515251495,0.0,1-3
black-pos-005,1,61,14,T0.9_P0.9,0.9,0.9,38,3,1.4110685452580465,17.037648785377243,0.0,0.0,208,0.3486026413000728,17.037648785377243,0.0,1-3
black-pos-005,1,61,14,T0.9_P0.95,0.9,0.95,38,4,1.5993801416265176,19.645990149826147,0.0,0.0,208,0.33438686167671133,19.645990149826147,0.0,1-3
black-pos-005,1,61,14,T0.9_P1,0.9,1.0,38,38,1.75978458166339,26.182077284944913,0.022084681046395205,0.022084681046395205,208,0.326751689361903,26.182077284944913,0.0,1-3
black-pos-005,1,61,14,T1_P0.5,1.0,0.5,38,2,0.9776493639003196,12.343466912524189,0.0,0.0,208,0.41221586130837207,12.343466912524189,0.0,1-3
black-pos-005,1,61,14,T1_P0.9,1.0,0.9,38,3,1.4389225254692057,17.349770925016035,0.0,0.0,208,0.3509000414312256,17.349770925016035,0.0,1-3
black-pos-005,1,61,14,T1_P0.95,1.0,0.95,38,4,1.653837196623156,20.542802088771882,0.0,0.0,208,0.3332970448051934,20.542802088771882,0.0,1-3
black-pos-005,1,61,14,T1_P1,1.0,1.0,38,38,1.8829825910976659,30.387810510115504,0.03227125834795307,0.03227125834795307,208,0.3220894061539658,30.387810510115504,0.0,1-3
black-pos-006,2,25,10,argmax,0.0,0.0,27,1,-0.0,1.0,0.0,0.0,-31,0.0,1.0,0.0,2-0
black-pos-006,2,25,10,T0.5_P0.5,0.5,0.5,27,1,-0.0,1.0,0.0,0.0,-31,0.0,1.0,0.0,2-0
black-pos-006,2,25,10,T0.5_P0.9,0.5,0.9,27,2,0.47427119135323176,0.8983287063798501,0.0,0.0,-31,0.10167129362015,0.8983287063798501,0.0,2-0
black-pos-006,2,25,10,T0.5_P0.95,0.5,0.95,27,3,0.7463558808043311,4.264716603323865,0.0,0.0,-31,0.09633188506180279,4.264716603323865,0.0,2-0
black-pos-006,2,25,10,T0.5_P1,0.5,1.0,27,27,0.9008968021658339,5.493960229939282,0.00013280263151205902,0.00010218233520082014,-31,0.09444349076359426,5.493960229939282,0.0,2-0
black-pos-006,2,25,10,T0.9_P0.5,0.9,0.5,27,1,-0.0,1.0,0.0,0.0,-31,0.0,1.0,0.0,2-0
black-pos-006,2,25,10,T0.9_P0.9,0.9,0.9,27,4,1.4938214217503454,12.431953540438418,0.0,0.0,-31,0.18634724267506644,12.431953540438418,0.0,2-0
black-pos-006,2,25,10,T0.9_P0.95,0.9,0.95,27,5,1.6720207582465354,14.577319088419113,0.0,0.0,-31,0.17915276707500702,14.577319088419113,0.0,2-0
black-pos-006,2,25,10,T0.9_P1,0.9,1.0,27,27,1.9465915243112657,18.849427390120262,0.00819154656297337,0.004161524538825493,-31,0.17178432515052708,18.849427390120262,0.0,2-0
black-pos-006,2,25,10,T1_P0.5,1.0,0.5,27,1,-0.0,1.0,0.0,0.0,-31,0.0,1.0,0.0,2-0
black-pos-006,2,25,10,T1_P0.9,1.0,0.9,27,5,1.7788997074182835,16.45794552713832,0.0,0.0,-31,0.18875369438261616,16.45794552713832,0.0,2-0
black-pos-006,2,25,10,T1_P0.95,1.0,0.95,27,6,1.9223274885856272,18.81136749927783,0.0,0.0,-31,0.1829501254198827,18.81136749927783,0.0,2-0
black-pos-006,2,25,10,T1_P1,1.0,1.0,27,27,2.148175264451181,22.611646787151393,0.013768290415272746,0.006458352087043827,-31,0.17775069964948703,22.611646787151393,0.0,2-0
black-pos-006,2,25,14,argmax,0.0,0.0,27,1,-0.0,0.0,0.0,0.0,-39,1.0,0.0,0.0,2-0
black-pos-006,2,25,14,T0.5_P0.5,0.5,0.5,27,1,-0.0,0.0,0.0,0.0,-39,1.0,0.0,0.0,2-0
black-pos-006,2,25,14,T0.5_P0.9,0.5,0.9,27,2,0.47427119135323176,0.2033425872403,0.0,0.0,-39,0.8983287063798501,0.2033425872403,0.0,2-0
black-pos-006,2,25,14,T0.5_P0.95,0.5,0.95,27,3,0.7463558808043311,2.976032049567986,0.0,0.0,-39,0.8511517323071711,2.976032049567986,0.0,2-0
black-pos-006,2,25,14,T0.5_P1,0.5,1.0,27,27,0.9008968021658339,3.857424587106408,0.0001210725782820061,0.00010218233520082014,-39,0.8344666017590875,3.857424587106408,0.0,2-0
black-pos-006,2,25,14,T0.9_P0.5,0.9,0.5,27,1,-0.0,0.0,0.0,0.0,-39,1.0,0.0,0.0,2-0
black-pos-006,2,25,14,T0.9_P0.9,0.9,0.9,27,4,1.4938214217503454,9.086335520424132,0.0,0.0,-39,0.6251873091083133,9.086335520424132,0.0,2-0
black-pos-006,2,25,14,T0.9_P0.95,0.9,0.95,27,5,1.6720207582465354,11.090613056525047,0.0,0.0,-39,0.6010501403674291,11.090613056525047,0.0,2-0
black-pos-006,2,25,14,T0.9_P1,0.9,1.0,27,27,1.9465915243112657,15.020611386268609,0.007029951874205913,0.004161524538825493,-39,0.5763293217872524,15.020611386268609,0.0,2-0
black-pos-006,2,25,14,T1_P0.5,1.0,0.5,27,1,-0.0,0.0,0.0,0.0,-39,1.0,0.0,0.0,2-0
black-pos-006,2,25,14,T1_P0.9,1.0,0.9,27,5,1.7788997074182835,12.558502756622886,0.0,0.0,-39,0.5610659653459066,12.558502756622886,0.0,2-0
black-pos-006,2,25,14,T1_P0.95,1.0,0.95,27,6,1.9223274885856272,14.539871516249036,0.0,0.0,-39,0.5438149916196541,14.539871516249036,0.0,2-0
black-pos-006,2,25,14,T1_P1,1.0,1.0,27,27,2.148175264451181,18.276766185920838,0.011787332291664957,0.006458352087043827,-39,0.528359819477709,18.276766185920838,0.0,2-0
black-pos-007,2,41,10,argmax,0.0,0.0,45,1,-0.0,22.0,0.0,0.0,-251,0.0,22.0,0.0,2-1
black-pos-007,2,41,10,T0.5_P0.5,0.5,0.5,45,2,0.9498858194225375,41.555948944925646,0.0,0.0,-251,0.0,41.555948944925646,0.0,2-1
black-pos-007,2,41,10,T0.5_P0.9,0.5,0.9,45,4,1.6853260510746086,60.10649309685158,0.20761568399729552,0.0,-251,0.0,60.10649309685158,0.0,2-1
black-pos-007,2,41,10,T0.5_P0.95,0.5,0.95,45,6,1.9216086810309627,62.112851722756375,0.21934620515858977,0.02121446094633629,-251,0.02446580560407316,62.112851722756375,0.0,2-1
black-pos-007,2,41,10,T0.5_P1,0.5,1.0,45,45,2.183960652022409,63.8719627064034,0.23927493038577638,0.022521820464442427,-251,0.023581078056900837,63.8719627064034,0.0,2-1
black-pos-007,2,41,10,T0.9_P0.5,0.9,0.5,45,3,1.5581735460322932,64.92956553540064,0.26629485353828886,0.0,-251,0.0,64.92956553540064,0.0,2-1
black-pos-007,2,41,10,T0.9_P0.9,0.9,0.9,45,10,2.7523893478205435,75.2474539284743,0.31444986064701286,0.054139656621199496,-251,0.058602976469748214,75.2474539284743,0.0,2-1
black-pos-007,2,41,10,T0.9_P0.95,0.9,0.95,45,15,3.0582400477063296,77.19059853558895,0.3339362145011158,0.06338887179430168,-251,0.055010134976152585,77.19059853558895,0.0,2-1
black-pos-007,2,41,10,T0.9_P1,0.9,1.0,45,45,3.321395841109819,81.31930214190442,0.3522381429714223,0.07116480610630017,-251,0.052803383329217884,81.31930214190442,0.0,2-1
black-pos-007,2,41,10,T1_P0.5,1.0,0.5,45,3,1.5632968482711584,65.70801883403774,0.2727970161316874,0.0,-251,0.0,65.70801883403774,0.0,2-1
black-pos-007,2,41,10,T1_P0.9,1.0,0.9,45,12,2.995917605636255,79.7737004043251,0.3492052117133534,0.07399582570939327,-251,0.06186902522798775,79.7737004043251,0.0,2-1
black-pos-007,2,41,10,T1_P0.95,1.0,0.95,45,16,3.2528435083036644,79.58483836291327,0.3579058688467316,0.0698192229247172,-251,0.05837690468503657,79.58483836291327,0.0,2-1
black-pos-007,2,41,10,T1_P1,1.0,1.0,45,45,3.533774751666425,85.05753547920266,0.3736730388609427,0.08206482725211972,-251,0.05586583699696149,85.05753547920266,0.0,2-1
black-pos-007,2,41,14,argmax,0.0,0.0,45,1,-0.0,52.0,0.0,0.0,-302,0.0,52.0,0.0,2-1
black-pos-007,2,41,14,T0.5_P0.5,0.5,0.5,45,2,0.9498858194225375,86.6841358645851,0.3689801687721819,0.0,-302,0.0,86.6841358645851,0.0,2-1
black-pos-007,2,41,14,T0.5_P0.9,0.5,0.9,45,4,1.6853260510746086,101.12477732009121,0.4846413969483537,0.0,-302,0.0,101.12477732009121,0.0,2-1
black-pos-007,2,41,14,T0.5_P0.95,0.5,0.95,45,6,1.9216086810309627,100.19668674192116,0.48371730970072635,0.0,-302,0.02446580560407316,100.19668674192116,0.0,2-1
black-pos-007,2,41,14,T0.5_P1,0.5,1.0,45,45,2.183960652022409,99.80265749278774,0.4844269309726566,0.0017225455614566399,-302,0.023581078056900837,99.80265749278774,0.0,2-1
black-pos-007,2,41,14,T0.9_P0.5,0.9,0.5,45,3,1.5581735460322932,112.80466542129815,0.5788679674082897,0.0,-302,0.0,112.80466542129815,0.0,2-1
black-pos-007,2,41,14,T0.9_P0.9,0.9,0.9,45,10,2.7523893478205435,97.83685990302973,0.5038140153272128,0.0,-302,0.058602976469748214,97.83685990302973,0.0,2-1
black-pos-007,2,41,14,T0.9_P0.95,0.9,0.95,45,15,3.0582400477063296,97.18687539216785,0.497351558536894,0.0,-302,0.055010134976152585,97.18687539216785,0.0,2-1
black-pos-007,2,41,14,T0.9_P1,0.9,1.0,45,45,3.321395841109819,101.73907286628742,0.5028354239094792,0.02049397354288576,-302,0.052803383329217884,101.73907286628742,0.0,2-1
black-pos-007,2,41,14,T1_P0.5,1.0,0.5,45,3,1.5632968482711584,113.81089202199318,0.5879123790939648,0.0,-302,0.0,113.81089202199318,0.0,2-1
black-pos-007,2,41,14,T1_P0.9,1.0,0.9,45,12,2.995917605636255,97.3635883808931,0.49975168636318307,0.0,-302,0.06186902522798775,97.3635883808931,0.0,2-1
black-pos-007,2,41,14,T1_P0.95,1.0,0.95,45,16,3.2528435083036644,97.78967283275716,0.4999549340924814,0.01374140920346028,-302,0.05837690468503657,97.78967283275716,0.0,2-1
black-pos-007,2,41,14,T1_P1,1.0,1.0,45,45,3.533774751666425,102.62411353409888,0.5007707826384492,0.027732051560815367,-302,0.05586583699696149,102.62411353409888,0.0,2-1
black-pos-008,2,61,10,argmax,0.0,0.0,3,1,-0.0,6.0,0.0,0.0,-690,0.0,6.0,0.0,2-1
black-pos-008,2,61,10,T0.5_P0.5,0.5,0.5,3,1,-0.0,6.0,0.0,0.0,-690,0.0,6.0,0.0,2-1
black-pos-008,2,61,10,T0.5_P0.9,0.5,0.9,3,2,0.4621713414873546,7.076447395725252,0.0,0.0,-690,0.0,7.076447395725252,0.0,2-1
black-pos-008,2,61,10,T0.5_P0.95,0.5,0.95,3,2,0.4621713414873546,7.076447395725252,0.0,0.0,-690,0.0,7.076447395725252,0.0,2-1
black-pos-008,2,61,10,T0.5_P1,0.5,1.0,3,3,0.5288436667326214,7.016381112218066,0.0,0.0,-690,0.008488197558491136,7.016381112218066,0.0,2-1
black-pos-008,2,61,10,T0.9_P0.5,0.9,0.5,3,1,-0.0,6.0,0.0,0.0,-690,0.0,6.0,0.0,2-1
black-pos-008,2,61,10,T0.9_P0.9,0.9,0.9,3,2,0.7700443232856471,8.480255264681254,0.0,0.0,-690,0.0,8.480255264681254,0.0,2-1
black-pos-008,2,61,10,T0.9_P0.95,0.9,0.95,3,3,1.0350995444403726,8.013486715634185,0.0,0.0,-690,0.055041804105953836,8.013486715634185,0.0,2-1
black-pos-008,2,61,10,T0.9_P1,0.9,1.0,3,3,1.0350995444403726,8.013486715634185,0.0,0.0,-690,0.055041804105953836,8.013486715634185,0.0,2-1
black-pos-008,2,61,10,T1_P0.5,1.0,0.5,3,1,-0.0,6.0,0.0,0.0,-690,0.0,6.0,0.0,2-1
black-pos-008,2,61,10,T1_P0.9,1.0,0.9,3,2,0.8077002482175435,8.725303581567932,0.0,0.0,-690,0.0,8.725303581567932,0.0,2-1
black-pos-008,2,61,10,T1_P0.95,1.0,0.95,3,3,1.1120106041228155,8.129574566536728,0.0,0.0,-690,0.06827602151169503,8.129574566536728,0.0,2-1
black-pos-008,2,61,10,T1_P1,1.0,1.0,3,3,1.1120106041228155,8.129574566536728,0.0,0.0,-690,0.06827602151169503,8.129574566536728,0.0,2-1
black-pos-008,2,61,14,argmax,0.0,0.0,3,1,-0.0,11.0,0.0,0.0,-686,0.0,11.0,0.0,2-1
black-pos-008,2,61,14,T0.5_P0.5,0.5,0.5,3,1,-0.0,11.0,0.0,0.0,-686,0.0,11.0,0.0,2-1
black-pos-008,2,61,14,T0.5_P0.9,0.5,0.9,3,2,0.4621713414873546,12.859318228979978,0.0,0.0,-686,0.0,12.859318228979978,0.0,2-1
black-pos-008,2,61,14,T0.5_P0.95,0.5,0.95,3,2,0.4621713414873546,12.859318228979978,0.0,0.0,-686,0.0,12.859318228979978,0.0,2-1
black-pos-008,2,61,14,T0.5_P1,0.5,1.0,3,3,0.5288436667326214,12.750165795384893,0.0,0.0,-686,0.008488197558491136,12.750165795384893,0.0,2-1
black-pos-008,2,61,14,T0.9_P0.5,0.9,0.5,3,1,-0.0,11.0,0.0,0.0,-686,0.0,11.0,0.0,2-1
black-pos-008,2,61,14,T0.9_P0.9,0.9,0.9,3,2,0.7700443232856471,15.28407727535853,0.0,0.0,-686,0.0,15.28407727535853,0.0,2-1
black-pos-008,2,61,14,T0.9_P0.95,0.9,0.95,3,3,1.0350995444403726,14.442814088027983,0.0,0.0,-686,0.055041804105953836,14.442814088027983,0.0,2-1
black-pos-008,2,61,14,T0.9_P1,0.9,1.0,3,3,1.0350995444403726,14.442814088027983,0.0,0.0,-686,0.055041804105953836,14.442814088027983,0.0,2-1
black-pos-008,2,61,14,T1_P0.5,1.0,0.5,3,1,-0.0,11.0,0.0,0.0,-686,0.0,11.0,0.0,2-1
black-pos-008,2,61,14,T1_P0.9,1.0,0.9,3,2,0.8077002482175435,15.707342549980975,0.0,0.0,-686,0.0,15.707342549980975,0.0,2-1
black-pos-008,2,61,14,T1_P0.95,1.0,0.95,3,3,1.1120106041228155,14.634907692146909,0.0,0.0,-686,0.06827602151169503,14.634907692146909,0.0,2-1
black-pos-008,2,61,14,T1_P1,1.0,1.0,3,3,1.1120106041228155,14.634907692146909,0.0,0.0,-686,0.06827602151169503,14.634907692146909,0.0,2-1
black-pos-009,0,25,10,argmax,0.0,0.0,31,1,-0.0,52.0,0.0,0.0,87,0.0,52.0,0.0,0-1
black-pos-009,0,25,10,T0.5_P0.5,0.5,0.5,31,2,0.9559477417866269,60.295582475415515,0.0,0.0,87,0.0,60.295582475415515,0.0,0-1
black-pos-009,0,25,10,T0.5_P0.9,0.5,0.9,31,4,1.6746306680187244,50.93410182303497,0.0,0.0,87,0.06718500882608422,50.93410182303497,0.0,0-1
black-pos-009,0,25,10,T0.5_P0.95,0.5,0.95,31,5,1.8168305158028573,49.99466985890236,0.0,0.0,87,0.06520857168839625,49.99466985890236,0.0,0-1
black-pos-009,0,25,10,T0.5_P1,0.5,1.0,31,31,2.0520898022004546,49.16664019152286,2.295911447041747e-05,7.47181940113522e-07,87,0.06313923622970374,49.16664019152286,0.0,0-1
black-pos-009,0,25,10,T0.9_P0.5,0.9,0.5,31,2,0.986109046185724,61.47599114184554,0.0,0.0,87,0.0,61.47599114184554,0.0,0-1
black-pos-009,0,25,10,T0.9_P0.9,0.9,0.9,31,8,2.5401190173852464,42.19085906873033,0.0,0.0,87,0.10632302949701979,42.19085906873033,0.0,0-1
black-pos-009,0,25,10,T0.9_P0.95,0.9,0.95,31,10,2.7045905710367215,41.22556907394222,0.0,0.0,87,0.1026111958202594,41.22556907394222,0.0,0-1
black-pos-009,0,25,10,T0.9_P1,0.9,1.0,31,31,2.995928219086015,41.25335920981652,0.0014910018856362935,0.0003090021802741585,87,0.1008760029870068,41.25335920981652,0.0,0-1
black-pos-009,0,25,10,T1_P0.5,1.0,0.5,31,3,1.5368680227179827,52.41295890744345,0.0,0.0,87,0.0,52.41295890744345,0.0,0-1
black-pos-009,0,25,10,T1_P0.9,1.0,0.9,31,9,2.712777613888032,40.31729666255032,0.0,0.0,87,0.10861110935226963,40.31729666255032,0.0,0-1
black-pos-009,0,25,10,T1_P0.95,1.0,0.95,31,11,2.8727874535108096,39.374284327334564,0.0,0.0,87,0.10476219172633969,39.374284327334564,0.0,0-1
black-pos-009,0,25,10,T1_P1,1.0,1.0,31,31,3.1742724974245036,40.182647318645614,0.0025170995565493588,0.0006445450241674804,87,0.10400831915590451,40.182647318645614,0.0,0-1
black-pos-009,0,25,14,argmax,0.0,0.0,31,1,-0.0,30.0,0.0,0.0,93,0.0,30.0,0.0,0-1
black-pos-009,0,25,14,T0.5_P0.5,0.5,0.5,31,2,0.9559477417866269,40.93508599032045,0.0,0.0,93,0.0,40.93508599032045,0.0,0-1
black-pos-009,0,25,14,T0.5_P0.9,0.5,0.9,31,4,1.6746306680187244,34.81274166359147,0.0,0.0,93,0.0,34.81274166359147,0.0,0-1
black-pos-009,0,25,14,T0.5_P0.95,0.5,0.95,31,5,1.8168305158028573,34.34756512467801,0.0,0.0,93,0.0,34.34756512467801,0.0,0-1
black-pos-009,0,25,14,T0.5_P1,0.5,1.0,31,31,2.0520898022004546,33.978714349869946,2.295911447041747e-05,7.47181940113522e-07,93,0.00011509127060706716,33.978714349869946,0.0,0-1
black-pos-009,0,25,14,T0.9_P0.5,0.9,0.5,31,2,0.986109046185724,42.49107923243276,0.0,0.0,93,0.0,42.49107923243276,0.0,0-1
black-pos-009,0,25,14,T0.9_P0.9,0.9,0.9,31,8,2.5401190173852464,30.64947252472622,0.0,0.0,93,0.0,30.64947252472622,0.0,0-1
black-pos-009,0,25,14,T0.9_P0.95,0.9,0.95,31,10,2.7045905710367215,29.823667773400704,0.0,0.0,93,0.0,29.823667773400704,0.0,0-1
black-pos-009,0,25,14,T0.9_P1,0.9,1.0,31,31,2.995928219086015,30.285947387640185,0.0014910018856362935,0.0003090021802741585,93,0.002948067275585936,30.285947387640185,0.0,0-1
black-pos-009,0,25,14,T1_P0.5,1.0,0.5,31,3,1.5368680227179827,35.95640306166657,0.0,0.0,93,0.0,35.95640306166657,0.0,0-1
black-pos-009,0,25,14,T1_P0.9,1.0,0.9,31,9,2.712777613888032,29.426326077794975,0.0,0.0,93,0.0,29.426326077794975,0.0,0-1
black-pos-009,0,25,14,T1_P0.95,1.0,0.95,31,11,2.8727874535108096,28.78049756176618,0.0,0.0,93,0.0,28.78049756176618,0.0,0-1
black-pos-009,0,25,14,T1_P1,1.0,1.0,31,31,3.1742724974245036,29.913762819847072,0.0025170995565493588,0.0006445450241674804,93,0.004262481367547348,29.913762819847072,0.0,0-1
black-pos-010,0,41,10,argmax,0.0,0.0,36,1,-0.0,6.0,0.0,0.0,20,0.0,6.0,0.0,0-1
black-pos-010,0,41,10,T0.5_P0.5,0.5,0.5,36,2,0.9997835297760584,3.05196814382085,0.0,0.0,20,0.491338642696525,3.05196814382085,0.0,0-1
black-pos-010,0,41,10,T0.5_P0.9,0.5,0.9,36,7,2.3361735541616913,44.509995924685164,0.13664902204730686,0.10432017815296521,20,0.32140232516515993,44.509995924685164,0.0,0-1
black-pos-010,0,41,10,T0.5_P0.95,0.5,0.95,36,8,2.457779015793183,45.13322688791484,0.1326860678600267,0.10129479179721079,20,0.3120813459789795,45.13322688791484,0.0,0-1
black-pos-010,0,41,10,T0.5_P1,0.5,1.0,36,36,2.728131574888517,49.50249106457966,0.1444556451058213,0.10990718649501932,20,0.2987098800080796,49.50249106457966,0.0,0-1
black-pos-010,0,41,10,T0.9_P0.5,0.9,0.5,36,4,1.9282266870618754,55.97575285170105,0.17393576163252553,0.17393576163252553,20,0.3249961062875069,55.97575285170105,0.0,0-1
black-pos-010,0,41,10,T0.9_P0.9,0.9,0.9,36,11,3.1295326214411845,65.83906735236177,0.1982801238561162,0.13971816037804552,20,0.2097777531300374,65.83906735236177,0.0,0-1
black-pos-010,0,41,10,T0.9_P0.95,0.9,0.95,36,13,3.2937530309696443,74.41695861329379,0.21075583903911965,0.1547101543525623,20,0.20076406438426814,74.41695861329379,0.0,0-1
black-pos-010,0,41,10,T0.9_P1,0.9,1.0,36,36,3.5164492350700867,76.31215827903115,0.22439594150366307,0.1522265385580802,20,0.1917316480565505,76.31215827903115,0.0,0-1
black-pos-010,0,41,10,T1_P0.5,1.0,0.5,36,4,1.941303340456053,58.20508064422054,0.1811749024035763,0.1811749024035763,20,0.3180082472611087,58.20508064422054,0.0,0-1
black-pos-010,0,41,10,T1_P0.9,1.0,0.9,36,12,3.278130130949113,67.23935876165278,0.20090212025931786,0.14005800805459762,20,0.19184389293485293,67.23935876165278,0.0,0-1
black-pos-010,0,41,10,T1_P0.95,1.0,0.95,36,14,3.4433660409201026,79.0014501642815,0.23800865647912778,0.1575311799759646,20,0.18293551945243733,79.0014501642815,0.0,0-1
black-pos-010,0,41,10,T1_P1,1.0,1.0,36,36,3.6312267854915943,80.94331640392357,0.2366075052961345,0.15895223558638513,20,0.1765202851758622,80.94331640392357,0.0,0-1
black-pos-010,0,41,14,argmax,0.0,0.0,36,1,-0.0,0.0,0.0,0.0,24,1.0,0.0,0.0,0-1
black-pos-010,0,41,14,T0.5_P0.5,0.5,0.5,36,2,0.9997835297760584,0.98267728539305,0.0,0.0,24,0.508661357303475,0.98267728539305,0.0,0-1
black-pos-010,0,41,14,T0.5_P0.9,0.5,0.9,36,7,2.3361735541616913,47.10654045537845,0.13664902204730686,0.10432017815296521,24,0.3327337374926959,47.10654045537845,0.0,0-1
black-pos-010,0,41,14,T0.5_P0.95,0.5,0.95,36,8,2.457779015793183,47.190453588793446,0.1326860678600267,0.10129479179721079,24,0.32308413635768324,47.190453588793446,0.0,0-1
black-pos-010,0,41,14,T0.5_P1,0.5,1.0,36,36,2.728131574888517,51.222205038138696,0.1399534690647434,0.10990718649501932,24,0.3092412438211478,51.222205038138696,0.0,0-1
black-pos-010,0,41,14,T0.9_P0.5,0.9,0.5,36,4,1.9282266870618754,61.59529943800736,0.17393576163252553,0.17393576163252553,24,0.3313126819282874,61.59529943800736,0.0,0-1
black-pos-010,0,41,14,T0.9_P0.9,0.9,0.9,36,11,3.1295326214411845,68.71400863172937,0.1982801238561162,0.13971816037804552,24,0.21385496211735563,68.71400863172937,0.0,0-1
black-pos-010,0,41,14,T0.9_P0.95,0.9,0.95,36,13,3.2937530309696443,77.01263126280136,0.21075583903911965,0.1547101543525623,24,0.20466608466728006,77.01263126280136,0.0,0-1
black-pos-010,0,41,14,T0.9_P1,0.9,1.0,36,36,3.5164492350700867,78.49462582328042,0.2057507164251101,0.1522265385580802,24,0.19545811564877857,78.49462582328042,0.0,0-1
black-pos-010,0,41,14,T1_P0.5,1.0,0.5,36,4,1.941303340456053,64.14669984959514,0.1811749024035763,0.1811749024035763,24,0.32356556421511085,64.14669984959514,0.0,0-1
black-pos-010,0,41,14,T1_P0.9,1.0,0.9,36,12,3.278130130949113,71.0028281768332,0.20090212025931786,0.14005800805459762,24,0.19519643906505832,71.0028281768332,0.0,0-1
black-pos-010,0,41,14,T1_P0.95,1.0,0.95,36,14,3.4433660409201026,81.19981765096877,0.21554996338113996,0.1575311799759646,24,0.18613238831511023,81.19981765096877,0.0,0-1
black-pos-010,0,41,14,T1_P1,1.0,1.0,36,36,3.6312267854915943,83.04152194721709,0.21493639996787312,0.15895223558638513,24,0.17960504534161872,83.04152194721709,0.0,0-1
black-pos-011,0,61,10,argmax,0.0,0.0,25,1,-0.0,0.0,0.0,0.0,239,1.0,0.0,0.0,0-2
black-pos-011,0,61,10,T0.5_P0.5,0.5,0.5,25,1,-0.0,0.0,0.0,0.0,239,1.0,0.0,0.0,0-2
black-pos-011,0,61,10,T0.5_P0.9,0.5,0.9,25,2,0.6037464583654084,24.940718466695497,0.1475782157792633,0.0,239,0.8524217842207368,24.940718466695497,0.0,0-2
black-pos-011,0,61,10,T0.5_P0.95,0.5,0.95,25,3,0.7522512356802673,25.87525271315143,0.14404725229856052,0.0,239,0.8320266996593347,25.87525271315143,0.0,0-2
black-pos-011,0,61,10,T0.5_P1,0.5,1.0,25,25,1.0922115556780325,30.77571174363941,0.14604484498845496,0.008247230835477624,239,0.7955134309739563,30.77571174363941,0.0,0-2
black-pos-011,0,61,10,T0.9_P0.5,0.9,0.5,25,1,-0.0,0.0,0.0,0.0,239,1.0,0.0,0.0,0-2
black-pos-011,0,61,10,T0.9_P0.9,0.9,0.9,25,7,2.010230770737936,47.437411819018465,0.20542075858846895,0.0,239,0.5442185935082025,47.437411819018465,0.0,0-2
black-pos-011,0,61,10,T0.9_P0.95,0.9,0.95,25,9,2.233016672113092,67.631247838698,0.24199598475189052,0.046030935943465474,239,0.5191677022911835,67.631247838698,0.0,0-2
black-pos-011,0,61,10,T0.9_P1,0.9,1.0,25,25,2.4598683176466083,83.58765465612998,0.262753962208267,0.06999666585860094,239,0.5004900323862144,83.58765465612998,0.0,0-2
black-pos-011,0,61,10,T1_P0.5,1.0,0.5,25,2,0.8736156309622366,49.657026661344396,0.2938285601262982,0.0,239,0.7061714398737018,49.657026661344396,0.0,0-2
black-pos-011,0,61,10,T1_P0.9,1.0,0.9,25,8,2.277259120091756,70.58250464315327,0.23180235634706864,0.02967684123577691,239,0.4857773729687874,70.58250464315327,0.0,0-2
black-pos-011,0,61,10,T1_P0.95,1.0,0.95,25,9,2.398649854399997,74.89827912446786,0.25355424105899904,0.05715200684861408,239,0.472022353671624,74.89827912446786,0.0,0-2
black-pos-011,0,61,10,T1_P1,1.0,1.0,25,25,2.690725872667487,95.69610060364352,0.28090540841782435,0.08825582077746438,239,0.4485745529022192,95.69610060364352,0.0,0-2
black-pos-011,0,61,14,argmax,0.0,0.0,25,1,-0.0,0.0,0.0,0.0,219,1.0,0.0,0.0,0-2
black-pos-011,0,61,14,T0.5_P0.5,0.5,0.5,25,1,-0.0,0.0,0.0,0.0,219,1.0,0.0,0.0,0-2
black-pos-011,0,61,14,T0.5_P0.9,0.5,0.9,25,2,0.6037464583654084,20.218215561759074,0.1475782157792633,0.0,219,0.8524217842207368,20.218215561759074,0.0,0-2
black-pos-011,0,61,14,T0.5_P0.95,0.5,0.95,25,3,0.7522512356802673,20.33262476595541,0.14404725229856052,0.0,219,0.8320266996593347,20.33262476595541,0.0,0-2
black-pos-011,0,61,14,T0.5_P1,0.5,1.0,25,25,1.0922115556780325,25.269972065696784,0.15226621325435816,0.005414017221808372,219,0.7955134309739563,25.269972065696784,0.0,0-2
black-pos-011,0,61,14,T0.9_P0.5,0.9,0.5,25,1,-0.0,0.0,0.0,0.0,219,1.0,0.0,0.0,0-2
black-pos-011,0,61,14,T0.9_P0.9,0.9,0.9,25,7,2.010230770737936,36.031042003330334,0.24231754496082847,0.0,219,0.5442185935082025,36.031042003330334,0.0,0-2
black-pos-011,0,61,14,T0.9_P0.95,0.9,0.95,25,9,2.233016672113092,57.900762884975705,0.27719437751422427,0.023248609921404543,219,0.5191677022911835,57.900762884975705,0.0,0-2
black-pos-011,0,61,14,T0.9_P1,0.9,1.0,25,25,2.4598683176466083,74.46208403190225,0.29457120447760965,0.049761435137243744,219,0.5004900323862144,74.46208403190225,0.0,0-2
black-pos-011,0,61,14,T1_P0.5,1.0,0.5,25,2,0.8736156309622366,40.25451273730285,0.2938285601262982,0.0,219,0.7061714398737018,40.25451273730285,0.0,0-2
black-pos-011,0,61,14,T1_P0.9,1.0,0.9,25,8,2.277259120091756,60.96034112911106,0.27490768209884914,0.02967684123577691,219,0.4857773729687874,60.96034112911106,0.0,0-2
black-pos-011,0,61,14,T1_P0.95,1.0,0.95,25,9,2.398649854399997,64.84068479502915,0.2954390188385619,0.028836527243006407,219,0.472022353671624,64.84068479502915,0.0,0-2
black-pos-011,0,61,14,T1_P1,1.0,1.0,25,25,2.690725872667487,86.38225817823852,0.31743516662614324,0.06407620483152668,219,0.4485745529022192,86.38225817823852,0.0,0-2
black-pos-012,1,25,10,argmax,0.0,0.0,55,1,-0.0,0.0,0.0,0.0,359,1.0,0.0,0.0,1-1
black-pos-012,1,25,10,T0.5_P0.5,0.5,0.5,55,1,-0.0,0.0,0.0,0.0,359,1.0,0.0,0.0,1-1
black-pos-012,1,25,10,T0.5_P0.9,0.5,0.9,55,3,1.347378718557312,94.28644297087237,0.38583454299102055,0.201211136961601,359,0.6141654570089794,94.28644297087237,0.0,1-1
black-pos-012,1,25,10,T0.5_P0.95,0.5,0.95,55,3,1.347378718557312,94.28644297087237,0.38583454299102055,0.201211136961601,359,0.6141654570089794,94.28644297087237,0.0,1-1
black-pos-012,1,25,10,T0.5_P1,0.5,1.0,55,55,1.5480882013269104,101.7219411300457,0.4061342647529817,0.2276131292605519,359,0.5938657352470184,101.7219411300457,0.0,1-1
black-pos-012,1,25,10,T0.9_P0.5,0.9,0.5,55,2,0.9338829407143114,100.04076275125546,0.3497928767526415,0.3497928767526415,359,0.6502071232473585,100.04076275125546,0.0,1-1
black-pos-012,1,25,10,T0.9_P0.9,0.9,0.9,55,4,1.7919622167684452,138.47811530231553,0.5511560758592171,0.32096095560855203,359,0.4488439241407829,138.47811530231553,0.0,1-1
black-pos-012,1,25,10,T0.9_P0.95,0.9,0.95,55,5,1.9266642528099325,143.31256687532965,0.5638070225236899,0.34010009567853383,359,0.4361929774763101,143.31256687532965,0.0,1-1
black-pos-012,1,25,10,T0.9_P1,0.9,1.0,55,55,2.3019432913903084,163.70907658948465,0.5856020575721069,0.37307298218933194,359,0.41439794242789285,163.70907658948465,0.0,1-1
black-pos-012,1,25,10,T1_P0.5,1.0,0.5,55,2,0.945970231987654,104.1099528609995,0.36402081419929894,0.36402081419929894,359,0.6359791858007011,104.1099528609995,0.0,1-1
black-pos-012,1,25,10,T1_P0.9,1.0,0.9,55,5,1.9811526864316813,149.69437018628466,0.5861302262058562,0.3592146042313536,359,0.4138697737941438,149.69437018628466,0.0,1-1
black-pos-012,1,25,10,T1_P0.95,1.0,0.95,55,7,2.1538984184109387,163.39456977088278,0.5993943350526262,0.37975112990941273,359,0.4006056649473737,163.39456977088278,0.0,1-1
black-pos-012,1,25,10,T1_P1,1.0,1.0,55,55,2.5086110556689962,179.4814498335188,0.6169216355649714,0.4068882607334323,359,0.3830783644350286,179.4814498335188,0.0,1-1
black-pos-012,1,25,14,argmax,0.0,0.0,55,1,-0.0,0.0,0.0,0.0,341,1.0,0.0,0.0,1-1
black-pos-012,1,25,14,T0.5_P0.5,0.5,0.5,55,1,-0.0,0.0,0.0,0.0,341,1.0,0.0,0.0,1-1
black-pos-012,1,25,14,T0.5_P0.9,0.5,0.9,55,3,1.347378718557312,93.46716905786921,0.38583454299102055,0.38583454299102055,341,0.6141654570089794,93.46716905786921,0.0,1-1
black-pos-012,1,25,14,T0.5_P0.95,0.5,0.95,55,3,1.347378718557312,93.46716905786921,0.38583454299102055,0.38583454299102055,341,0.6141654570089794,93.46716905786921,0.0,1-1
black-pos-012,1,25,14,T0.5_P1,0.5,1.0,55,55,1.5480882013269104,100.51179009115069,0.4061342647529817,0.4061342647529817,341,0.5938657352470184,100.51179009115069,0.0,1-1
black-pos-012,1,25,14,T0.9_P0.5,0.9,0.5,55,2,0.9338829407143114,94.4440767232132,0.3497928767526415,0.3497928767526415,341,0.6502071232473585,94.4440767232132,0.0,1-1
black-pos-012,1,25,14,T0.9_P0.9,0.9,0.9,55,4,1.7919622167684452,136.65325950979636,0.5511560758592171,0.5511560758592171,341,0.4488439241407829,136.65325950979636,0.0,1-1
black-pos-012,1,25,14,T0.9_P0.95,0.9,0.95,55,5,1.9266642528099325,141.42640328320272,0.5638070225236899,0.5638070225236899,341,0.4361929774763101,141.42640328320272,0.0,1-1
black-pos-012,1,25,14,T0.9_P1,0.9,1.0,55,55,2.3019432913903084,161.07751218694534,0.5856020575721069,0.5856020575721069,341,0.41439794242789285,161.07751218694534,0.0,1-1
black-pos-012,1,25,14,T1_P0.5,1.0,0.5,55,2,0.945970231987654,98.28561983381071,0.36402081419929894,0.36402081419929894,341,0.6359791858007011,98.28561983381071,0.0,1-1
black-pos-012,1,25,14,T1_P0.9,1.0,0.9,55,5,1.9811526864316813,147.66750090324132,0.5861302262058562,0.5861302262058562,341,0.4138697737941438,147.66750090324132,0.0,1-1
black-pos-012,1,25,14,T1_P0.95,1.0,0.95,55,7,2.1538984184109387,160.06510853879928,0.5993943350526262,0.5993943350526262,341,0.4006056649473737,160.06510853879928,0.0,1-1
black-pos-012,1,25,14,T1_P1,1.0,1.0,55,55,2.5086110556689962,176.55147130077398,0.6169216355649714,0.6169216355649714,341,0.3830783644350286,176.55147130077398,0.0,1-1
black-pos-013,1,41,10,argmax,0.0,0.0,51,1,-0.0,0.0,0.0,0.0,1051,1.0,0.0,0.0,1-1
black-pos-013,1,41,10,T0.5_P0.5,0.5,0.5,51,1,-0.0,0.0,0.0,0.0,1051,1.0,0.0,0.0,1-1
black-pos-013,1,41,10,T0.5_P0.9,0.5,0.9,51,1,-0.0,0.0,0.0,0.0,1051,1.0,0.0,0.0,1-1
black-pos-013,1,41,10,T0.5_P0.95,0.5,0.95,51,2,0.26470486971329926,18.08451282153389,0.04498635030232311,0.04498635030232311,1051,0.9550136496976769,18.08451282153389,0.0,1-1
black-pos-013,1,41,10,T0.5_P1,0.5,1.0,51,51,0.4202023771428618,25.559816957086802,0.06508782708692036,0.06508782708692036,1051,0.9349121729130797,25.559816241400856,0.0,1-1
black-pos-013,1,41,10,T0.9_P0.5,0.9,0.5,51,1,-0.0,0.0,0.0,0.0,1051,1.0,0.0,0.0,1-1
black-pos-013,1,41,10,T0.9_P0.9,0.9,0.9,51,3,0.9929465441027285,89.23435499937268,0.22800891852399485,0.22800891852399485,1051,0.7719910814760051,89.23435499937268,0.0,1-1
black-pos-013,1,41,10,T0.9_P0.95,0.9,0.95,51,3,0.9929465441027285,89.23435499937268,0.22800891852399485,0.22800891852399485,1051,0.7719910814760051,89.23435499937268,0.0,1-1
black-pos-013,1,41,10,T0.9_P1,0.9,1.0,51,51,1.2830385356130485,101.58767605065002,0.26105859644154206,0.26105859644154206,1051,0.7389414035584579,101.57878820326195,0.0,1-1
black-pos-013,1,41,10,T1_P0.5,1.0,0.5,51,1,-0.0,0.0,0.0,0.0,1051,1.0,0.0,0.0,1-1
black-pos-013,1,41,10,T1_P0.9,1.0,0.9,51,3,1.084989767804636,102.80434211041347,0.2629009245776255,0.2629009245776255,1051,0.7370990754223745,102.80434211041347,0.0,1-1
black-pos-013,1,41,10,T1_P0.95,1.0,0.95,51,4,1.2723000200137784,112.4765179035802,0.2899885744713662,0.2899885744713662,1051,0.7100114255286338,112.4765179035802,0.0,1-1
black-pos-013,1,41,10,T1_P1,1.0,1.0,51,51,1.4793163137811147,119.8234380237369,0.3079184315136808,0.3079184315136808,1051,0.6920815684863194,119.79531125003739,0.0,1-1
black-pos-013,1,41,14,argmax,0.0,0.0,51,1,-0.0,0.0,0.0,0.0,1140,1.0,0.0,0.0,1-1
black-pos-013,1,41,14,T0.5_P0.5,0.5,0.5,51,1,-0.0,0.0,0.0,0.0,1140,1.0,0.0,0.0,1-1
black-pos-013,1,41,14,T0.5_P0.9,0.5,0.9,51,1,-0.0,0.0,0.0,0.0,1140,1.0,0.0,0.0,1-1
black-pos-013,1,41,14,T0.5_P0.95,0.5,0.95,51,2,0.26470486971329926,21.81837989662671,0.04498635030232311,0.04498635030232311,1140,0.9550136496976769,21.81837989662671,0.0,1-1
black-pos-013,1,41,14,T0.5_P1,0.5,1.0,51,51,0.4202023771428618,30.968603392464917,0.06508782708692036,0.06508782708692036,1140,0.9349121729130797,30.96860233329868,0.0,1-1
black-pos-013,1,41,14,T0.9_P0.5,0.9,0.5,51,1,-0.0,0.0,0.0,0.0,1140,1.0,0.0,0.0,1-1
black-pos-013,1,41,14,T0.9_P0.9,0.9,0.9,51,3,0.9929465441027285,108.15909523686426,0.22800891852399485,0.22800891852399485,1140,0.7719910814760051,108.15909523686426,0.0,1-1
black-pos-013,1,41,14,T0.9_P0.95,0.9,0.95,51,3,0.9929465441027285,108.15909523686426,0.22800891852399485,0.22800891852399485,1140,0.7719910814760051,108.15909523686426,0.0,1-1
black-pos-013,1,41,14,T0.9_P1,0.9,1.0,51,51,1.2830385356130485,123.3382366483826,0.26105859644154206,0.26105859644154206,1140,0.7389414035584579,123.32719935209968,0.0,1-1
black-pos-013,1,41,14,T1_P0.5,1.0,0.5,51,1,-0.0,0.0,0.0,0.0,1140,1.0,0.0,0.0,1-1
black-pos-013,1,41,14,T1_P0.9,1.0,0.9,51,3,1.084989767804636,124.62511885035639,0.2629009245776255,0.2629009245776255,1140,0.7370990754223745,124.62511885035639,0.0,1-1
black-pos-013,1,41,14,T1_P0.95,1.0,0.95,51,4,1.2723000200137784,136.58231857923766,0.2899885744713662,0.2899885744713662,1140,0.7100114255286338,136.58231857923766,0.0,1-1
black-pos-013,1,41,14,T1_P1,1.0,1.0,51,51,1.4793163137811147,145.4584045729747,0.3079184315136808,0.3079184315136808,1140,0.6920815684863194,145.42384355414532,0.0,1-1
black-pos-014,1,61,10,argmax,0.0,0.0,30,1,-0.0,20.0,0.0,0.0,-657,0.0,20.0,0.0,1-4
black-pos-014,1,61,10,T0.5_P0.5,0.5,0.5,30,1,-0.0,20.0,0.0,0.0,-657,0.0,20.0,0.0,1-4
black-pos-014,1,61,10,T0.5_P0.9,0.5,0.9,30,1,-0.0,20.0,0.0,0.0,-657,0.0,20.0,0.0,1-4
black-pos-014,1,61,10,T0.5_P0.95,0.5,0.95,30,1,-0.0,20.0,0.0,0.0,-657,0.0,20.0,0.0,1-4
black-pos-014,1,61,10,T0.5_P1,0.5,1.0,30,30,0.0003198779929301463,20.010758949841346,7.528842078868643e-06,2.340209474227866e-06,-657,5.1851447626407974e-06,20.002021158201273,1.047948132534018e-06,1-4
black-pos-014,1,61,10,T0.9_P0.5,0.9,0.5,30,1,-0.0,20.0,0.0,0.0,-657,0.0,20.0,0.0,1-4
black-pos-014,1,61,10,T0.9_P0.9,0.9,0.9,30,1,-0.0,20.0,0.0,0.0,-657,0.0,20.0,0.0,1-4
black-pos-014,1,61,10,T0.9_P0.95,0.9,0.95,30,1,-0.0,20.0,0.0,0.0,-657,0.0,20.0,0.0,1-4
black-pos-014,1,61,10,T0.9_P1,0.9,1.0,30,30,0.06821130890517903,24.85801837438339,0.00260757778182565,0.001031317499544369,-657,0.0011517420903390378,20.876278624987,0.00047754089093826515,1-4
black-pos-014,1,61,10,T1_P0.5,1.0,0.5,30,1,-0.0,20.0,0.0,0.0,-657,0.0,20.0,0.0,1-4
black-pos-014,1,61,10,T1_P0.9,1.0,0.9,30,1,-0.0,20.0,0.0,0.0,-657,0.0,20.0,0.0,1-4
black-pos-014,1,61,10,T1_P0.95,1.0,0.95,30,1,-0.0,20.0,0.0,0.0,-657,0.0,20.0,0.0,1-4
black-pos-014,1,61,10,T1_P1,1.0,1.0,30,30,0.13393436450756935,30.438538932535437,0.005529753021476662,0.0022123618358060246,-657,0.0022503641459215083,21.886778308611323,0.001025635237824106,1-4
black-pos-014,1,61,14,argmax,0.0,0.0,30,1,-0.0,0.0,0.0,0.0,-763,1.0,0.0,0.0,1-4
black-pos-014,1,61,14,T0.5_P0.5,0.5,0.5,30,1,-0.0,0.0,0.0,0.0,-763,1.0,0.0,0.0,1-4
black-pos-014,1,61,14,T0.5_P0.9,0.5,0.9,30,1,-0.0,0.0,0.0,0.0,-763,1.0,0.0,0.0,1-4
black-pos-014,1,61,14,T0.5_P0.95,0.5,0.95,30,1,-0.0,0.0,0.0,0.0,-763,1.0,0.0,0.0,1-4
black-pos-014,1,61,14,T0.5_P1,0.5,1.0,30,30,0.0003198779929301463,0.02242168019091946,2.637447644783109e-06,2.349315219375016e-06,-763,0.9999840108230525,0.0031176365540786302,2.345188998420775e-06,1-4
black-pos-014,1,61,14,T0.9_P0.5,0.9,0.5,30,1,-0.0,0.0,0.0,0.0,-763,1.0,0.0,0.0,1-4
black-pos-014,1,61,14,T0.9_P0.9,0.9,0.9,30,1,-0.0,0.0,0.0,0.0,-763,1.0,0.0,0.0,1-4
black-pos-014,1,61,14,T0.9_P0.95,0.9,0.95,30,1,-0.0,0.0,0.0,0.0,-763,1.0,0.0,0.0,1-4
black-pos-014,1,61,14,T0.9_P1,0.9,1.0,30,30,0.06821130890517903,10.142142317186082,0.001429134693671158,0.0011029768188043534,-763,0.994478350005332,1.3331753307666006,0.0010701796237926283,1-4
black-pos-014,1,61,14,T1_P0.5,1.0,0.5,30,1,-0.0,0.0,0.0,0.0,-763,1.0,0.0,0.0,1-4
black-pos-014,1,61,14,T1_P0.9,1.0,0.9,30,1,-0.0,0.0,0.0,0.0,-763,1.0,0.0,0.0,1-4
black-pos-014,1,61,14,T1_P0.95,1.0,0.95,30,1,-0.0,0.0,0.0,0.0,-763,1.0,0.0,0.0,1-4
black-pos-014,1,61,14,T1_P1,1.0,1.0,30,30,0.13393436450756935,22.100815789709955,0.003239147074956543,0.002433501828142182,-763,0.9882546917348048,2.901938504122787,0.0023324346548760345,1-4
black-pos-015,2,25,10,argmax,0.0,0.0,43,1,-0.0,96.0,0.0,0.0,-286,0.0,96.0,0.0,2-1
black-pos-015,2,25,10,T0.5_P0.5,0.5,0.5,43,1,-0.0,96.0,0.0,0.0,-286,0.0,96.0,0.0,2-1
black-pos-015,2,25,10,T0.5_P0.9,0.5,0.9,43,3,1.1684198349746466,86.67843388903825,0.0,0.0,-286,0.0,86.67843388903825,0.0,2-1
black-pos-015,2,25,10,T0.5_P0.95,0.5,0.95,43,4,1.279315640419971,86.55550026592111,0.0,0.0,-286,0.0,86.55550026592111,0.0,2-1
black-pos-015,2,25,10,T0.5_P1,0.5,1.0,43,43,1.569880680875273,86.93240177705941,0.008692530258406474,0.008039339106415256,-286,1.5472287873486347e-05,86.93240177705941,0.0,2-1
black-pos-015,2,25,10,T0.9_P0.5,0.9,0.5,43,2,0.9273480037947242,83.6639880341585,0.0,0.0,-286,0.0,83.6639880341585,0.0,2-1
black-pos-015,2,25,10,T0.9_P0.9,0.9,0.9,43,7,2.247312476423671,87.21285633076245,0.03798969102085688,0.03798969102085688,-286,0.0,87.21285633076245,0.0,2-1
black-pos-015,2,25,10,T0.9_P0.95,0.9,0.95,43,8,2.3642766980914645,85.98830497734048,0.036983037651008674,0.036983037651008674,-286,0.0,85.98830497734048,0.0,2-1
black-pos-015,2,25,10,T0.9_P1,0.9,1.0,43,43,2.6189992530160087,85.211935305044,0.05081319023604636,0.03639475958582902,-286,0.0010967455205803053,85.211935305044,0.0,2-1
black-pos-015,2,25,10,T1_P0.5,1.0,0.5,43,2,0.9405773409932241,83.13047130718293,0.0,0.0,-286,0.0,83.13047130718293,0.0,2-1
black-pos-015,2,25,10,T1_P0.9,1.0,0.9,43,7,2.342227860168572,87.65506116506822,0.04493244728088576,0.04493244728088576,-286,0.0,87.65506116506822,0.0,2-1
black-pos-015,2,25,10,T1_P0.95,1.0,0.95,43,9,2.5946191288181986,84.29408242121099,0.04214180138903519,0.04214180138903519,-286,0.0,84.29408242121099,0.0,2-1
black-pos-015,2,25,10,T1_P1,1.0,1.0,43,43,2.802719867794899,85.60861119668257,0.06451795625054835,0.04296049300909485,-286,0.0017965640052586423,85.60861119668257,0.0,2-1
black-pos-015,2,25,14,argmax,0.0,0.0,43,1,-0.0,82.0,0.0,0.0,-295,0.0,82.0,0.0,2-1
black-pos-015,2,25,14,T0.5_P0.5,0.5,0.5,43,1,-0.0,82.0,0.0,0.0,-295,0.0,82.0,0.0,2-1
black-pos-015,2,25,14,T0.5_P0.9,0.5,0.9,43,3,1.1684198349746466,70.80464855603115,0.0,0.0,-295,0.0,70.80464855603115,0.0,2-1
black-pos-015,2,25,14,T0.5_P0.95,0.5,0.95,43,4,1.279315640419971,71.01072757664342,0.0,0.0,-295,0.0,71.01072757664342,0.0,2-1
black-pos-015,2,25,14,T0.5_P1,0.5,1.0,43,43,1.569880680875273,72.81506131095996,0.008692500940524645,0.008039399009311813,-295,0.004317190204102985,72.81506131095996,0.0,2-1
black-pos-015,2,25,14,T0.9_P0.5,0.9,0.5,43,2,0.9273480037947242,65.89465104459582,0.0,0.0,-295,0.0,65.89465104459582,0.0,2-1
black-pos-015,2,25,14,T0.9_P0.9,0.9,0.9,43,7,2.247312476423671,77.8933466006743,0.03798969102085688,0.03798969102085688,-295,0.0,77.8933466006743,0.0,2-1
black-pos-015,2,25,14,T0.9_P0.95,0.9,0.95,43,8,2.3642766980914645,77.33971330706768,0.036983037651008674,0.036983037651008674,-295,0.0,77.33971330706768,0.0,2-1
black-pos-015,2,25,14,T0.9_P1,0.9,1.0,43,43,2.6189992530160087,76.55146381565578,0.0507799400230677,0.036444883685344966,-295,0.025049464742077046,76.55146381565578,0.0,2-1
black-pos-015,2,25,14,T1_P0.5,1.0,0.5,43,2,0.9405773409932241,65.19811531771104,0.0,0.0,-295,0.0,65.19811531771104,0.0,2-1
black-pos-015,2,25,14,T1_P0.9,1.0,0.9,43,7,2.342227860168572,79.46508434740853,0.04493244728088576,0.04493244728088576,-295,0.0,79.46508434740853,0.0,2-1
black-pos-015,2,25,14,T1_P0.95,1.0,0.95,43,9,2.5946191288181986,76.30911941290819,0.04214180138903519,0.04214180138903519,-295,0.030889697321344903,76.30911941290819,0.0,2-1
black-pos-015,2,25,14,T1_P1,1.0,1.0,43,43,2.802719867794899,78.1921364062783,0.06444137294792415,0.043072279503507366,-295,0.03001000149679048,78.1921364062783,0.0,2-1
black-pos-016,2,41,10,argmax,0.0,0.0,11,1,-0.0,9109.0,1.0,1.0,-890,0.0,1000.0,1.0,2-2
black-pos-016,2,41,10,T0.5_P0.5,0.5,0.5,11,1,-0.0,9109.0,1.0,1.0,-890,0.0,1000.0,1.0,2-2
black-pos-016,2,41,10,T0.5_P0.9,0.5,0.9,11,3,1.3024219051709838,5834.40150353845,0.6401307896027714,0.6401307896027714,-890,0.1782828395127066,643.5809306495773,0.6401307896027714,2-2
black-pos-016,2,41,10,T0.5_P0.95,0.5,0.95,11,4,1.4374314457021082,5915.371455556519,0.6490291607252556,0.6490291607252556,-890,0.1738744966344613,652.393991235421,0.6490291607252556,2-2
black-pos-016,2,41,10,T0.5_P1,0.5,1.0,11,11,1.7748014584560587,5941.14273441001,0.6518521926751127,0.6518521926751127,-890,0.1653351447386572,655.2733040075208,0.6518521926751127,2-2
black-pos-016,2,41,10,T0.9_P0.5,0.9,0.5,11,2,0.9167745386016954,6092.760902462857,0.6681805173226466,0.6681805173226466,-890,0.0,674.4850874935163,0.6681805173226466,2-2
black-pos-016,2,41,10,T0.9_P0.9,0.9,0.9,11,7,2.3121947741773043,5099.865660389516,0.559374196078693,0.559374196078693,-890,0.1979058886030667,563.9003043873939,0.559374196078693,2-2
black-pos-016,2,41,10,T0.9_P0.95,0.9,0.95,11,9,2.5451091669284986,5317.510679017981,0.5832945746888927,0.5832945746888927,-890,0.18716211521883974,587.5749728657506,0.5832945746888927,2-2
black-pos-016,2,41,10,T0.9_P1,0.9,1.0,11,11,2.7071852070125533,5244.175566996826,0.5752328375800336,0.5752328375800336,-890,0.1806394865588584,579.6124870603334,0.5752328375800336,2-2
black-pos-016,2,41,10,T1_P0.5,1.0,0.5,11,2,0.9318311515056693,5950.068511890903,0.652482784586458,0.652482784586458,-890,0.0,659.0856116793153,0.652482784586458,2-2
black-pos-016,2,41,10,T1_P0.9,1.0,0.9,11,8,2.5308427219926064,5187.186742623512,0.5689664056067871,0.5689664056067871,-890,0.1906222078085949,573.4381595580754,0.5689664056067871,2-2
black-pos-016,2,41,10,T1_P0.95,1.0,0.95,11,9,2.650499842745715,5306.729755224979,0.582104984887503,0.582104984887503,-890,0.18481174425648123,586.4404327722175,0.582104984887503,2-2
black-pos-016,2,41,10,T1_P1,1.0,1.0,11,11,2.8329931687757752,5222.318048340351,0.5728257002449078,0.5728257002449078,-890,0.1768756490878352,577.2744450543929,0.5728257002449078,2-2
black-pos-016,2,41,14,argmax,0.0,0.0,11,1,-0.0,9054.0,1.0,1.0,-945,0.0,1000.0,1.0,2-2
black-pos-016,2,41,14,T0.5_P0.5,0.5,0.5,11,1,-0.0,9054.0,1.0,1.0,-945,0.0,1000.0,1.0,2-2
black-pos-016,2,41,14,T0.5_P0.9,0.5,0.9,11,3,1.3024219051709838,7438.919239197533,0.8217171604872935,0.8217171604872935,-945,0.1782828395127066,821.7171604872935,0.8217171604872935,2-2
black-pos-016,2,41,14,T0.5_P0.95,0.5,0.95,11,4,1.4374314457021082,7478.854825758386,0.8261255033655387,0.8261255033655387,-945,0.1738744966344613,826.1255033655386,0.8261255033655387,2-2
black-pos-016,2,41,14,T0.5_P1,0.5,1.0,11,11,1.7748014584560587,7428.050796311235,0.8307479470244498,0.8307479470244498,-945,0.1653351447386572,822.5916258645913,0.8202509516068167,2-2
black-pos-016,2,41,14,T0.9_P0.5,0.9,0.5,11,2,0.9167745386016954,9052.340902586613,1.0,1.0,-945,0.0,1000.0,1.0,2-2
black-pos-016,2,41,14,T0.9_P0.9,0.9,0.9,11,7,2.3121947741773043,6883.197356496386,0.8020941113969334,0.8020941113969334,-945,0.1979058886030667,768.7217792821311,0.7593090702241101,2-2
black-pos-016,2,41,14,T0.9_P0.95,0.9,0.95,11,9,2.5451091669284986,7001.044338353813,0.8128378847811604,0.8128378847811604,-945,0.18716211521883974,781.2772459720775,0.772375527333618,2-2
black-pos-016,2,41,14,T0.9_P1,0.9,1.0,11,11,2.7071852070125533,6868.295426693196,0.7967765278167328,0.7967765278167328,-945,0.1806394865588584,766.4964540359917,0.7577242897837375,2-2
black-pos-016,2,41,14,T1_P0.5,1.0,0.5,11,2,0.9318311515056693,9052.26241392293,0.9999999999999999,0.9999999999999999,-945,0.0,999.9999999999999,0.9999999999999999,2-2
black-pos-016,2,41,14,T1_P0.9,1.0,0.9,11,8,2.5308427219926064,6902.837036051998,0.8093777921914049,0.8093777921914049,-945,0.1906222078085949,771.9134586018109,0.761346595281669,2-2
black-pos-016,2,41,14,T1_P0.95,1.0,0.95,11,9,2.650499842745715,6968.407853536326,0.8151882557435186,0.8151882557435186,-945,0.18481174425648123,778.8658937391301,0.7686211249686615,2-2
black-pos-016,2,41,14,T1_P1,1.0,1.0,11,11,2.8329931687757752,6811.69506375477,0.7959000237411413,0.7959000237411413,-945,0.1768756490878352,761.3551933869408,0.7513325558288737,2-2
black-pos-017,2,61,10,argmax,0.0,0.0,20,1,-0.0,33.0,0.0,0.0,80,0.0,33.0,0.0,2-3
black-pos-017,2,61,10,T0.5_P0.5,0.5,0.5,20,1,-0.0,33.0,0.0,0.0,80,0.0,33.0,0.0,2-3
black-pos-017,2,61,10,T0.5_P0.9,0.5,0.9,20,4,1.555803153940429,849.3005776310671,0.08187225185597341,0.08187225185597341,80,0.09916260007550376,105.98240303068445,0.08187225185597341,2-3
black-pos-017,2,61,10,T0.5_P0.95,0.5,0.95,20,5,1.7011515091056235,825.2506892905775,0.07947188963630158,0.07947188963630158,80,0.09625531276594751,103.72540328259552,0.07947188963630158,2-3
black-pos-017,2,61,10,T0.5_P1,0.5,1.0,20,20,1.8562086630994457,807.1750134259042,0.0883704760761415,0.07757215512425514,80,0.0938911804194501,103.35618795827726,0.07752162412904802,2-3
black-pos-017,2,61,10,T0.9_P0.5,0.9,0.5,20,2,0.9489568375637032,28.218783755678075,0.0,0.0,80,0.0,28.218783755678075,0.0,2-3
black-pos-017,2,61,10,T0.9_P0.9,0.9,0.9,20,6,2.280343083006938,1310.321972144808,0.1278326325567532,0.1278326325567532,80,0.14219036221606968,149.72950116204575,0.1278326325567532,2-3
black-pos-017,2,61,10,T0.9_P0.95,0.9,0.95,20,7,2.431317436899183,1263.1224401880004,0.1626799413362397,0.12272510000613907,80,0.13650916885505707,148.90125723226407,0.12272510000613907,2-3
black-pos-017,2,61,10,T0.9_P1,0.9,1.0,20,20,2.5645213130394358,1246.2370145691152,0.17245739971747256,0.1233878170035318,80,0.13392431378288314,149.86159519216176,0.12075949106475972,2-3
black-pos-017,2,61,10,T1_P0.5,1.0,0.5,20,2,0.9583731672023726,28.05389231257098,0.0,0.0,80,0.0,28.05389231257098,0.0,2-3
black-pos-017,2,61,10,T1_P0.9,1.0,0.9,20,6,2.3334551788594484,1370.3806785587851,0.13381231672983732,0.13381231672983732,80,0.14726572330992407,155.49865496859218,0.13381231672983732,2-3
black-pos-017,2,61,10,T1_P0.95,1.0,0.95,20,7,2.496233919763275,1312.6898941863558,0.1740667267788225,0.12759364614459937,80,0.1404218314758848,154.2671808395383,0.12759364614459937,2-3
black-pos-017,2,61,10,T1_P1,1.0,1.0,20,20,2.6775136892383737,1288.6076727995635,0.18849435171791876,0.1290416240250968,80,0.1365337119596659,155.89860626594114,0.12476143479828422,2-3
black-pos-017,2,61,14,argmax,0.0,0.0,20,1,-0.0,23.0,0.0,0.0,23,0.0,23.0,0.0,2-3
black-pos-017,2,61,14,T0.5_P0.5,0.5,0.5,20,1,-0.0,23.0,0.0,0.0,23,0.0,23.0,0.0,2-3
black-pos-017,2,61,14,T0.5_P0.9,0.5,0.9,20,4,1.555803153940429,839.3599065061416,0.08187225185597341,0.08187225185597341,23,0.09916260007550376,100.70845026154943,0.08187225185597341,2-3
black-pos-017,2,61,14,T0.5_P0.95,0.5,0.95,20,5,1.7011515091056235,815.191005197912,0.07947188963630158,0.07947188963630158,23,0.09625531276594751,98.19561689919902,0.07947188963630158,2-3
black-pos-017,2,61,14,T0.5_P1,0.5,1.0,20,20,1.8562086630994457,795.8999984458992,0.07757215512425514,0.07757215512425514,23,0.0938911804194501,96.49990555362805,0.07752162412904802,2-3
black-pos-017,2,61,14,T0.9_P0.5,0.9,0.5,20,2,0.9489568375637032,23.0,0.0,0.0,23,0.0,23.0,0.0,2-3
black-pos-017,2,61,14,T0.9_P0.9,0.9,0.9,20,6,2.280343083006938,1296.666856737686,0.1278326325567532,0.1278326325567532,23,0.14219036221606968,143.3608458106585,0.1278326325567532,2-3
black-pos-017,2,61,14,T0.9_P0.95,0.9,0.95,20,7,2.431317436899183,1246.8964351265663,0.12272510000613907,0.12272510000613907,23,0.13650916885505707,139.67058287117973,0.12272510000613907,2-3
black-pos-017,2,61,14,T0.9_P1,0.9,1.0,20,20,2.5645213130394358,1229.124998058149,0.1233878170035318,0.1233878170035318,23,0.13392431378288314,139.6328696718867,0.12075949106475972,2-3
black-pos-017,2,61,14,T1_P0.5,1.0,0.5,20,2,0.9583731672023726,23.0,0.0,0.0,23,0.0,23.0,0.0,2-3
black-pos-017,2,61,14,T1_P0.9,1.0,0.9,20,6,2.3334551788594484,1356.1745678362208,0.13381231672983732,0.13381231672983732,23,0.14726572330992407,148.91984629962855,0.13381231672983732,2-3
black-pos-017,2,61,14,T1_P0.95,1.0,0.95,20,7,2.496233919763275,1295.5190849034304,0.12759364614459937,0.12759364614459937,23,0.1404218314758848,144.36920938685518,0.12759364614459937,2-3
black-pos-017,2,61,14,T1_P1,1.0,1.0,20,20,2.6775136892383737,1270.1733012968616,0.1290416240250968,0.1290416240250968,23,0.1365337119596659,144.57563654674132,0.12476143479828422,2-3
black-pos-018,0,25,10,argmax,0.0,0.0,34,1,-0.0,0.0,0.0,0.0,-44,1.0,0.0,0.0,0-2
black-pos-018,0,25,10,T0.5_P0.5,0.5,0.5,34,1,-0.0,0.0,0.0,0.0,-44,1.0,0.0,0.0,0-2
black-pos-018,0,25,10,T0.5_P0.9,0.5,0.9,34,3,1.3804819090914136,16.110064843836334,0.0,0.0,-44,0.5935169793702836,16.110064843836334,0.0,0-2
black-pos-018,0,25,10,T0.5_P0.95,0.5,0.95,34,3,1.3804819090914136,16.110064843836334,0.0,0.0,-44,0.5935169793702836,16.110064843836334,0.0,0-2
black-pos-018,0,25,10,T0.5_P1,0.5,1.0,34,34,1.4034628619317062,16.325909949749047,0.0007137327139266469,0.0007137327139266469,-44,0.5921533175763329,16.325909949749047,0.0,0-2
black-pos-018,0,25,10,T0.9_P0.5,0.9,0.5,34,2,0.9436212859293007,11.556319725425817,0.0,0.0,-44,0.6388650085804431,11.556319725425817,0.0,0-2
black-pos-018,0,25,10,T0.9_P0.9,0.9,0.9,34,3,1.5224002570532307,20.867352125956465,0.0,0.0,-44,0.47564074720945576,20.867352125956465,0.0,0-2
black-pos-018,0,25,10,T0.9_P0.95,0.9,0.95,34,3,1.5224002570532307,20.867352125956465,0.0,0.0,-44,0.47564074720945576,20.867352125956465,0.0,0-2
black-pos-018,0,25,10,T0.9_P1,0.9,1.0,34,34,1.7453033438943073,25.268754384842826,0.01584391475952835,0.01584391475952835,-44,0.45963771937278475,25.268754384842826,0.0,0-2
black-pos-018,0,25,10,T1_P0.5,1.0,0.5,34,2,0.9539888465599019,11.980719260670666,0.0,0.0,-44,0.6256025231040416,11.980719260670666,0.0,0-2
black-pos-018,0,25,10,T1_P0.9,1.0,0.9,34,3,1.5345423004077232,21.468219323643336,0.0,0.0,-44,0.46081844481275563,21.468219323643336,0.0,0-2
black-pos-018,0,25,10,T1_P0.95,1.0,0.95,34,3,1.5345423004077232,21.468219323643336,0.0,0.0,-44,0.46081844481275563,21.468219323643336,0.0,0-2
black-pos-018,0,25,10,T1_P1,1.0,1.0,34,34,1.8318433706521513,28.07007810663195,0.023636958146875237,0.023636958146875237,-44,0.4388736716884388,28.07007810663195,0.0,0-2
black-pos-019,0,41,10,argmax,0.0,0.0,33,1,-0.0,12.0,0.0,0.0,-7,0.0,12.0,0.0,0-2
black-pos-019,0,41,10,T0.5_P0.5,0.5,0.5,33,1,-0.0,12.0,0.0,0.0,-7,0.0,12.0,0.0,0-2
black-pos-019,0,41,10,T0.5_P0.9,0.5,0.9,33,1,-0.0,12.0,0.0,0.0,-7,0.0,12.0,0.0,0-2
black-pos-019,0,41,10,T0.5_P0.95,0.5,0.95,33,2,0.2615016976689867,12.663925233743283,0.0,0.0,-7,0.0,12.663925233743283,0.0,0-2
black-pos-019,0,41,10,T0.5_P1,0.5,1.0,33,33,0.4027758597544047,14.334313571213446,0.005189865556199095,0.0037582741900481754,-7,0.0006285088282375934,14.334313571213446,0.0,0-2
black-pos-019,0,41,10,T0.9_P0.5,0.9,0.5,33,1,-0.0,12.0,0.0,0.0,-7,0.0,12.0,0.0,0-2
black-pos-019,0,41,10,T0.9_P0.9,0.9,0.9,33,5,1.195213498903196,27.987220057564613,0.03506524661734866,0.03506524661734866,-7,0.0,27.987220057564613,0.0,0-2
black-pos-019,0,41,10,T0.9_P0.95,0.9,0.95,33,7,1.414648056772943,30.384032596277407,0.053321539061436954,0.03378018244868374,-7,0.0,30.384032596277407,0.0,0-2
black-pos-019,0,41,10,T0.9_P1,0.9,1.0,33,33,1.6764919270046117,31.68718869330589,0.06279126265208172,0.037140278680129694,-7,0.012157750487201422,31.68718869330589,0.0,0-2
black-pos-019,0,41,10,T1_P0.5,1.0,0.5,33,1,-0.0,12.0,0.0,0.0,-7,0.0,12.0,0.0,0-2
black-pos-019,0,41,10,T1_P0.9,1.0,0.9,33,5,1.3556253366173876,32.13130599465899,0.04486736934217628,0.04486736934217628,-7,0.0,32.13130599465899,0.0,0-2
black-pos-019,0,41,10,T1_P0.95,1.0,0.95,33,8,1.718689024858575,34.52215406823182,0.06754174329117507,0.04192453857490422,-7,0.017246702240393253,34.52215406823182,0.0,0-2
black-pos-019,0,41,10,T1_P1,1.0,1.0,33,33,1.9855471635646502,37.46269054856879,0.08518655863126386,0.04839481456375466,-7,0.016641382821096905,37.46269054856879,0.0,0-2
black-pos-020,0,61,10,argmax,0.0,0.0,28,1,-0.0,0.0,0.0,0.0,-36,1.0,0.0,0.0,0-3
black-pos-020,0,61,10,T0.5_P0.5,0.5,0.5,28,1,-0.0,0.0,0.0,0.0,-36,1.0,0.0,0.0,0-3
black-pos-020,0,61,10,T0.5_P0.9,0.5,0.9,28,2,0.3326380199635146,1.9007256947854063,0.0,0.0,-36,0.9386862679101482,1.9007256947854063,0.0,0-3
black-pos-020,0,61,10,T0.5_P0.95,0.5,0.95,28,3,0.6136399515879559,3.6517462695856935,0.0,0.0,-36,0.889027808536185,3.6517462695856935,0.0,0-3
black-pos-020,0,61,10,T0.5_P1,0.5,1.0,28,28,0.672498819921034,4.173002195697999,0.004257338195234952,3.548772226886008e-05,-36,0.8840224001768395,4.173002195697999,0.0,0-3
black-pos-020,0,61,10,T0.9_P0.5,0.9,0.5,28,1,-0.0,0.0,0.0,0.0,-36,1.0,0.0,0.0,0-3
black-pos-020,0,61,10,T0.9_P0.9,0.9,0.9,28,3,1.180711033169132,9.878022442646413,0.0,0.0,-36,0.7001956496299826,9.878022442646413,0.0,0-3
black-pos-020,0,61,10,T0.9_P0.95,0.9,0.95,28,5,1.4364105954952266,13.04349688972092,0.02666337293436498,0.0,-36,0.6686582841211858,13.04349688972092,0.0,0-3
black-pos-020,0,61,10,T0.9_P1,0.9,1.0,28,28,1.7827788967861389,18.68126231039515,0.07008494612165028,0.004278409834877609,-36,0.638458719102866,18.68126231039515,0.0,0-3
black-pos-020,0,61,10,T1_P0.5,1.0,0.5,28,1,-0.0,0.0,0.0,0.0,-36,1.0,0.0,0.0,0-3
black-pos-020,0,61,10,T1_P0.9,1.0,0.9,28,4,1.4275752611374177,14.943227991039134,0.035402642425348116,0.0,-36,0.6432738644456316,14.943227991039134,0.0,0-3
black-pos-020,0,61,10,T1_P0.95,1.0,0.95,28,7,1.7316407698403382,17.86141961868143,0.06263822394929157,0.0,-36,0.6091181434056114,17.86141961868143,0.0,0-3
black-pos-020,0,61,10,T1_P1,1.0,1.0,28,28,2.040114238789825,23.70969771890718,0.09897845478473351,0.007650809083612568,-36,0.5848527835020594,23.70969771890718,0.0,0-3
black-pos-021,1,25,10,argmax,0.0,0.0,46,1,-0.0,0.0,0.0,0.0,-295,1.0,0.0,0.0,1-2
black-pos-021,1,25,10,T0.5_P0.5,0.5,0.5,46,1,-0.0,0.0,0.0,0.0,-295,1.0,0.0,0.0,1-2
black-pos-021,1,25,10,T0.5_P0.9,0.5,0.9,46,1,-0.0,0.0,0.0,0.0,-295,1.0,0.0,0.0,1-2
black-pos-021,1,25,10,T0.5_P0.95,0.5,0.95,46,1,-0.0,0.0,0.0,0.0,-295,1.0,0.0,0.0,1-2
black-pos-021,1,25,10,T0.5_P1,0.5,1.0,46,46,0.24803544146681114,1.4958954005117784,0.0002591920480194651,5.172673343058394e-07,-295,0.974687451031799,1.4958954005117784,0.0,1-2
black-pos-021,1,25,10,T0.9_P0.5,0.9,0.5,46,1,-0.0,0.0,0.0,0.0,-295,1.0,0.0,0.0,1-2
black-pos-021,1,25,10,T0.9_P0.9,0.9,0.9,46,7,1.2625442454435083,11.745276294512605,0.0,0.0,-295,0.7927886693358885,11.745276294512605,0.0,1-2
black-pos-021,1,25,10,T0.9_P0.95,0.9,0.95,46,10,1.5351181361696913,13.958268878646589,0.0,0.0,-295,0.758016088895308,13.958268878646589,0.0,1-2
black-pos-021,1,25,10,T0.9_P1,0.9,1.0,46,46,1.8722235302581292,17.574976491990164,0.017301471450513008,0.0004186139864343014,-295,0.7257133993564595,17.574976491990164,0.0,1-2
black-pos-021,1,25,10,T1_P0.5,1.0,0.5,46,1,-0.0,0.0,0.0,0.0,-295,1.0,0.0,0.0,1-2
black-pos-021,1,25,10,T1_P0.9,1.0,0.9,46,8,1.6349864006426613,15.6473912728825,0.0,0.0,-295,0.7181538203510173,15.6473912728825,0.0,1-2
black-pos-021,1,25,10,T1_P0.95,1.0,0.95,46,11,1.9175659331262098,18.97802771070708,0.0,0.0,-295,0.6824536950953777,18.97802771070708,0.0,1-2
black-pos-021,1,25,10,T1_P1,1.0,1.0,46,46,2.296078182121347,23.179940760172894,0.02819448538878249,0.0009229943461376988,-295,0.6484056027172175,23.179940760172894,0.0,1-2
black-pos-022,1,41,10,argmax,0.0,0.0,38,1,-0.0,76.0,0.0,0.0,-344,0.0,76.0,0.0,1-2
black-pos-022,1,41,10,T0.5_P0.5,0.5,0.5,38,1,-0.0,76.0,0.0,0.0,-344,0.0,76.0,0.0,1-2
black-pos-022,1,41,10,T0.5_P0.9,0.5,0.9,38,5,1.5786122422485538,69.50017486502277,0.0557748311108251,0.0557748311108251,-344,0.20471905365362714,69.50017486502277,0.0,1-2
black-pos-022,1,41,10,T0.5_P0.95,0.5,0.95,38,6,1.7116025921340363,70.6065352213093,0.08035500975742343,0.054322894265823624,-344,0.1993897836055849,70.6065352213093,0.0,1-2
black-pos-022,1,41,10,T0.5_P1,0.5,1.0,38,38,2.0121683739323357,69.19576846043755,0.07697164055243474,0.0519336002258202,-344,0.18967660419193355,69.19576846043755,0.0,1-2
black-pos-022,1,41,10,T0.9_P0.5,0.9,0.5,38,2,0.9329068911307481,49.49836088629328,0.0,0.0,-344,0.3487057778119306,49.49836088629328,0.0,1-2
black-pos-022,1,41,10,T0.9_P0.9,0.9,0.9,38,8,2.6431228577999697,75.04418580431917,0.1557022325066631,0.09354124523656097,-344,0.19263556947120716,75.04418580431917,0.0,1-2
black-pos-022,1,41,10,T0.9_P0.95,0.9,0.95,38,11,2.8669443992504138,72.82282915026462,0.14832709673152092,0.08911048420578394,-344,0.18351101514016255,72.82282915026462,0.0,1-2
black-pos-022,1,41,10,T0.9_P1,0.9,1.0,38,38,3.1849462377053523,73.4618666725302,0.15511070750956604,0.09125998884159243,-344,0.17437021580915746,73.4618666725302,0.0,1-2
black-pos-022,1,41,10,T1_P0.5,1.0,0.5,38,3,1.4272335156628708,74.31076244540061,0.15930047402317676,0.15930047402317676,-344,0.3051947572069507,74.31076244540061,0.0,1-2
black-pos-022,1,41,10,T1_P0.9,1.0,0.9,38,10,2.8950779889081417,74.11197251887,0.15943055374584994,0.09421214727497688,-344,0.18049571785548327,74.11197251887,0.0,1-2
black-pos-022,1,41,10,T1_P0.95,1.0,0.95,38,13,3.0902670181358483,72.07735788456527,0.15276365371019715,0.09027248230318148,-344,0.17294793683401002,72.07735788456527,0.0,1-2
black-pos-022,1,41,10,T1_P1,1.0,1.0,38,38,3.3753520771026855,74.22589698177165,0.16706660912326018,0.09597229802005064,-344,0.16539323909983294,74.22589698177165,0.0,1-2
black-pos-023,1,61,10,argmax,0.0,0.0,24,1,-0.0,13.0,0.0,0.0,-11,0.0,13.0,0.0,1-5
black-pos-023,1,61,10,T0.5_P0.5,0.5,0.5,24,1,-0.0,13.0,0.0,0.0,-11,0.0,13.0,0.0,1-5
black-pos-023,1,61,10,T0.5_P0.9,0.5,0.9,24,3,0.8270548019722804,30.83840454570036,0.06180528517939766,0.06180528517939766,-11,0.11114187925166989,30.83840454570036,0.0,1-5
black-pos-023,1,61,10,T0.5_P0.95,0.5,0.95,24,3,0.8270548019722804,30.83840454570036,0.06180528517939766,0.06180528517939766,-11,0.11114187925166989,30.83840454570036,0.0,1-5
black-pos-023,1,61,10,T0.5_P1,0.5,1.0,24,24,1.1355798121655223,41.27676460941099,0.10853021731251795,0.10853021731251795,-11,0.10560667778107248,41.27676460941099,0.0,1-5
black-pos-023,1,61,10,T0.9_P0.5,0.9,0.5,24,1,-0.0,13.0,0.0,0.0,-11,0.0,13.0,0.0,1-5
black-pos-023,1,61,10,T0.9_P0.9,0.9,0.9,24,4,1.6211649261467835,74.17342014412871,0.22935679679198318,0.22935679679198318,-11,0.1902977059981747,74.17342014412871,0.0,1-5
black-pos-023,1,61,10,T0.9_P0.95,0.9,0.95,24,5,1.8659552435144733,84.46043559136913,0.28056001101457706,0.28056001101457706,-11,0.17765391161222382,84.46043559136913,0.0,1-5
black-pos-023,1,61,10,T0.9_P1,0.9,1.0,24,24,2.069459647107493,92.87482042195488,0.3053417875274985,0.3053417875274985,-11,0.1715344581461618,92.87482042195488,0.0,1-5
black-pos-023,1,61,10,T1_P0.5,1.0,0.5,24,2,0.8389391586937802,9.512777963159392,0.0,0.0,-11,0.2682478489877391,9.512777963159392,0.0,1-5
black-pos-023,1,61,10,T1_P0.9,1.0,0.9,24,5,1.9506815862628977,91.8532686311375,0.310436002021366,0.310436002021366,-11,0.18497405919715423,91.8532686311375,0.0,1-5
black-pos-023,1,61,10,T1_P0.95,1.0,0.95,24,5,1.9506815862628977,91.8532686311375,0.310436002021366,0.310436002021366,-11,0.18497405919715423,91.8532686311375,0.0,1-5
black-pos-023,1,61,10,T1_P1,1.0,1.0,24,24,2.2104471350945873,103.01293812603487,0.34247927817912366,0.34247927817912366,-11,0.17637851929331563,103.01293812603487,0.0,1-5
black-pos-024,2,25,10,argmax,0.0,0.0,30,1,-0.0,21.0,0.0,0.0,-550,0.0,21.0,0.0,2-2
black-pos-024,2,25,10,T0.5_P0.5,0.5,0.5,30,1,-0.0,21.0,0.0,0.0,-550,0.0,21.0,0.0,2-2
black-pos-024,2,25,10,T0.5_P0.9,0.5,0.9,30,3,0.8781355474447958,21.716922699611008,0.0,0.0,-550,0.0,21.716922699611008,0.0,2-2
black-pos-024,2,25,10,T0.5_P0.95,0.5,0.95,30,5,1.2419865350565944,20.62477334049982,0.0,0.0,-550,0.0,20.62477334049982,0.0,2-2
black-pos-024,2,25,10,T0.5_P1,0.5,1.0,30,30,1.3846529534915124,20.44941218705539,0.0002003377192183062,0.0,-550,0.014239627467698737,20.44941218705539,0.0,2-2
black-pos-024,2,25,10,T0.9_P0.5,0.9,0.5,30,2,0.8747099538445257,23.062869708213636,0.0,0.0,-550,0.0,23.062869708213636,0.0,2-2
black-pos-024,2,25,10,T0.9_P0.9,0.9,0.9,30,6,2.1261378037887164,17.589455878773364,0.0,0.0,-550,0.05411456960569489,17.589455878773364,0.0,2-2
black-pos-024,2,25,10,T0.9_P0.95,0.9,0.95,30,7,2.2318591536430996,17.532511781787463,0.0,0.0,-550,0.052924549213674656,17.532511781787463,0.0,2-2
black-pos-024,2,25,10,T0.9_P1,0.9,1.0,30,30,2.55505759902779,20.33750360108269,0.009391025482882197,0.0,-550,0.05046578247606009,20.33750360108269,0.0,2-2
black-pos-024,2,25,10,T1_P0.5,1.0,0.5,30,2,0.8967801064740857,23.192074183228904,0.0,0.0,-550,0.0,23.192074183228904,0.0,2-2
black-pos-024,2,25,10,T1_P0.9,1.0,0.9,30,6,2.2126689066936795,17.07290502149978,0.0,0.0,-550,0.06231814155328896,17.07290502149978,0.0,2-2
black-pos-024,2,25,10,T1_P0.95,1.0,0.95,30,8,2.421565564429177,18.329896735018483,0.0,0.0,-550,0.05951368093771189,18.329896735018483,0.0,2-2
black-pos-024,2,25,10,T1_P1,1.0,1.0,30,30,2.7643932250375345,21.11058210519603,0.014772736343288299,0.0,-550,0.05656855667173714,21.11058210519603,0.0,2-2
black-pos-025,2,41,10,argmax,0.0,0.0,31,1,-0.0,95.0,0.0,0.0,78,0.0,95.0,0.0,2-3
black-pos-025,2,41,10,T0.5_P0.5,0.5,0.5,31,1,-0.0,95.0,0.0,0.0,78,0.0,95.0,0.0,2-3
black-pos-025,2,41,10,T0.5_P0.9,0.5,0.9,31,1,-0.0,95.0,0.0,0.0,78,0.0,95.0,0.0,2-3
black-pos-025,2,41,10,T0.5_P0.95,0.5,0.95,31,2,0.30220131282785123,89.89183722189978,0.0,0.0,78,0.053770134506317964,89.89183722189978,0.0,2-3
black-pos-025,2,41,10,T0.5_P1,0.5,1.0,31,31,0.4769975956737659,88.5764900430949,0.00014687201337392324,5.511836415057517e-05,78,0.052293926606251595,88.5764900430949,0.0,2-3
black-pos-025,2,41,10,T0.9_P0.5,0.9,0.5,31,1,-0.0,95.0,0.0,0.0,78,0.0,95.0,0.0,2-3
black-pos-025,2,41,10,T0.9_P0.9,0.9,0.9,31,3,1.0719414088219676,74.95337763787406,0.0,0.0,78,0.1511374922984606,74.95337763787406,0.0,2-3
black-pos-025,2,41,10,T0.9_P0.95,0.9,0.95,31,3,1.0719414088219676,74.95337763787406,0.0,0.0,78,0.1511374922984606,74.95337763787406,0.0,2-3
black-pos-025,2,41,10,T0.9_P1,0.9,1.0,31,31,1.1992275979699671,77.04598887159139,0.013086401814313095,0.006832632619984013,78,0.1491596463450353,77.04598887159139,0.0,2-3
black-pos-025,2,41,10,T1_P0.5,1.0,0.5,31,1,-0.0,95.0,0.0,0.0,78,0.0,95.0,0.0,2-3
black-pos-025,2,41,10,T1_P0.9,1.0,0.9,31,3,1.1557759893446709,72.3519514693931,0.0,0.0,78,0.168987882041861,72.3519514693931,0.0,2-3
black-pos-025,2,41,10,T1_P0.95,1.0,0.95,31,3,1.1557759893446709,72.3519514693931,0.0,0.0,78,0.168987882041861,72.3519514693931,0.0,2-3
black-pos-025,2,41,10,T1_P1,1.0,1.0,31,31,1.3623469391017584,76.12954601747683,0.023038570904855837,0.01239201891018026,78,0.16509464273937818,76.12954601747683,0.0,2-3
black-pos-026,2,61,10,argmax,0.0,0.0,14,1,-0.0,73.0,0.0,0.0,-629,0.0,73.0,0.0,2-6
black-pos-026,2,61,10,T0.5_P0.5,0.5,0.5,14,2,0.9909396296987016,40.58637419927132,0.0,0.0,-629,0.44402227124285865,40.58637419927132,0.0,2-6
black-pos-026,2,61,10,T0.5_P0.9,0.5,0.9,14,3,1.5508461372742737,33.12011317278619,0.0,0.0,-629,0.335634589948129,33.12011317278619,0.0,2-6
black-pos-026,2,61,10,T0.5_P0.95,0.5,0.95,14,4,1.767733278899821,34.54552438331522,0.0,0.0,-629,0.31783625209690647,34.54552438331522,0.0,2-6
black-pos-026,2,61,10,T0.5_P1,0.5,1.0,14,14,1.9403110400387116,35.87207732931726,0.0036091987399117565,0.0004261423556557754,-629,0.3099228969275236,35.87207732931726,0.0,2-6
black-pos-026,2,61,10,T0.9_P0.5,0.9,0.5,14,2,0.9971913836425125,38.77680485016947,0.0,0.0,-629,0.4688108924634318,38.77680485016947,0.0,2-6
black-pos-026,2,61,10,T0.9_P0.9,0.9,0.9,14,5,2.080172579481897,36.23390564559074,0.0,0.0,-629,0.2859767086477176,36.23390564559074,0.0,2-6
black-pos-026,2,61,10,T0.9_P0.95,0.9,0.95,14,7,2.3240835139792746,38.1471367250639,0.0,0.0,-629,0.27046080884347434,38.1471367250639,0.0,2-6
black-pos-026,2,61,10,T0.9_P1,0.9,1.0,14,14,2.500305685266799,41.7156066539204,0.028159827532907408,0.006931053617142116,-629,0.2617948569994543,41.7156066539204,0.0,2-6
black-pos-026,2,61,10,T1_P0.5,1.0,0.5,14,2,0.9977241786189612,38.54962987955105,0.0,0.0,-629,0.4719228783623144,38.54962987955105,0.0,2-6
black-pos-026,2,61,10,T1_P0.9,1.0,0.9,14,6,2.272402764867874,37.61892586695761,0.0,0.0,-629,0.26897983275846404,37.61892586695761,0.0,2-6
black-pos-026,2,61,10,T1_P0.95,1.0,0.95,14,7,2.3896295587789536,38.996755418972725,0.0,0.0,-629,0.2617668974758915,38.996755418972725,0.0,2-6
black-pos-026,2,61,10,T1_P1,1.0,1.0,14,14,2.606468014636726,43.66554719838312,0.0363602461128834,0.009720377335847716,-629,0.25076603128106983,43.66554719838312,0.0,2-6
black-pos-027,0,25,10,argmax,0.0,0.0,34,1,-0.0,4.0,0.0,0.0,20,0.0,4.0,0.0,0-3
black-pos-027,0,25,10,T0.5_P0.5,0.5,0.5,34,1,-0.0,4.0,0.0,0.0,20,0.0,4.0,0.0,0-3
black-pos-027,0,25,10,T0.5_P0.9,0.5,0.9,34,2,0.9987549579009759,5.437691323899937,0.0,0.0,20,0.0,5.437691323899937,0.0,0-3
black-pos-027,0,25,10,T0.5_P0.95,0.5,0.95,34,2,0.9987549579009759,5.437691323899937,0.0,0.0,20,0.0,5.437691323899937,0.0,0-3
black-pos-027,0,25,10,T0.5_P1,0.5,1.0,34,34,1.0318701259818013,5.472798800196509,0.00015885621641788171,1.5528365279519298e-07,20,0.0027831188952177964,5.472798800196509,0.0,0-3
black-pos-027,0,25,10,T0.9_P0.5,0.9,0.5,34,2,0.9996154983092456,5.465370292627034,0.0,0.0,20,0.0,5.465370292627034,0.0,0-3
black-pos-027,0,25,10,T0.9_P0.9,0.9,0.9,34,2,0.9996154983092456,5.465370292627034,0.0,0.0,20,0.0,5.465370292627034,0.0,0-3
black-pos-027,0,25,10,T0.9_P0.95,0.9,0.95,34,3,1.1527968003878077,5.316421386237466,0.0,0.0,20,0.027253214039404706,5.316421386237466,0.0,0-3
black-pos-027,0,25,10,T0.9_P1,0.9,1.0,34,34,1.3923987739250958,7.845897094582284,0.012079732639701357,0.00020522777445339445,20,0.026502805504546735,7.845897094582284,0.0,0-3
black-pos-027,0,25,10,T1_P0.5,1.0,0.5,34,2,0.9996885378577953,5.468832211153664,0.0,0.0,20,0.0,5.468832211153664,0.0,0-3
black-pos-027,0,25,10,T1_P0.9,1.0,0.9,34,2,0.9996885378577953,5.468832211153664,0.0,0.0,20,0.0,5.468832211153664,0.0,0-3
black-pos-027,0,25,10,T1_P0.95,1.0,0.95,34,3,1.1874485486130377,5.271797707119765,0.0,0.0,20,0.03602862483731878,5.271797707119765,0.0,0-3
black-pos-027,0,25,10,T1_P1,1.0,1.0,34,34,1.5507521408465836,9.489335441501705,0.02081152898796132,0.0005039711106310916,20,0.03441271937268281,9.489335441501705,0.0,0-3
black-pos-028,0,41,10,argmax,0.0,0.0,35,1,-0.0,0.0,0.0,0.0,-91,1.0,0.0,0.0,0-3
black-pos-028,0,41,10,T0.5_P0.5,0.5,0.5,35,1,-0.0,0.0,0.0,0.0,-91,1.0,0.0,0.0,0-3
black-pos-028,0,41,10,T0.5_P0.9,0.5,0.9,35,1,-0.0,0.0,0.0,0.0,-91,1.0,0.0,0.0,0-3
black-pos-028,0,41,10,T0.5_P0.95,0.5,0.95,35,1,-0.0,0.0,0.0,0.0,-91,1.0,0.0,0.0,0-3
black-pos-028,0,41,10,T0.5_P1,0.5,1.0,35,35,0.31451455274628226,13.444717434425204,0.043293732590132764,0.043293732590132764,-91,0.9567062674098669,13.444717434425204,0.0,0-3
black-pos-028,0,41,10,T0.9_P0.5,0.9,0.5,35,1,-0.0,0.0,0.0,0.0,-91,1.0,0.0,0.0,0-3
black-pos-028,0,41,10,T0.9_P0.9,0.9,0.9,35,3,0.826649108904689,51.1631596789925,0.17550685997566723,0.17550685997566723,-91,0.8244931400243327,51.1631596789925,0.0,0-3
black-pos-028,0,41,10,T0.9_P0.95,0.9,0.95,35,4,1.0362182601494019,65.91021179717531,0.2085618505970855,0.2085618505970855,-91,0.7914381494029146,65.91021179717531,0.0,0-3
black-pos-028,0,41,10,T0.9_P1,0.9,1.0,35,35,1.3376321152582775,79.33091727025837,0.239078310445943,0.239078310445943,-91,0.7609216895540571,79.33091727025837,0.0,0-3
black-pos-028,0,41,10,T1_P0.5,1.0,0.5,35,1,-0.0,0.0,0.0,0.0,-91,1.0,0.0,0.0,0-3
black-pos-028,0,41,10,T1_P0.9,1.0,0.9,35,4,1.1743632103944879,79.24350265593677,0.2496837894862468,0.2496837894862468,-91,0.7503162105137532,79.24350265593677,0.0,0-3
black-pos-028,0,41,10,T1_P0.95,1.0,0.95,35,5,1.3059384831540313,86.69084474382025,0.2670505296761273,0.2670505296761273,-91,0.7329494703238728,86.69084474382025,0.0,0-3
black-pos-028,0,41,10,T1_P1,1.0,1.0,35,35,1.601000039922084,98.85480148030372,0.29376050947990445,0.29376050947990445,-91,0.7062394905200954,98.85480148030372,0.0,0-3
black-pos-029,0,61,10,argmax,0.0,0.0,31,1,-0.0,127.0,1.0,0.0,-326,0.0,127.0,0.0,0-5
black-pos-029,0,61,10,T0.5_P0.5,0.5,0.5,31,2,0.8704871751598473,203.04813562029238,1.0,0.2913721671275569,-326,0.0,203.04813562029238,0.0,0-5
black-pos-029,0,61,10,T0.5_P0.9,0.5,0.9,31,6,2.009915577527617,170.4034174093491,0.8442831313461557,0.21276334668713168,-326,0.07260451781782548,170.4034174093491,0.0,0-5
black-pos-029,0,61,10,T0.5_P0.95,0.5,0.95,31,8,2.242668827991866,166.85008721663195,0.8186669703459309,0.20206673142660728,-326,0.06895434683976133,166.85008721663195,0.0,0-5
black-pos-029,0,61,10,T0.5_P1,0.5,1.0,31,31,2.4866540335003693,163.6724567395549,0.8015178637752611,0.19380303098807333,-326,0.0661186786659447,163.6724567395549,0.0,0-5
black-pos-029,0,61,10,T0.9_P0.5,0.9,0.5,31,3,1.469418092875558,196.93392000146054,0.816438090603868,0.3094408914016565,-326,0.0,196.93392000146054,0.0,0-5
black-pos-029,0,61,10,T0.9_P0.9,0.9,0.9,31,10,3.0052097593792984,149.92651279220104,0.6662839529297895,0.1730421679680052,-326,0.09522360789533098,149.92651279220104,0.0,0-5
black-pos-029,0,61,10,T0.9_P0.95,0.9,0.95,31,11,3.1105050596697104,149.16548755242573,0.676472555597786,0.16775906003923427,-326,0.09231635931086449,149.16548755242573,0.0,0-5
black-pos-029,0,61,10,T0.9_P1,0.9,1.0,31,31,3.310935469627708,147.99574382094613,0.6778739081797525,0.16311836431846138,-326,0.08832660622694237,147.99574382094613,0.0,0-5
black-pos-029,0,61,10,T1_P0.5,1.0,0.5,31,4,1.8814368109453596,166.7848957370558,0.6791522509383605,0.2653457880314048,-326,0.1550049668309432,166.7848957370558,0.0,0-5
black-pos-029,0,61,10,T1_P0.9,1.0,0.9,31,10,3.065376303909057,147.3269781361268,0.648524787560394,0.16707801084555643,-326,0.09760065053766866,147.3269781361268,0.0,0-5
black-pos-029,0,61,10,T1_P0.95,1.0,0.95,31,12,3.276796021423879,145.46241616212836,0.6711346710059688,0.15633012815614591,-326,0.09132214424542719,145.46241616212836,0.0,0-5
black-pos-029,0,61,10,T1_P1,1.0,1.0,31,31,3.4190330831028,145.52992736307502,0.6625947535909671,0.1569676429330554,-326,0.08915455287603306,145.52992736307502,0.0,0-5
black-pos-030,1,25,10,argmax,0.0,0.0,40,1,-0.0,54.0,0.0,0.0,-151,0.0,54.0,0.0,1-3
black-pos-030,1,25,10,T0.5_P0.5,0.5,0.5,40,1,-0.0,54.0,0.0,0.0,-151,0.0,54.0,0.0,1-3
black-pos-030,1,25,10,T0.5_P0.9,0.5,0.9,40,4,1.3556703355835533,50.654329742580295,0.0,0.0,-151,0.04104997799530887,50.654329742580295,0.0,1-3
black-pos-030,1,25,10,T0.5_P0.95,0.5,0.95,40,5,1.5227462364550228,51.239582745976264,0.0,0.0,-151,0.039664927861497154,51.239582745976264,0.0,1-3
black-pos-030,1,25,10,T0.5_P1,0.5,1.0,40,40,1.862570985084183,54.00584598239487,0.014035602585947595,0.00888001630673827,-151,0.03780894581450415,54.00584598239487,0.0,1-3
black-pos-030,1,25,10,T0.9_P0.5,0.9,0.5,40,2,0.9064652686380805,53.67807247265679,0.0,0.0,-151,0.0,53.67807247265679,0.0,1-3
black-pos-030,1,25,10,T0.9_P0.9,0.9,0.9,40,9,2.6203260792966634,60.68821191378381,0.06199017501173198,0.03621544089446437,-151,0.08105349495159779,60.68821191378381,0.0,1-3
black-pos-030,1,25,10,T0.9_P0.95,0.9,0.95,40,12,2.8739049157187595,60.66888026182208,0.058502872122713254,0.03417811463051286,-151,0.0764937709783024,60.66888026182208,0.0,1-3
black-pos-030,1,25,10,T0.9_P1,0.9,1.0,40,40,3.164034572105386,60.88026744933429,0.06533523633828517,0.03401630998842006,-151,0.07296194876076288,60.88026744933429,0.0,1-3
black-pos-030,1,25,10,T1_P0.5,1.0,0.5,40,3,1.4682733211746837,51.8651927268246,0.0,0.0,-151,0.0,51.8651927268246,0.0,1-3
black-pos-030,1,25,10,T1_P0.9,1.0,0.9,40,11,2.9160674288042427,62.14371699788708,0.06925541097263122,0.039886170436897045,-151,0.08235927463306454,62.14371699788708,0.0,1-3
black-pos-030,1,25,10,T1_P0.95,1.0,0.95,40,14,3.1238866451295966,61.18457128399717,0.06604253653168916,0.038035784225278035,-151,0.0785384900224921,61.18457128399717,0.0,1-3
black-pos-030,1,25,10,T1_P1,1.0,1.0,40,40,3.3708393756691626,62.70107107508762,0.07804117230116953,0.03908711821331026,-151,0.07556941198446851,62.70107107508762,0.0,1-3
black-pos-031,1,41,10,argmax,0.0,0.0,3,1,-0.0,0.0,0.0,0.0,-334,1.0,0.0,0.0,1-3
black-pos-031,1,41,10,T0.5_P0.5,0.5,0.5,3,1,-0.0,0.0,0.0,0.0,-334,1.0,0.0,0.0,1-3
black-pos-031,1,41,10,T0.5_P0.9,0.5,0.9,3,1,-0.0,0.0,0.0,0.0,-334,1.0,0.0,0.0,1-3
black-pos-031,1,41,10,T0.5_P0.95,0.5,0.95,3,1,-0.0,0.0,0.0,0.0,-334,1.0,0.0,0.0,1-3
black-pos-031,1,41,10,T0.5_P1,0.5,1.0,3,3,0.0019724721312091497,0.6039219855397416,0.00012836580864354207,0.00012836580864354207,-334,0.9998716341913565,0.08932440553119754,5.9388064628799086e-05,1-3
black-pos-031,1,41,10,T0.9_P0.5,0.9,0.5,3,1,-0.0,0.0,0.0,0.0,-334,1.0,0.0,0.0,1-3
black-pos-031,1,41,10,T0.9_P0.9,0.9,0.9,3,1,-0.0,0.0,0.0,0.0,-334,1.0,0.0,0.0,1-3
black-pos-031,1,41,10,T0.9_P0.95,0.9,0.95,3,1,-0.0,0.0,0.0,0.0,-334,1.0,0.0,0.0,1-3
black-pos-031,1,41,10,T0.9_P1,0.9,1.0,3,3,0.08524197353748046,45.07453552708299,0.00927899726083277,0.00927899726083277,-334,0.9907210027391673,6.543914743515252,0.004446695993487333,1-3
black-pos-031,1,41,10,T1_P0.5,1.0,0.5,3,1,-0.0,0.0,0.0,0.0,-334,1.0,0.0,0.0,1-3
black-pos-031,1,41,10,T1_P0.9,1.0,0.9,3,1,-0.0,0.0,0.0,0.0,-334,1.0,0.0,0.0,1-3
black-pos-031,1,41,10,T1_P0.95,1.0,0.95,3,1,-0.0,0.0,0.0,0.0,-334,1.0,0.0,0.0,1-3
black-pos-031,1,41,10,T1_P1,1.0,1.0,3,3,0.13266742057484684,76.8607784554153,0.01576031228596444,0.01576031228596444,-334,0.9842396877140356,11.133310431316845,0.007585397348424519,1-3
black-pos-032,1,61,10,argmax,0.0,0.0,28,1,-0.0,81.0,0.0,0.0,-627,0.0,81.0,0.0,1-6
black-pos-032,1,61,10,T0.5_P0.5,0.5,0.5,28,1,-0.0,81.0,0.0,0.0,-627,0.0,81.0,0.0,1-6
black-pos-032,1,61,10,T0.5_P0.9,0.5,0.9,28,3,1.060678077174666,90.47671331373822,0.06329070042307795,0.06329070042307795,-627,0.0,90.47671331373822,0.0,1-6
black-pos-032,1,61,10,T0.5_P0.95,0.5,0.95,28,4,1.2228889008413955,90.04373166340538,0.06139774921750986,0.06139774921750986,-627,0.0,90.04373166340538,0.0,1-6
black-pos-032,1,61,10,T0.5_P1,0.5,1.0,28,28,1.400892822072609,113.27259039134145,0.06504215790473335,0.06251562420893138,-627,1.0028013024805274e-08,91.78083557147909,0.0025676923711921763,1-6
black-pos-032,1,61,10,T0.9_P0.5,0.9,0.5,28,2,0.9195515969611423,76.65027469825901,0.0,0.0,-627,0.0,76.65027469825901,0.0,1-6
black-pos-032,1,61,10,T0.9_P0.9,0.9,0.9,28,5,1.9121796683005419,100.23456686602029,0.12590202919858945,0.12590202919858945,-627,0.0,100.23456686602029,0.0,1-6
black-pos-032,1,61,10,T0.9_P0.95,0.9,0.95,28,7,2.142964500610372,282.97297308784755,0.1399045723446483,0.1399045723446483,-627,0.0,115.94272246394824,0.019955824447299802,1-6
black-pos-032,1,61,10,T0.9_P1,0.9,1.0,28,28,2.435738964642584,359.04988192753234,0.16751305299385955,0.14404101187754134,-627,1.96774962748386e-05,124.65723957580798,0.02800367422735811,1-6
black-pos-032,1,61,10,T1_P0.5,1.0,0.5,28,2,0.9341307558742984,76.44908708584585,0.0,0.0,-627,0.0,76.44908708584585,0.0,1-6
black-pos-032,1,61,10,T1_P0.9,1.0,0.9,28,6,2.130619646936779,98.85417597820116,0.1306498576381097,0.1306498576381097,-627,0.0,98.85417597820116,0.0,1-6
black-pos-032,1,61,10,T1_P0.95,1.0,0.95,28,8,2.3583047456147863,329.99417068280724,0.1735113184259849,0.1489323841896243,-627,0.0,123.05479238557822,0.02472394005940609,1-6
black-pos-032,1,61,10,T1_P1,1.0,1.0,28,28,2.62851307230662,453.48457760000923,0.19017825177814351,0.16001040954290077,-627,4.8786395019393826e-05,135.03027510513277,0.038046932130527886,1-6
black-pos-033,2,25,10,argmax,0.0,0.0,39,1,-0.0,24.0,0.0,0.0,45,0.0,24.0,0.0,2-3
black-pos-033,2,25,10,T0.5_P0.5,0.5,0.5,39,1,-0.0,24.0,0.0,0.0,45,0.0,24.0,0.0,2-3
black-pos-033,2,25,10,T0.5_P0.9,0.5,0.9,39,4,1.5033627477353515,24.215637610940686,0.0,0.0,45,0.0,24.215637610940686,0.0,2-3
black-pos-033,2,25,10,T0.5_P0.95,0.5,0.95,39,5,1.61803798952474,23.919825636582544,0.0,0.0,45,0.0,23.919825636582544,0.0,2-3
black-pos-033,2,25,10,T0.5_P1,0.5,1.0,39,39,1.9699601586882622,25.453084098930333,0.005595676659153428,0.0007272849692383146,45,0.0002830508069035275,25.453084098930333,0.0,2-3
black-pos-033,2,25,10,T0.9_P0.5,0.9,0.5,39,2,0.9334979198242161,18.75955422385392,0.0,0.0,45,0.0,18.75955422385392,0.0,2-3
black-pos-033,2,25,10,T0.9_P0.9,0.9,0.9,39,10,2.734439815205391,29.618452562504928,0.025002545813673283,0.0,45,0.0,29.618452562504928,0.0,2-3
black-pos-033,2,25,10,T0.9_P0.95,0.9,0.95,39,12,2.8958952587478715,30.088333798496425,0.024100341483109914,0.0,45,0.0,30.088333798496425,0.0,2-3
black-pos-033,2,25,10,T0.9_P1,0.9,1.0,39,39,3.1984532274692796,34.13873463755123,0.03180184190599815,0.008880209056481866,45,0.004718945181899442,34.13873463755123,0.0,2-3
black-pos-033,2,25,10,T1_P0.5,1.0,0.5,39,3,1.4897328403518666,25.189808715084858,0.0,0.0,45,0.0,25.189808715084858,0.0,2-3
black-pos-033,2,25,10,T1_P0.9,1.0,0.9,39,11,2.927732303108438,31.622850214525307,0.029132272608292854,0.0,45,0.0,31.622850214525307,0.0,2-3
black-pos-033,2,25,10,T1_P0.95,1.0,0.95,39,14,3.1291922259039158,36.24503818094675,0.038506868962316095,0.0106859262818673,45,0.0,36.24503818094675,0.0,2-3
black-pos-033,2,25,10,T1_P1,1.0,1.0,39,39,3.396369020886311,36.46429552689032,0.038559839411174544,0.011959999045970848,45,0.006413845182500478,36.46429552689032,0.0,2-3
black-pos-034,2,41,10,argmax,0.0,0.0,1,1,-0.0,0.0,0.0,0.0,-722,1.0,0.0,0.0,2-4
black-pos-034,2,41,10,T0.5_P0.5,0.5,0.5,1,1,-0.0,0.0,0.0,0.0,-722,1.0,0.0,0.0,2-4
black-pos-034,2,41,10,T0.5_P0.9,0.5,0.9,1,1,-0.0,0.0,0.0,0.0,-722,1.0,0.0,0.0,2-4
black-pos-034,2,41,10,T0.5_P0.95,0.5,0.95,1,1,-0.0,0.0,0.0,0.0,-722,1.0,0.0,0.0,2-4
black-pos-034,2,41,10,T0.5_P1,0.5,1.0,1,1,-0.0,0.0,0.0,0.0,-722,1.0,0.0,0.0,2-4
black-pos-034,2,41,10,T0.9_P0.5,0.9,0.5,1,1,-0.0,0.0,0.0,0.0,-722,1.0,0.0,0.0,2-4
black-pos-034,2,41,10,T0.9_P0.9,0.9,0.9,1,1,-0.0,0.0,0.0,0.0,-722,1.0,0.0,0.0,2-4
black-pos-034,2,41,10,T0.9_P0.95,0.9,0.95,1,1,-0.0,0.0,0.0,0.0,-722,1.0,0.0,0.0,2-4
black-pos-034,2,41,10,T0.9_P1,0.9,1.0,1,1,-0.0,0.0,0.0,0.0,-722,1.0,0.0,0.0,2-4
black-pos-034,2,41,10,T1_P0.5,1.0,0.5,1,1,-0.0,0.0,0.0,0.0,-722,1.0,0.0,0.0,2-4
black-pos-034,2,41,10,T1_P0.9,1.0,0.9,1,1,-0.0,0.0,0.0,0.0,-722,1.0,0.0,0.0,2-4
black-pos-034,2,41,10,T1_P0.95,1.0,0.95,1,1,-0.0,0.0,0.0,0.0,-722,1.0,0.0,0.0,2-4
black-pos-034,2,41,10,T1_P1,1.0,1.0,1,1,-0.0,0.0,0.0,0.0,-722,1.0,0.0,0.0,2-4
black-pos-035,2,61,10,argmax,0.0,0.0,38,1,-0.0,0.0,0.0,0.0,9997,1.0,0.0,1.0,2-7
black-pos-035,2,61,10,T0.5_P0.5,0.5,0.5,38,1,-0.0,0.0,0.0,0.0,9997,1.0,0.0,1.0,2-7
black-pos-035,2,61,10,T0.5_P0.9,0.5,0.9,38,2,0.5812178011577016,0.5553979906905092,0.0,0.0,9997,0.8611505023273728,0.5553979906905092,1.0,2-7
black-pos-035,2,61,10,T0.5_P0.95,0.5,0.95,38,2,0.5812178011577016,0.5553979906905092,0.0,0.0,9997,0.8611505023273728,0.5553979906905092,1.0,2-7
black-pos-035,2,61,10,T0.5_P1,0.5,1.0,38,38,0.8732409705130543,194.3129239327071,0.021338558446128125,0.021338558446128125,9997,0.82587968674174,21.93008142533366,0.9786614415538719,2-7
black-pos-035,2,61,10,T0.9_P0.5,0.9,0.5,38,1,-0.0,0.0,0.0,0.0,9997,1.0,0.0,1.0,2-7
black-pos-035,2,61,10,T0.9_P0.9,0.9,0.9,38,4,1.4519326738881313,590.315610113294,0.06483630335133753,0.06483630335133753,9997,0.6284651305905892,65.98442491102742,0.9351636966486626,2-7
black-pos-035,2,61,10,T0.9_P0.95,0.9,0.95,38,5,1.614387880817151,872.4315821894705,0.09601135410068021,0.09601135410068021,9997,0.6075143254956447,97.12120134752196,0.9039886458993198,2-7
black-pos-035,2,61,10,T0.9_P1,0.9,1.0,38,38,1.8657552372961528,1166.9667043044774,0.12850168965003797,0.12850168965003797,9997,0.5847336631394817,129.57641678436335,0.8714983103499621,2-7
black-pos-035,2,61,10,T1_P0.5,1.0,0.5,38,1,-0.0,0.0,0.0,0.0,9997,1.0,0.0,1.0,2-7
black-pos-035,2,61,10,T1_P0.9,1.0,0.9,38,4,1.5398542565467457,699.4195553071671,0.07683416587031708,0.07683416587031708,9997,0.5934320907175011,78.061655913913,0.923165834129683,2-7
black-pos-035,2,61,10,T1_P0.95,1.0,0.95,38,6,1.8776122444050776,1311.9151490705112,0.14443106987836457,0.14443106987836457,9997,0.5499792563636999,145.5686795087344,0.8555689301216355,2-7
black-pos-035,2,61,10,T1_P1,1.0,1.0,38,38,2.0750206583357795,1454.0963323258466,0.1601630069271963,0.1601630069271963,9997,0.538180545419516,161.28824075928026,0.8398369930728035,2-7
black-pos-036,0,25,10,argmax,0.0,0.0,30,1,-0.0,0.0,0.0,0.0,-142,1.0,0.0,0.0,0-4
black-pos-036,0,25,10,T0.5_P0.5,0.5,0.5,30,1,-0.0,0.0,0.0,0.0,-142,1.0,0.0,0.0,0-4
black-pos-036,0,25,10,T0.5_P0.9,0.5,0.9,30,1,-0.0,0.0,0.0,0.0,-142,1.0,0.0,0.0,0-4
black-pos-036,0,25,10,T0.5_P0.95,0.5,0.95,30,1,-0.0,0.0,0.0,0.0,-142,1.0,0.0,0.0,0-4
black-pos-036,0,25,10,T0.5_P1,0.5,1.0,30,30,0.0012583663357434037,0.018458505503744702,8.151331737933454e-05,8.151331737933454e-05,-142,0.9999184866826207,0.018458505503744702,0.0,0-4
black-pos-036,0,25,10,T0.9_P0.5,0.9,0.5,30,1,-0.0,0.0,0.0,0.0,-142,1.0,0.0,0.0,0-4
black-pos-036,0,25,10,T0.9_P0.9,0.9,0.9,30,1,-0.0,0.0,0.0,0.0,-142,1.0,0.0,0.0,0-4
black-pos-036,0,25,10,T0.9_P0.95,0.9,0.95,30,1,-0.0,0.0,0.0,0.0,-142,1.0,0.0,0.0,0-4
black-pos-036,0,25,10,T0.9_P1,0.9,1.0,30,30,0.0802852842222185,1.8538426465313804,0.00766174099845915,0.00766174099845915,-142,0.9923382590015407,1.8538426465313804,0.0,0-4
black-pos-036,0,25,10,T1_P0.5,1.0,0.5,30,1,-0.0,0.0,0.0,0.0,-142,1.0,0.0,0.0,0-4
black-pos-036,0,25,10,T1_P0.9,1.0,0.9,30,1,-0.0,0.0,0.0,0.0,-142,1.0,0.0,0.0,0-4
black-pos-036,0,25,10,T1_P0.95,1.0,0.95,30,1,-0.0,0.0,0.0,0.0,-142,1.0,0.0,0.0,0-4
black-pos-036,0,25,10,T1_P1,1.0,1.0,30,30,0.14315065681996383,3.5706336665980967,0.014416315022820978,0.014416315022820978,-142,0.985583684977179,3.5706336665980967,0.0,0-4
black-pos-037,0,41,10,argmax,0.0,0.0,38,1,-0.0,0.0,0.0,0.0,134,1.0,0.0,0.0,0-4
black-pos-037,0,41,10,T0.5_P0.5,0.5,0.5,38,1,-0.0,0.0,0.0,0.0,134,1.0,0.0,0.0,0-4
black-pos-037,0,41,10,T0.5_P0.9,0.5,0.9,38,2,0.4539316387724002,0.6671307640404478,0.0,0.0,134,0.9046956051370788,0.6671307640404478,0.0,0-4
black-pos-037,0,41,10,T0.5_P0.95,0.5,0.95,38,2,0.4539316387724002,0.6671307640404478,0.0,0.0,134,0.9046956051370788,0.6671307640404478,0.0,0-4
black-pos-037,0,41,10,T0.5_P1,0.5,1.0,38,38,0.6570681039975881,1.1858854815596847,0.0010592891460619053,0.0007423178765523194,134,0.8795822764895049,1.1858854815596847,0.0,0-4
black-pos-037,0,41,10,T0.9_P0.5,0.9,0.5,38,1,-0.0,0.0,0.0,0.0,134,1.0,0.0,0.0,0-4
black-pos-037,0,41,10,T0.9_P0.9,0.9,0.9,38,3,1.1396459788306141,1.6922654031305358,0.0,0.0,134,0.7052392147052691,1.6922654031305358,0.0,0-4
black-pos-037,0,41,10,T0.9_P0.95,0.9,0.95,38,7,1.5134597917536712,7.960149939480099,0.012653669681430385,0.012653669681430385,134,0.6634676594240472,7.960149939480099,0.0,0-4
black-pos-037,0,41,10,T0.9_P1,0.9,1.0,38,38,1.8209492073271438,11.27527496283333,0.028051520019890152,0.015410168612695717,134,0.6376729871850562,11.27527496283333,0.0,0-4
black-pos-037,0,41,10,T1_P0.5,1.0,0.5,38,1,-0.0,0.0,0.0,0.0,134,1.0,0.0,0.0,0-4
black-pos-037,0,41,10,T1_P0.9,1.0,0.9,38,5,1.4721781971564907,3.565284545294606,0.0,0.0,134,0.6417576434287242,3.565284545294606,0.0,0-4
black-pos-037,0,41,10,T1_P0.95,1.0,0.95,38,8,1.7427206640415691,11.234317977272372,0.017356608075497788,0.017356608075497788,134,0.6125024008165326,11.234317977272372,0.0,0-4
black-pos-037,0,41,10,T1_P1,1.0,1.0,38,38,2.1090966138389526,15.595134055534512,0.041851857194066186,0.02208886119152582,134,0.5820387690374852,15.595134055534512,0.0,0-4
black-pos-038,0,61,10,argmax,0.0,0.0,27,1,-0.0,0.0,0.0,0.0,-70,1.0,0.0,0.0,0-7
black-pos-038,0,61,10,T0.5_P0.5,0.5,0.5,27,1,-0.0,0.0,0.0,0.0,-70,1.0,0.0,0.0,0-7
black-pos-038,0,61,10,T0.5_P0.9,0.5,0.9,27,1,-0.0,0.0,0.0,0.0,-70,1.0,0.0,0.0,0-7
black-pos-038,0,61,10,T0.5_P0.95,0.5,0.95,27,1,-0.0,0.0,0.0,0.0,-70,1.0,0.0,0.0,0-7
black-pos-038,0,61,10,T0.5_P1,0.5,1.0,27,27,0.04361160554685469,40.83028106929536,0.004112225766433914,0.004112225766433914,-70,0.9958877742335661,4.112225766433914,0.004112225766433918,0-7
black-pos-038,0,61,10,T0.9_P0.5,0.9,0.5,27,1,-0.0,0.0,0.0,0.0,-70,1.0,0.0,0.0,0-7
black-pos-038,0,61,10,T0.9_P0.9,0.9,0.9,27,1,-0.0,0.0,0.0,0.0,-70,1.0,0.0,0.0,0-7
black-pos-038,0,61,10,T0.9_P0.95,0.9,0.95,27,2,0.2443219194525092,401.5634710060144,0.040443495921645124,0.040443495921645124,-70,0.9595565040783548,40.44349592164512,0.040443495921645124,0-7
black-pos-038,0,61,10,T0.9_P1,0.9,1.0,27,27,0.6805576943763754,853.9636070760725,0.08600721242002646,0.08600721242002646,-70,0.9139927875799733,86.00721242002643,0.08600721242002644,0-7
black-pos-038,0,61,10,T1_P0.5,1.0,0.5,27,1,-0.0,0.0,0.0,0.0,-70,1.0,0.0,0.0,0-7
black-pos-038,0,61,10,T1_P0.9,1.0,0.9,27,2,0.3059788304482004,542.9775935163406,0.05468603016581131,0.05468603016581131,-70,0.9453139698341887,54.68603016581131,0.05468603016581131,0-7
black-pos-038,0,61,10,T1_P0.95,1.0,0.95,27,5,0.5784115647033202,886.5236300777186,0.08928629570729366,0.08928629570729366,-70,0.9107137042927064,89.28629570729365,0.08928629570729366,0-7
black-pos-038,0,61,10,T1_P1,1.0,1.0,27,27,0.9723128709425123,1279.9813241083832,0.1289138160105546,0.1289138160105546,-70,0.8710861839894453,128.9138160105546,0.1289138160105546,0-7
black-pos-039,1,25,10,argmax,0.0,0.0,34,1,-0.0,0.0,0.0,0.0,-98,1.0,0.0,0.0,1-4
black-pos-039,1,25,10,T0.5_P0.5,0.5,0.5,34,1,-0.0,0.0,0.0,0.0,-98,1.0,0.0,0.0,1-4
black-pos-039,1,25,10,T0.5_P0.9,0.5,0.9,34,2,0.41783644851698254,3.04196223180467,0.0,0.0,-98,0.9155010491165368,3.04196223180467,0.0,1-4
black-pos-039,1,25,10,T0.5_P0.95,0.5,0.95,34,2,0.41783644851698254,3.04196223180467,0.0,0.0,-98,0.9155010491165368,3.04196223180467,0.0,1-4
black-pos-039,1,25,10,T0.5_P1,0.5,1.0,34,34,0.5441779151840531,3.4232180645376857,0.0005318271768707823,0.00047617415154698134,-98,0.8996633668502261,3.4232180645376857,0.0,1-4
black-pos-039,1,25,10,T0.9_P0.5,0.9,0.5,34,1,-0.0,0.0,0.0,0.0,-98,1.0,0.0,0.0,1-4
black-pos-039,1,25,10,T0.9_P0.9,0.9,0.9,34,3,1.080272709213495,8.071558123765296,0.0,0.0,-98,0.7278659870236269,8.071558123765296,0.0,1-4
black-pos-039,1,25,10,T0.9_P0.95,0.9,0.95,34,3,1.080272709213495,8.071558123765296,0.0,0.0,-98,0.7278659870236269,8.071558123765296,0.0,1-4
black-pos-039,1,25,10,T0.9_P1,0.9,1.0,34,34,1.3461710915435652,15.544677452098174,0.021371843828788054,0.018142647986506708,-98,0.7033972073422871,15.544677452098174,0.0,1-4
black-pos-039,1,25,10,T1_P0.5,1.0,0.5,34,1,-0.0,0.0,0.0,0.0,-98,1.0,0.0,0.0,1-4
black-pos-039,1,25,10,T1_P0.9,1.0,0.9,34,3,1.1582805121756217,8.913734801472083,0.0,0.0,-98,0.695199247307591,8.913734801472083,0.0,1-4
black-pos-039,1,25,10,T1_P0.95,1.0,0.95,34,4,1.253690028252654,9.096077619598702,0.0,0.0,-98,0.6847109295492638,9.096077619598702,0.0,1-4
black-pos-039,1,25,10,T1_P1,1.0,1.0,34,34,1.5365021413066364,20.547077009685005,0.03352707443648015,0.0283416184967852,-98,0.6592992444350099,20.547077009685005,0.0,1-4
black-pos-040,1,41,10,argmax,0.0,0.0,37,1,-0.0,0.0,0.0,0.0,-120,1.0,0.0,0.0,1-4
black-pos-040,1,41,10,T0.5_P0.5,0.5,0.5,37,1,-0.0,0.0,0.0,0.0,-120,1.0,0.0,0.0,1-4
black-pos-040,1,41,10,T0.5_P0.9,0.5,0.9,37,2,0.806254423013665,34.55962739335813,0.24685448138112948,0.0,-120,0.7531455186188705,34.55962739335813,0.0,1-4
black-pos-040,1,41,10,T0.5_P0.95,0.5,0.95,37,2,0.806254423013665,34.55962739335813,0.24685448138112948,0.0,-120,0.7531455186188705,34.55962739335813,0.0,1-4
black-pos-040,1,41,10,T0.5_P1,0.5,1.0,37,37,1.0102996243951943,37.80181324863091,0.2626397364263673,3.083732761045661e-06,-120,0.7327952058919736,37.80181324863091,0.0,1-4
black-pos-040,1,41,10,T0.9_P0.5,0.9,0.5,37,1,-0.0,0.0,0.0,0.0,-120,1.0,0.0,0.0,1-4
black-pos-040,1,41,10,T0.9_P0.9,0.9,0.9,37,4,1.4354787174390977,62.32400064087291,0.42080564719407354,0.0,-120,0.5791943528059263,62.32400064087291,0.0,1-4
black-pos-040,1,41,10,T0.9_P0.95,0.9,0.95,37,5,1.59416709717502,63.051580336646886,0.40730372210065074,0.0,-120,0.5606103846052514,63.051580336646886,0.0,1-4
black-pos-040,1,41,10,T0.9_P1,0.9,1.0,37,37,1.854799947418044,65.76459183601308,0.4205509092748305,0.0009679321862242084,-120,0.5412239800607647,65.76459183601308,0.0,1-4
black-pos-040,1,41,10,T1_P0.5,1.0,0.5,37,1,-0.0,0.0,0.0,0.0,-120,1.0,0.0,0.0,1-4
black-pos-040,1,41,10,T1_P0.9,1.0,0.9,37,4,1.5119164258620417,66.81814903547247,0.4477391344277084,0.0,-120,0.5522608655722917,66.81814903547247,0.0,1-4
black-pos-040,1,41,10,T1_P0.95,1.0,0.95,37,6,1.783738840363604,68.79462751747339,0.43846856227662234,0.0,-120,0.521778104619374,68.79462751747339,0.0,1-4
black-pos-040,1,41,10,T1_P1,1.0,1.0,37,37,2.0595879052010195,71.64472173827568,0.4488924023029038,0.0019772229488288066,-120,0.5024668311717443,71.64472173827568,0.0,1-4
black-pos-041,1,61,10,argmax,0.0,0.0,30,1,-0.0,11.0,0.0,0.0,567,0.0,11.0,0.0,1-7
black-pos-041,1,61,10,T0.5_P0.5,0.5,0.5,30,2,0.9992230680875449,27.925727167919938,0.0,0.0,567,0.0,27.925727167919938,0.0,1-7
black-pos-041,1,61,10,T0.5_P0.9,0.5,0.9,30,5,1.9528178156784204,32.50283834170053,0.0,0.0,567,0.03146370344830826,32.50283834170053,0.0,1-7
black-pos-041,1,61,10,T0.5_P0.95,0.5,0.95,30,7,2.2001152297515905,33.31736296216681,0.0,0.0,567,0.029807556703612615,33.31736296216681,0.0,1-7
black-pos-041,1,61,10,T0.5_P1,0.5,1.0,30,30,2.3518794094336872,35.024036332088755,0.00721060162207564,0.00721060162207564,567,0.02902549482208116,35.023965696356285,0.0,1-7
black-pos-041,1,61,10,T0.9_P0.5,0.9,0.5,30,3,1.5389003547181628,41.482105232012984,0.0,0.0,567,0.0,41.482105232012984,0.0,1-7
black-pos-041,1,61,10,T0.9_P0.9,0.9,0.9,30,7,2.5741431210077823,34.7372888191595,0.0,0.0,567,0.06724537851302195,34.7372888191595,0.0,1-7
black-pos-041,1,61,10,T0.9_P0.95,0.9,0.95,30,9,2.8366461471874302,41.0719523554864,0.028610422151502553,0.028610422151502553,567,0.06222804745711898,41.0719523554864,0.0,1-7
black-pos-041,1,61,10,T0.9_P1,0.9,1.0,30,30,2.9643731194756153,41.823246797085346,0.03083228900137791,0.03083228900137791,567,0.060857035261971275,41.78817207494983,0.0,1-7
black-pos-041,1,61,10,T1_P0.5,1.0,0.5,30,3,1.546947029251624,42.119554821811384,0.0,0.0,567,0.0,42.119554821811384,0.0,1-7
black-pos-041,1,61,10,T1_P0.9,1.0,0.9,30,8,2.7753098205474283,35.72367215678197,0.0,0.0,567,0.0696751155982839,35.72367215678197,0.0,1-7
black-pos-041,1,61,10,T1_P0.95,1.0,0.95,30,9,2.893913882098141,42.224966494316554,0.03346416112405194,0.03346416112405194,567,0.06734349630356598,42.224966494316554,0.0,1-7
black-pos-041,1,61,10,T1_P1,1.0,1.0,30,30,3.057227809080491,43.688788099635204,0.03743647626713973,0.03743647626713973,567,0.06534530994130622,43.61359028701157,0.0,1-7
black-pos-042,2,25,10,argmax,0.0,0.0,45,1,-0.0,0.0,0.0,0.0,-157,1.0,0.0,0.0,2-4
black-pos-042,2,25,10,T0.5_P0.5,0.5,0.5,45,1,-0.0,0.0,0.0,0.0,-157,1.0,0.0,0.0,2-4
black-pos-042,2,25,10,T0.5_P0.9,0.5,0.9,45,2,0.8709120932345967,6.417485218214528,0.0,0.0,-157,0.7082961264447942,6.417485218214528,0.0,2-4
black-pos-042,2,25,10,T0.5_P0.95,0.5,0.95,45,2,0.8709120932345967,6.417485218214528,0.0,0.0,-157,0.7082961264447942,6.417485218214528,0.0,2-4
black-pos-042,2,25,10,T0.5_P1,0.5,1.0,45,45,1.1070766331878492,8.11007917689001,0.004278511460426025,2.2754311855794192e-05,-157,0.6813422051712542,8.11007917689001,0.0,2-4
black-pos-042,2,25,10,T0.9_P0.5,0.9,0.5,45,1,-0.0,0.0,0.0,0.0,-157,1.0,0.0,0.0,2-4
black-pos-042,2,25,10,T0.9_P0.9,0.9,0.9,45,3,1.329777018752635,11.694024578570849,0.0,0.0,-157,0.55896824854605,11.694024578570849,0.0,2-4
black-pos-042,2,25,10,T0.9_P0.95,0.9,0.95,45,4,1.492417277434653,15.379517898746638,0.03224235046845032,0.0,-157,0.5409457983756923,15.379517898746638,0.0,2-4
black-pos-042,2,25,10,T0.9_P1,0.9,1.0,45,45,1.742305434513125,17.43836724212319,0.03494529710766126,0.0032734543148784986,-157,0.5204256180958358,17.43836724212319,0.0,2-4
black-pos-042,2,25,10,T1_P0.5,1.0,0.5,45,2,0.9653731916183819,8.599638304920413,0.0,0.0,-157,0.6091073497763448,8.599638304920413,0.0,2-4
black-pos-042,2,25,10,T1_P0.9,1.0,0.9,45,3,1.367590921670672,12.414085082215193,0.0,0.0,-157,0.5395450022607124,12.414085082215193,0.0,2-4
black-pos-042,2,25,10,T1_P0.95,1.0,0.95,45,5,1.7184874656174562,17.597721387320593,0.03950995101276705,0.0,-157,0.4999894527202623,17.597721387320593,0.0,2-4
black-pos-042,2,25,10,T1_P1,1.0,1.0,45,45,1.902340135996232,20.520245216080284,0.04623991467582241,0.006124300246696568,-157,0.48963917382873856,20.520245216080284,0.0,2-4
black-pos-043,2,41,10,argmax,0.0,0.0,36,1,-0.0,81.0,0.0,0.0,811,0.0,81.0,0.0,2-5
black-pos-043,2,41,10,T0.5_P0.5,0.5,0.5,36,1,-0.0,81.0,0.0,0.0,811,0.0,81.0,0.0,2-5
black-pos-043,2,41,10,T0.5_P0.9,0.5,0.9,36,1,-0.0,81.0,0.0,0.0,811,0.0,81.0,0.0,2-5
black-pos-043,2,41,10,T0.5_P0.95,0.5,0.95,36,1,-0.0,81.0,0.0,0.0,811,0.0,81.0,0.0,2-5
black-pos-043,2,41,10,T0.5_P1,0.5,1.0,36,36,0.13346003157365782,80.93241483850657,0.00938045538206597,3.09490129513955e-09,811,0.004748519806716371,80.93241483850657,0.0,2-5
black-pos-043,2,41,10,T0.9_P0.5,0.9,0.5,36,1,-0.0,81.0,0.0,0.0,811,0.0,81.0,0.0,2-5
black-pos-043,2,41,10,T0.9_P0.9,0.9,0.9,36,3,0.5803239277052914,79.28855934500764,0.056619336613858345,0.0,811,0.046293046581373544,79.28855934500764,0.0,2-5
black-pos-043,2,41,10,T0.9_P0.95,0.9,0.95,36,4,0.7502667749110458,79.9910247723435,0.08343656310008704,0.0,811,0.044977086690427506,79.9910247723435,0.0,2-5
black-pos-043,2,41,10,T0.9_P1,0.9,1.0,36,36,1.0487716400109175,81.15520972679727,0.10388190672223876,1.589266094844469e-05,811,0.04343242627798221,81.15520972679727,0.0,2-5
black-pos-043,2,41,10,T1_P0.5,1.0,0.5,36,1,-0.0,81.0,0.0,0.0,811,0.0,81.0,0.0,2-5
black-pos-043,2,41,10,T1_P0.9,1.0,0.9,36,3,0.6956094307316291,78.72087628262702,0.07218310479676018,0.0,811,0.06021870975378193,78.72087628262702,0.0,2-5
black-pos-043,2,41,10,T1_P0.95,1.0,0.95,36,5,0.9958646217549268,80.18927118604796,0.12001620517672022,0.0,811,0.05711416660168363,80.18927118604796,0.0,2-5
black-pos-043,2,41,10,T1_P1,1.0,1.0,36,36,1.3471474805633827,81.57606555200309,0.13936273334118673,4.4160012232178484e-05,811,0.054699695732302274,81.57606555200309,0.0,2-5
black-pos-044,2,61,10,argmax,0.0,0.0,11,1,-0.0,25.0,0.0,0.0,-725,0.0,25.0,0.0,2-8
black-pos-044,2,61,10,T0.5_P0.5,0.5,0.5,11,1,-0.0,25.0,0.0,0.0,-725,0.0,25.0,0.0,2-8
black-pos-044,2,61,10,T0.5_P0.9,0.5,0.9,11,1,-0.0,25.0,0.0,0.0,-725,0.0,25.0,0.0,2-8
black-pos-044,2,61,10,T0.5_P0.95,0.5,0.95,11,1,-0.0,25.0,0.0,0.0,-725,0.0,25.0,0.0,2-8
black-pos-044,2,61,10,T0.5_P1,0.5,1.0,11,11,0.14412346906620205,24.66079504847469,0.0,0.0,-725,0.0017454277695477703,24.66079504847469,0.0,2-8
black-pos-044,2,61,10,T0.9_P0.5,0.9,0.5,11,1,-0.0,25.0,0.0,0.0,-725,0.0,25.0,0.0,2-8
black-pos-044,2,61,10,T0.9_P0.9,0.9,0.9,11,2,0.39892556192183576,23.181183551211703,0.0,0.0,-725,0.0,23.181183551211703,0.0,2-8
black-pos-044,2,61,10,T0.9_P0.95,0.9,0.95,11,4,0.7163727606701389,22.065770590832145,0.0,0.0,-725,0.025916578142119027,22.065770590832145,0.0,2-8
black-pos-044,2,61,10,T0.9_P1,0.9,1.0,11,11,0.975523270131258,22.299817301627435,0.0,0.0,-725,0.02501155467024347,22.299817301627435,0.0,2-8
black-pos-044,2,61,10,T1_P0.5,1.0,0.5,11,1,-0.0,25.0,0.0,0.0,-725,0.0,25.0,0.0,2-8
black-pos-044,2,61,10,T1_P0.9,1.0,0.9,11,3,0.6748413112734,21.894053162258555,0.0,0.0,-725,0.036571736341094604,21.894053162258555,0.0,2-8
black-pos-044,2,61,10,T1_P0.95,1.0,0.95,11,5,1.0065451228642242,21.92496853919485,0.0,0.0,-725,0.034498391358143,21.92496853919485,0.0,2-8
black-pos-044,2,61,10,T1_P1,1.0,1.0,11,11,1.215523304184046,21.577509513659187,0.0,0.0,-725,0.03352163322994768,21.577509513659187,0.0,2-8
black-pos-045,0,25,10,argmax,0.0,0.0,32,1,-0.0,0.0,0.0,0.0,113,1.0,0.0,0.0,0-5
black-pos-045,0,25,10,T0.5_P0.5,0.5,0.5,32,1,-0.0,0.0,0.0,0.0,113,1.0,0.0,0.0,0-5
black-pos-045,0,25,10,T0.5_P0.9,0.5,0.9,32,2,0.7126890724945354,7.817115362930213,0.0,0.0,113,0.8045721159267446,7.817115362930213,0.0,0-5
black-pos-045,0,25,10,T0.5_P0.95,0.5,0.95,32,2,0.7126890724945354,7.817115362930213,0.0,0.0,113,0.8045721159267446,7.817115362930213,0.0,0-5
black-pos-045,0,25,10,T0.5_P1,0.5,1.0,32,32,0.7361769161090543,8.182105511125336,0.0013925801316618397,0.00021133758956203453,113,0.8030589178825167,8.182105511125336,0.0,0-5
black-pos-045,0,25,10,T0.9_P0.5,0.9,0.5,32,1,-0.0,0.0,0.0,0.0,113,1.0,0.0,0.0,0-5
black-pos-045,0,25,10,T0.9_P0.9,0.9,0.9,32,2,0.8965948740002174,12.519602491802683,0.0,0.0,113,0.6870099377049328,12.519602491802683,0.0,0-5
black-pos-045,0,25,10,T0.9_P0.95,0.9,0.95,32,3,0.9859639940075946,14.93724121498404,0.013176550498117062,0.0,113,0.6779575165680556,14.93724121498404,0.0,0-5
black-pos-045,0,25,10,T0.9_P1,0.9,1.0,32,32,1.3468223322546922,23.299604598026242,0.036218256542951646,0.008456061050902176,113,0.6480047380678625,23.299604598026242,0.0,0-5
black-pos-045,0,25,10,T1_P0.5,1.0,0.5,32,1,-0.0,0.0,0.0,0.0,113,1.0,0.0,0.0,0-5
black-pos-045,0,25,10,T1_P0.9,1.0,0.9,32,2,0.9150676175872572,13.20553226555877,0.0,0.0,113,0.6698616933610307,13.20553226555877,0.0,0-5
black-pos-045,0,25,10,T1_P0.95,1.0,0.95,32,5,1.1899264602744584,19.01747620834966,0.04142783465546458,0.0,113,0.6421107738864403,19.01747620834966,0.0,0-5
black-pos-045,0,25,10,T1_P1,1.0,1.0,32,32,1.5533118806545665,29.57062444107919,0.05375330783133462,0.013512637950923079,113,0.6120793439628348,29.57062444107919,0.0,0-5
black-pos-046,0,41,10,argmax,0.0,0.0,34,1,-0.0,0.0,0.0,0.0,-64,1.0,0.0,0.0,0-5
black-pos-046,0,41,10,T0.5_P0.5,0.5,0.5,34,1,-0.0,0.0,0.0,0.0,-64,1.0,0.0,0.0,0-5
black-pos-046,0,41,10,T0.5_P0.9,0.5,0.9,34,1,-0.0,0.0,0.0,0.0,-64,1.0,0.0,0.0,0-5
black-pos-046,0,41,10,T0.5_P0.95,0.5,0.95,34,1,-0.0,0.0,0.0,0.0,-64,1.0,0.0,0.0,0-5
black-pos-046,0,41,10,T0.5_P1,0.5,1.0,34,34,0.0005802781759278124,0.008941201258265643,3.258603221456661e-05,3.258603221456661e-05,-64,0.9999674139677857,0.008941201258265643,0.0,0-5
black-pos-046,0,41,10,T0.9_P0.5,0.9,0.5,34,1,-0.0,0.0,0.0,0.0,-64,1.0,0.0,0.0,0-5
black-pos-046,0,41,10,T0.9_P0.9,0.9,0.9,34,1,-0.0,0.0,0.0,0.0,-64,1.0,0.0,0.0,0-5
black-pos-046,0,41,10,T0.9_P0.95,0.9,0.95,34,1,-0.0,0.0,0.0,0.0,-64,1.0,0.0,0.0,0-5
black-pos-046,0,41,10,T0.9_P1,0.9,1.0,34,34,0.06731498971949705,1.9356756001042759,0.005945150757164903,0.005945150757164903,-64,0.994054849242835,1.9356756001042759,0.0,0-5
black-pos-046,0,41,10,T1_P0.5,1.0,0.5,34,1,-0.0,0.0,0.0,0.0,-64,1.0,0.0,0.0,0-5
black-pos-046,0,41,10,T1_P0.9,1.0,0.9,34,1,-0.0,0.0,0.0,0.0,-64,1.0,0.0,0.0,0-5
black-pos-046,0,41,10,T1_P0.95,1.0,0.95,34,1,-0.0,0.0,0.0,0.0,-64,1.0,0.0,0.0,0-5
black-pos-046,0,41,10,T1_P1,1.0,1.0,34,34,0.1241667882880316,3.964958207462656,0.011799176116556604,0.011799176116556604,-64,0.9882008238834435,3.964958207462656,0.0,0-5
black-pos-047,0,61,10,argmax,0.0,0.0,30,1,-0.0,23.0,0.0,0.0,-177,0.0,23.0,0.0,0-8
black-pos-047,0,61,10,T0.5_P0.5,0.5,0.5,30,2,0.9674441403549903,28.51852005497215,0.0,0.0,-177,0.0,28.51852005497215,0.0,0-8
black-pos-047,0,61,10,T0.5_P0.9,0.5,0.9,30,3,1.4141608808465307,32.331473576065505,0.0,0.0,-177,0.0,32.331473576065505,0.0,0-8
black-pos-047,0,61,10,T0.5_P0.95,0.5,0.95,30,3,1.4141608808465307,32.331473576065505,0.0,0.0,-177,0.0,32.331473576065505,0.0,0-8
black-pos-047,0,61,10,T0.5_P1,0.5,1.0,30,30,1.706323521578946,32.880498190443795,0.006867076860559248,0.00014677567104610814,-177,0.0026075482275230515,32.880498190443795,0.0,0-8
black-pos-047,0,61,10,T0.9_P0.5,0.9,0.5,30,2,0.9897921079315499,29.16827345033652,0.0,0.0,-177,0.0,29.16827345033652,0.0,0-8
black-pos-047,0,61,10,T0.9_P0.9,0.9,0.9,30,5,1.9725699458218426,34.44620876059446,0.0,0.0,-177,0.0,34.44620876059446,0.0,0-8
black-pos-047,0,61,10,T0.9_P0.95,0.9,0.95,30,7,2.205885317455324,37.690920499719454,0.02901776017248512,0.0,-177,0.019995108034040403,37.690920499719454,0.0,0-8
black-pos-047,0,61,10,T0.9_P1,0.9,1.0,30,30,2.437713687324037,42.080450757602755,0.054732152853518685,0.00548216060368021,-177,0.01931915579101103,42.080450757602755,0.0,0-8
black-pos-047,0,61,10,T1_P0.5,1.0,0.5,30,2,0.9917204608341158,29.250774180990195,0.0,0.0,-177,0.0,29.250774180990195,0.0,0-8
black-pos-047,0,61,10,T1_P0.9,1.0,0.9,30,6,2.1726116806756757,39.77036863898835,0.036295361062869555,0.0,-177,0.0,39.77036863898835,0.0,0-8
black-pos-047,0,61,10,T1_P0.95,1.0,0.95,30,7,2.2878947340396483,38.76409826175988,0.03537701537188763,0.0,-177,0.025302012821726658,38.76409826175988,0.0,0-8
black-pos-047,0,61,10,T1_P1,1.0,1.0,30,30,2.601034246683869,45.12354016233172,0.07190400977318671,0.008742073691847731,-177,0.024072893584880628,45.12354016233172,0.0,0-8
black-pos-048,1,25,10,argmax,0.0,0.0,39,1,-0.0,89.0,0.0,0.0,20,0.0,89.0,0.0,1-5
black-pos-048,1,25,10,T0.5_P0.5,0.5,0.5,39,2,0.9779455456501025,79.9184785457569,0.0,0.0,20,0.0,79.9184785457569,0.0,1-5
black-pos-048,1,25,10,T0.5_P0.9,0.5,0.9,39,5,1.8483621870892806,78.24649234719733,0.0,0.0,20,0.0,78.24649234719733,0.0,1-5
black-pos-048,1,25,10,T0.5_P0.95,0.5,0.95,39,7,2.0859681338045766,77.75876905969074,0.0,0.0,20,0.0,77.75876905969074,0.0,1-5
black-pos-048,1,25,10,T0.5_P1,0.5,1.0,39,39,2.2729532834392203,77.71569314882362,0.000650061162305192,3.6766929297510933e-06,20,2.381363008923576e-05,77.71569314882362,0.0,1-5
black-pos-048,1,25,10,T0.9_P0.5,0.9,0.5,39,3,1.509720285434416,75.96270486348104,0.0,0.0,20,0.0,75.96270486348104,0.0,1-5
black-pos-048,1,25,10,T0.9_P0.9,0.9,0.9,39,8,2.710873026845342,75.84694720551411,0.0,0.0,20,0.0,75.84694720551411,0.0,1-5
black-pos-048,1,25,10,T0.9_P0.95,0.9,0.95,39,12,2.96163382462402,75.46443109539973,0.0,0.0,20,0.0,75.46443109539973,0.0,1-5
black-pos-048,1,25,10,T0.9_P1,0.9,1.0,39,39,3.2208802124640172,76.67343636514063,0.010791306471344101,0.0006508438671641954,20,0.001142692583655579,76.67343636514063,0.0,1-5
black-pos-048,1,25,10,T1_P0.5,1.0,0.5,39,3,1.5226854333345492,75.68843178971512,0.0,0.0,20,0.0,75.68843178971512,0.0,1-5
black-pos-048,1,25,10,T1_P0.9,1.0,0.9,39,9,2.848971153385873,75.54795837287733,0.0,0.0,20,0.0,75.54795837287733,0.0,1-5
black-pos-048,1,25,10,T1_P0.95,1.0,0.95,39,13,3.1112983620827186,75.25720645777812,0.0,0.0,20,0.0,75.25720645777812,0.0,1-5
black-pos-048,1,25,10,T1_P1,1.0,1.0,39,39,3.3890990840340796,76.9772978333342,0.015269718737581957,0.0012588049156139188,20,0.0017889456403175547,76.9772978333342,0.0,1-5
black-pos-049,1,41,10,argmax,0.0,0.0,45,1,-0.0,0.0,0.0,0.0,117,1.0,0.0,0.0,1-5
black-pos-049,1,41,10,T0.5_P0.5,0.5,0.5,45,1,-0.0,0.0,0.0,0.0,117,1.0,0.0,0.0,1-5
black-pos-049,1,41,10,T0.5_P0.9,0.5,0.9,45,2,0.6081456895817967,11.348613817926417,0.0,0.0,117,0.8506761339746524,11.348613817926417,0.0,1-5
black-pos-049,1,41,10,T0.5_P0.95,0.5,0.95,45,2,0.6081456895817967,11.348613817926417,0.0,0.0,117,0.8506761339746524,11.348613817926417,0.0,1-5
black-pos-049,1,41,10,T0.5_P1,0.5,1.0,45,45,0.8069792851665779,12.285131623798208,0.002539230442811002,6.501222066080889e-05,117,0.8292709457279799,12.285131623798208,0.0,1-5
black-pos-049,1,41,10,T0.9_P0.5,0.9,0.5,45,1,-0.0,0.0,0.0,0.0,117,1.0,0.0,0.0,1-5
black-pos-049,1,41,10,T0.9_P0.9,0.9,0.9,45,4,1.3251308467075278,22.783193420072482,0.0,0.0,117,0.6504450651143555,22.783193420072482,0.0,1-5
black-pos-049,1,41,10,T0.9_P0.95,0.9,0.95,45,7,1.6469245888055952,25.625637428822312,0.021914316714374663,0.0,117,0.6143941572404762,25.625637428822312,0.0,1-5
black-pos-049,1,41,10,T0.9_P1,0.9,1.0,45,45,1.9481215508387992,30.18209832360177,0.0373790071751019,0.0058228958909774765,117,0.5915776723427105,30.18209832360177,0.0,1-5
black-pos-049,1,41,10,T1_P0.5,1.0,0.5,45,1,-0.0,0.0,0.0,0.0,117,1.0,0.0,0.0,1-5
black-pos-049,1,41,10,T1_P0.9,1.0,0.9,45,5,1.5671381580347,27.28839944766566,0.02981925710504277,0.0,117,0.599023759275752,27.28839944766566,0.0,1-5
black-pos-049,1,41,10,T1_P0.95,1.0,0.95,45,8,1.8779839760750467,30.13982989596596,0.040524637859528825,0.0,117,0.5651757921398181,30.13982989596596,0.0,1-5
black-pos-049,1,41,10,T1_P1,1.0,1.0,45,45,2.2348298751376294,35.13391004267437,0.051924670488195865,0.009904262505886788,117,0.5392916249779725,35.13391004267437,0.0,1-5
black-pos-050,1,61,10,argmax,0.0,0.0,2,1,-0.0,183.0,1.0,0.0,889,0.0,183.0,0.0,1-8
black-pos-050,1,61,10,T0.5_P0.5,0.5,0.5,2,1,-0.0,183.0,1.0,0.0,889,0.0,183.0,0.0,1-8
black-pos-050,1,61,10,T0.5_P0.9,0.5,0.9,2,2,0.9231602729748059,121.09532571130111,0.6617230913185853,0.0,889,0.3382769086814147,121.09532571130111,0.0,1-8
black-pos-050,1,61,10,T0.5_P0.95,0.5,0.95,2,2,0.9231602729748059,121.09532571130111,0.6617230913185853,0.0,889,0.3382769086814147,121.09532571130111,0.0,1-8
black-pos-050,1,61,10,T0.5_P1,0.5,1.0,2,2,0.9231602729748059,121.09532571130111,0.6617230913185853,0.0,889,0.3382769086814147,121.09532571130111,0.0,1-8
black-pos-050,1,61,10,T0.9_P0.5,0.9,0.5,2,1,-0.0,183.0,1.0,0.0,889,0.0,183.0,0.0,1-8
black-pos-050,1,61,10,T0.9_P0.9,0.9,0.9,2,2,0.9753697524698769,108.35935992383068,0.5921276498569983,0.0,889,0.40787235014300166,108.35935992383068,0.0,1-8
black-pos-050,1,61,10,T0.9_P0.95,0.9,0.95,2,2,0.9753697524698769,108.35935992383068,0.5921276498569983,0.0,889,0.40787235014300166,108.35935992383068,0.0,1-8
black-pos-050,1,61,10,T0.9_P1,0.9,1.0,2,2,0.9753697524698769,108.35935992383068,0.5921276498569983,0.0,889,0.40787235014300166,108.35935992383068,0.0,1-8
black-pos-050,1,61,10,T1_P0.5,1.0,0.5,2,1,-0.0,183.0,1.0,0.0,889,0.0,183.0,0.0,1-8
black-pos-050,1,61,10,T1_P0.9,1.0,0.9,2,2,0.9799843479297663,106.70635987342887,0.5830948626963326,0.0,889,0.4169051373036674,106.70635987342887,0.0,1-8
black-pos-050,1,61,10,T1_P0.95,1.0,0.95,2,2,0.9799843479297663,106.70635987342887,0.5830948626963326,0.0,889,0.4169051373036674,106.70635987342887,0.0,1-8
black-pos-050,1,61,10,T1_P1,1.0,1.0,2,2,0.9799843479297663,106.70635987342887,0.5830948626963326,0.0,889,0.4169051373036674,106.70635987342887,0.0,1-8
black-pos-051,2,25,10,argmax,0.0,0.0,35,1,-0.0,0.0,0.0,0.0,150,1.0,0.0,0.0,2-5
black-pos-051,2,25,10,T0.5_P0.5,0.5,0.5,35,1,-0.0,0.0,0.0,0.0,150,1.0,0.0,0.0,2-5
black-pos-051,2,25,10,T0.5_P0.9,0.5,0.9,35,2,0.749272862393647,21.41137892324666,0.0,0.0,150,0.7858862107675334,21.41137892324666,0.0,2-5
black-pos-051,2,25,10,T0.5_P0.95,0.5,0.95,35,3,0.9901939770436531,37.62081422984086,0.04773256316774691,0.04773256316774691,150,0.7483738475694108,37.62081422984086,0.0,2-5
black-pos-051,2,25,10,T0.5_P1,0.5,1.0,35,35,1.1797218841602828,39.97611061124188,0.06219931488504147,0.05558294600530806,150,0.7322697150674446,39.97611061124188,0.0,2-5
black-pos-051,2,25,10,T0.9_P0.5,0.9,0.5,35,2,0.9116929208184831,32.686661097517295,0.0,0.0,150,0.673133389024827,32.686661097517295,0.0,2-5
black-pos-051,2,25,10,T0.9_P0.9,0.9,0.9,35,6,1.8342820105299142,78.57241000390638,0.17780825774113168,0.14605155829379443,150,0.5293818322087007,78.57241000390638,0.0,2-5
black-pos-051,2,25,10,T0.9_P0.95,0.9,0.95,35,9,2.1022039146889258,86.37052894293116,0.21775369599675837,0.17325020801848343,150,0.5036622972082079,86.37052894293116,0.0,2-5
black-pos-051,2,25,10,T0.9_P1,0.9,1.0,35,35,2.4333245525542235,91.75463804578126,0.2479329210547384,0.1892544091948893,150,0.48016982408098147,91.75463804578126,0.0,2-5
black-pos-051,2,25,10,T1_P0.5,1.0,0.5,35,2,0.927618630401452,34.295523877713556,0.0,0.0,150,0.6570447612228644,34.295523877713556,0.0,2-5
black-pos-051,2,25,10,T1_P0.9,1.0,0.9,35,8,2.167280840004872,92.95540777676224,0.239076617224129,0.2015212778384863,150,0.47251108081208526,92.95540777676224,0.0,2-5
black-pos-051,2,25,10,T1_P0.95,1.0,0.95,35,11,2.4099386126018976,97.62463235258181,0.27425484687838364,0.2067517626727126,150,0.45066643299176246,97.62463235258181,0.0,2-5
black-pos-051,2,25,10,T1_P1,1.0,1.0,35,35,2.700890968782209,102.26544846657713,0.2948729163423765,0.2199176909707347,150,0.4324233833907133,102.26544846657713,0.0,2-5
black-pos-052,2,41,10,argmax,0.0,0.0,33,1,-0.0,45.0,0.0,0.0,-378,0.0,45.0,0.0,2-6
black-pos-052,2,41,10,T0.5_P0.5,0.5,0.5,33,1,-0.0,45.0,0.0,0.0,-378,0.0,45.0,0.0,2-6
black-pos-052,2,41,10,T0.5_P0.9,0.5,0.9,33,3,0.9083073623451062,35.73798233609264,0.0,0.0,-378,0.19581647278901582,35.73798233609264,0.0,2-6
black-pos-052,2,41,10,T0.5_P0.95,0.5,0.95,33,5,1.1630058327827268,37.31241098807531,0.022084269656892076,0.0,-378,0.18761141242765486,37.31241098807531,0.0,2-6
black-pos-052,2,41,10,T0.5_P1,0.5,1.0,33,33,1.411279489070799,37.41850845627722,0.021329965294963244,3.534642812059313e-07,-378,0.1810566463302162,37.41850845627722,0.0,2-6
black-pos-052,2,41,10,T0.9_P0.5,0.9,0.5,33,2,0.902395706890373,30.68171897174011,0.0,0.0,-378,0.3181840228502198,30.68171897174011,0.0,2-6
black-pos-052,2,41,10,T0.9_P0.9,0.9,0.9,33,7,2.2397165976749673,36.960278390178686,0.06650359581003662,0.0,-378,0.21830020043065404,36.960278390178686,0.0,2-6
black-pos-052,2,41,10,T0.9_P0.95,0.9,0.95,33,10,2.4675983416706817,37.048263813422416,0.06351115747380846,0.0,-378,0.20847742497591099,37.048263813422416,0.0,2-6
black-pos-052,2,41,10,T0.9_P1,0.9,1.0,33,33,2.788985799654863,37.73385676091695,0.06272270209336156,0.00013919084936871078,-378,0.19927230126153953,37.73385676091695,0.0,2-6
black-pos-052,2,41,10,T1_P0.5,1.0,0.5,33,2,0.9198961010359367,29.927610283121258,0.0,0.0,-378,0.33494199370841643,29.927610283121258,0.0,2-6
black-pos-052,2,41,10,T1_P0.9,1.0,0.9,33,8,2.473954421206178,37.90143867716073,0.07202612275365641,0.0,-378,0.20993175801819763,37.90143867716073,0.0,2-6
black-pos-052,2,41,10,T1_P0.95,1.0,0.95,33,12,2.70633537478216,37.34233295391446,0.06895832703571446,0.0,-378,0.20099017233114136,37.34233295391446,0.0,2-6
black-pos-052,2,41,10,T1_P1,1.0,1.0,33,33,3.037662896850901,38.33489955088319,0.0691551210370162,0.0002814442727976658,-378,0.19130144452668205,38.33489955088319,0.0,2-6
black-pos-053,2,61,10,argmax,0.0,0.0,28,1,-0.0,9.0,0.0,0.0,425,0.0,9.0,0.0,2-9
black-pos-053,2,61,10,T0.5_P0.5,0.5,0.5,28,2,0.9986948822882316,4.69138133784741,0.0,0.0,425,0.47873540690584326,4.69138133784741,0.0,2-9
black-pos-053,2,61,10,T0.5_P0.9,0.5,0.9,28,2,0.9986948822882316,4.69138133784741,0.0,0.0,425,0.47873540690584326,4.69138133784741,0.0,2-9
black-pos-053,2,61,10,T0.5_P0.95,0.5,0.95,28,3,1.3024515784813764,14.404971610583672,0.07286543338472105,0.0,425,0.4438521440050382,14.404971610583672,0.0,2-9
black-pos-053,2,61,10,T0.5_P1,0.5,1.0,28,28,1.38840936205733,15.533132006786285,0.0751637919414789,0.0005398674464637257,425,0.43903053929810065,15.533132006786285,0.0,2-9
black-pos-053,2,61,10,T0.9_P0.5,0.9,0.5,28,2,0.9995969337688565,4.606367322000672,0.0,0.0,425,0.488181408666592,4.606367322000672,0.0,2-9
black-pos-053,2,61,10,T0.9_P0.9,0.9,0.9,28,3,1.462120462419933,24.849746365587947,0.15175671159996848,0.0,425,0.4140966034231096,24.849746365587947,0.0,2-9
black-pos-053,2,61,10,T0.9_P0.95,0.9,0.95,28,4,1.6513688671003983,26.108842849846315,0.14541924113106183,0.0,425,0.39680362858331314,26.108842849846315,0.0,2-9
black-pos-053,2,61,10,T0.9_P1,0.9,1.0,28,28,1.9734299697824458,42.08012913505402,0.17942086241187574,0.018198479558544384,425,0.378254652795776,42.08012913505402,0.0,2-9
black-pos-053,2,61,10,T1_P0.5,1.0,0.5,28,2,0.9996734990201477,4.595733977785662,0.0,0.0,425,0.48936289135714856,4.595733977785662,0.0,2-9
black-pos-053,2,61,10,T1_P0.9,1.0,0.9,28,4,1.6967922806610423,28.11712053197516,0.15701591147904956,0.0,425,0.38752707422816873,28.11712053197516,0.0,2-9
black-pos-053,2,61,10,T1_P0.95,1.0,0.95,28,5,1.8358043080208082,32.728757346825205,0.18117967874757773,0.0,425,0.37641878148644825,32.728757346825205,0.0,2-9
black-pos-053,2,61,10,T1_P1,1.0,1.0,28,28,2.1352504948412316,51.93876095340408,0.20429400684201426,0.028407697579463882,425,0.36155376116375587,51.93876095340408,0.0,2-9
black-pos-054,0,25,10,argmax,0.0,0.0,43,1,-0.0,33.0,0.0,0.0,210,0.0,33.0,0.0,0-6
black-pos-054,0,25,10,T0.5_P0.5,0.5,0.5,43,1,-0.0,33.0,0.0,0.0,210,0.0,33.0,0.0,0-6
black-pos-054,0,25,10,T0.5_P0.9,0.5,0.9,43,5,1.6263580649189153,44.747304862915385,0.07285142987381694,0.0,210,0.13187413049745286,44.747304862915385,0.0,0-6
black-pos-054,0,25,10,T0.5_P0.95,0.5,0.95,43,6,1.760502338922033,47.05038787428437,0.0976077591395743,0.0,210,0.12835288320071586,47.05038787428437,0.0,0-6
black-pos-054,0,25,10,T0.5_P1,0.5,1.0,43,43,2.016813105392821,49.61277615300672,0.11738793891548849,0.002505974686071306,210,0.12358235545114321,49.61277615300672,0.0,0-6
black-pos-054,0,25,10,T0.9_P0.5,0.9,0.5,43,3,1.422175206350075,37.581217072103,0.0,0.0,210,0.2340861521922686,37.581217072103,0.0,0-6
black-pos-054,0,25,10,T0.9_P0.9,0.9,0.9,43,8,2.624046271098191,62.13411829085859,0.21245788282256406,0.0,210,0.1530652884770602,62.13411829085859,0.0,0-6
black-pos-054,0,25,10,T0.9_P0.95,0.9,0.95,43,11,2.878752129085222,64.81065836123491,0.2462784131082999,0.0,210,0.14414914197060397,64.81065836123491,0.0,0-6
black-pos-054,0,25,10,T0.9_P1,0.9,1.0,43,43,3.1475463514273967,74.86857955696425,0.2772179687043469,0.023688057042522914,210,0.13779820697541664,74.86857955696425,0.0,0-6
black-pos-054,0,25,10,T1_P0.5,1.0,0.5,43,3,1.4530087639856468,37.987469307124286,0.0,0.0,210,0.24498460117177948,37.987469307124286,0.0,0-6
black-pos-054,0,25,10,T1_P0.9,1.0,0.9,43,9,2.818736688291306,66.22844740082078,0.255132830505825,0.0,210,0.14824092037278352,66.22844740082078,0.0,0-6
black-pos-054,0,25,10,T1_P0.95,1.0,0.95,43,12,3.044000608551311,69.40551804348777,0.27771488545771217,0.014341080754696799,210,0.1407446699485993,69.40551804348777,0.0,0-6
black-pos-054,0,25,10,T1_P1,1.0,1.0,43,43,3.320976932634852,80.41811618098814,0.307545207710489,0.030818719487971987,210,0.13424444080361095,80.41811618098814,0.0,0-6
black-pos-055,0,41,10,argmax,0.0,0.0,44,1,-0.0,0.0,0.0,0.0,9997,1.0,0.0,1.0,0-6
black-pos-055,0,41,10,T0.5_P0.5,0.5,0.5,44,1,-0.0,0.0,0.0,0.0,9997,1.0,0.0,1.0,0-6
black-pos-055,0,41,10,T0.5_P0.9,0.5,0.9,44,1,-0.0,0.0,0.0,0.0,9997,1.0,0.0,1.0,0-6
black-pos-055,0,41,10,T0.5_P0.95,0.5,0.95,44,1,-0.0,0.0,0.0,0.0,9997,1.0,0.0,1.0,0-6
black-pos-055,0,41,10,T0.5_P1,0.5,1.0,44,44,0.012260842462823888,9.420708755096708,0.000964497498149601,0.000964497498149601,9997,0.99903550250185,0.9644974981496011,0.99903550250185,0-6
black-pos-055,0,41,10,T0.9_P0.5,0.9,0.5,44,1,-0.0,0.0,0.0,0.0,9997,1.0,0.0,1.0,0-6
black-pos-055,0,41,10,T0.9_P0.9,0.9,0.9,44,1,-0.0,0.0,0.0,0.0,9997,1.0,0.0,1.0,0-6
black-pos-055,0,41,10,T0.9_P0.95,0.9,0.95,44,1,-0.0,0.0,0.0,0.0,9997,1.0,0.0,1.0,0-6
black-pos-055,0,41,10,T0.9_P1,0.9,1.0,44,44,0.2636883706845274,317.722149620222,0.032408569317451584,0.032408569317451584,9997,0.9675914306825483,32.40856931745158,0.9675914306825483,0-6
black-pos-055,0,41,10,T1_P0.5,1.0,0.5,44,1,-0.0,0.0,0.0,0.0,9997,1.0,0.0,1.0,0-6
black-pos-055,0,41,10,T1_P0.9,1.0,0.9,44,1,-0.0,0.0,0.0,0.0,9997,1.0,0.0,1.0,0-6
black-pos-055,0,41,10,T1_P0.95,1.0,0.95,44,2,0.1534810990438895,216.42228129657113,0.022174414067271633,0.022174414067271633,9997,0.9778255859327285,22.174414067271634,0.9778255859327285,0-6
black-pos-055,0,41,10,T1_P1,1.0,1.0,44,44,0.38740819626824136,498.336760369616,0.05075431626274244,0.05075431626274244,9997,0.9492456837372574,50.754316262742435,0.9492456837372574,0-6
black-pos-056,0,61,10,argmax,0.0,0.0,7,1,-0.0,4.0,0.0,0.0,-797,0.0,4.0,0.0,0-9
black-pos-056,0,61,10,T0.5_P0.5,0.5,0.5,7,1,-0.0,4.0,0.0,0.0,-797,0.0,4.0,0.0,0-9
black-pos-056,0,61,10,T0.5_P0.9,0.5,0.9,7,3,1.179692388076377,8.959014146609146,0.0,0.0,-797,0.0,8.959014146609146,0.0,0-9
black-pos-056,0,61,10,T0.5_P0.95,0.5,0.95,7,4,1.3528793811374777,9.163126951447135,0.0,0.0,-797,0.0,9.163126951447135,0.0,0-9
black-pos-056,0,61,10,T0.5_P1,0.5,1.0,7,7,1.5962253102750317,9.56421116365987,0.0,0.0,-797,0.008808436546814322,9.56421116365987,0.0,0-9
black-pos-056,0,61,10,T0.9_P0.5,0.9,0.5,7,2,0.9838018645611619,7.826934525390762,0.0,0.0,-797,0.0,7.826934525390762,0.0,0-9
black-pos-056,0,61,10,T0.9_P0.9,0.9,0.9,7,5,1.9901732776879042,13.374304737547092,0.0,0.0,-797,0.0,13.374304737547092,0.0,0-9
black-pos-056,0,61,10,T0.9_P0.95,0.9,0.95,7,6,2.1531474592940425,12.837842149585217,0.0,0.0,-797,0.04011143745332839,12.837842149585217,0.0,0-9
black-pos-056,0,61,10,T0.9_P1,0.9,1.0,7,7,2.258292344400747,12.709432823057913,0.0,0.0,-797,0.039229145240307524,12.709432823057913,0.0,0-9
black-pos-056,0,61,10,T1_P0.5,1.0,0.5,7,2,0.9868513970281083,7.893377453003788,0.0,0.0,-797,0.0,7.893377453003788,0.0,0-9
black-pos-056,0,61,10,T1_P0.9,1.0,0.9,7,5,2.0472028490511374,13.974880123254344,0.0,0.0,-797,0.0,13.974880123254344,0.0,0-9
black-pos-056,0,61,10,T1_P0.95,1.0,0.95,7,6,2.2257145299258445,13.310624690363232,0.0,0.0,-797,0.04753210238889893,13.310624690363232,0.0,0-9
black-pos-056,0,61,10,T1_P1,1.0,1.0,7,7,2.3460958198009743,13.13731328099746,0.0,0.0,-797,0.04622670774742738,13.13731328099746,0.0,0-9
black-pos-057,1,25,10,argmax,0.0,0.0,36,1,-0.0,0.0,0.0,0.0,-21,1.0,0.0,0.0,1-6
black-pos-057,1,25,10,T0.5_P0.5,0.5,0.5,36,1,-0.0,0.0,0.0,0.0,-21,1.0,0.0,0.0,1-6
black-pos-057,1,25,10,T0.5_P0.9,0.5,0.9,36,1,-0.0,0.0,0.0,0.0,-21,1.0,0.0,0.0,1-6
black-pos-057,1,25,10,T0.5_P0.95,0.5,0.95,36,1,-0.0,0.0,0.0,0.0,-21,1.0,0.0,0.0,1-6
black-pos-057,1,25,10,T0.5_P1,0.5,1.0,36,36,0.017229487700183378,0.33864097309312824,0.001404239738502047,0.0003801222201332141,-21,0.9985957602614981,0.33864097309312824,0.0,1-6
black-pos-057,1,25,10,T0.9_P0.5,0.9,0.5,36,1,-0.0,0.0,0.0,0.0,-21,1.0,0.0,0.0,1-6
black-pos-057,1,25,10,T0.9_P0.9,0.9,0.9,36,1,-0.0,0.0,0.0,0.0,-21,1.0,0.0,0.0,1-6
black-pos-057,1,25,10,T0.9_P0.95,0.9,0.95,36,1,-0.0,0.0,0.0,0.0,-21,1.0,0.0,0.0,1-6
black-pos-057,1,25,10,T0.9_P1,0.9,1.0,36,36,0.3880834171110704,16.605419667185753,0.046180336980291926,0.025340777402574833,-21,0.9538196630197077,16.605419667185753,0.0,1-6
black-pos-057,1,25,10,T1_P0.5,1.0,0.5,36,1,-0.0,0.0,0.0,0.0,-21,1.0,0.0,0.0,1-6
black-pos-057,1,25,10,T1_P0.9,1.0,0.9,36,1,-0.0,0.0,0.0,0.0,-21,1.0,0.0,0.0,1-6
black-pos-057,1,25,10,T1_P0.95,1.0,0.95,36,2,0.19953419925846275,5.306231745931789,0.03103059500544906,0.0,-21,0.9689694049945511,5.306231745931789,0.0,1-6
black-pos-057,1,25,10,T1_P1,1.0,1.0,36,36,0.579456859523515,27.865421493597342,0.07307242575561304,0.04338819216939097,-21,0.9269275742443868,27.865421493597342,0.0,1-6
black-pos-058,1,41,10,argmax,0.0,0.0,27,1,-0.0,3.0,0.0,0.0,-183,0.0,3.0,0.0,1-6
black-pos-058,1,41,10,T0.5_P0.5,0.5,0.5,27,1,-0.0,3.0,0.0,0.0,-183,0.0,3.0,0.0,1-6
black-pos-058,1,41,10,T0.5_P0.9,0.5,0.9,27,2,0.8553449038702896,38.83005314252839,0.27992229017600306,0.0,-183,0.0,38.83005314252839,0.0,1-6
black-pos-058,1,41,10,T0.5_P0.95,0.5,0.95,27,2,0.8553449038702896,38.83005314252839,0.27992229017600306,0.0,-183,0.0,38.83005314252839,0.0,1-6
black-pos-058,1,41,10,T0.5_P1,0.5,1.0,27,27,1.1892406579492314,43.461699560183554,0.2888317929806443,0.0018336615400861768,-183,1.636401209662458e-05,43.461699560183554,0.0,1-6
black-pos-058,1,41,10,T0.9_P0.5,0.9,0.5,27,2,0.9519712231529069,50.578067010346665,0.3717036485183333,0.0,-183,0.0,50.578067010346665,0.0,1-6
black-pos-058,1,41,10,T0.9_P0.9,0.9,0.9,27,5,1.73689632074016,63.970883254985125,0.40127605833656677,0.0,-183,0.0,63.970883254985125,0.0,1-6
black-pos-058,1,41,10,T0.9_P0.95,0.9,0.95,27,7,1.8974542367700638,71.80465316423299,0.41781771544000434,0.017501207689224228,-183,0.0,71.80465316423299,0.0,1-6
black-pos-058,1,41,10,T0.9_P1,0.9,1.0,27,27,2.219407923341687,77.20346044821105,0.43300652770308135,0.0267734408389372,-183,0.0012974007752883147,77.20346044821105,0.0,1-6
black-pos-058,1,41,10,T1_P0.5,1.0,0.5,27,2,0.9608473392924352,52.1574760510632,0.38404278164893124,0.0,-183,0.0,52.1574760510632,0.0,1-6
black-pos-058,1,41,10,T1_P0.9,1.0,0.9,27,5,1.8250180101206124,67.58362176286654,0.4188221287485055,0.0,-183,0.0,67.58362176286654,0.0,1-6
black-pos-058,1,41,10,T1_P0.95,1.0,0.95,27,9,2.1557852150084886,78.10683307476526,0.4410032548908888,0.022365339378384273,-183,0.0,78.10683307476526,0.0,1-6
black-pos-058,1,41,10,T1_P1,1.0,1.0,27,27,2.4607493005340757,85.81274550767182,0.462131180758016,0.03772850015924662,-183,0.0021442962521541617,85.81274550767182,0.0,1-6
black-pos-059,1,61,10,argmax,0.0,0.0,21,1,-0.0,0.0,0.0,0.0,425,1.0,0.0,0.0,1-9
black-pos-059,1,61,10,T0.5_P0.5,0.5,0.5,21,1,-0.0,0.0,0.0,0.0,425,1.0,0.0,0.0,1-9
black-pos-059,1,61,10,T0.5_P0.9,0.5,0.9,21,1,-0.0,0.0,0.0,0.0,425,1.0,0.0,0.0,1-9
black-pos-059,1,61,10,T0.5_P0.95,0.5,0.95,21,1,-0.0,0.0,0.0,0.0,425,1.0,0.0,0.0,1-9
black-pos-059,1,61,10,T0.5_P1,0.5,1.0,21,21,0.0028267987886189546,0.10669410632358935,0.00019453609531960232,0.00019453609531960232,425,0.9998054639046802,0.09951204540780355,7.299840104547565e-07,1-9
black-pos-059,1,61,10,T0.9_P0.5,0.9,0.5,21,1,-0.0,0.0,0.0,0.0,425,1.0,0.0,0.0,1-9
black-pos-059,1,61,10,T0.9_P0.9,0.9,0.9,21,1,-0.0,0.0,0.0,0.0,425,1.0,0.0,0.0,1-9
black-pos-059,1,61,10,T0.9_P0.95,0.9,0.95,21,1,-0.0,0.0,0.0,0.0,425,1.0,0.0,0.0,1-9
black-pos-059,1,61,10,T0.9_P1,0.9,1.0,21,21,0.12880544022564047,13.920446430846773,0.013244720126893353,0.013244720126893353,425,0.986755279873107,8.74298447271416,0.0005321856171363718,1-9
black-pos-059,1,61,10,T1_P0.5,1.0,0.5,21,1,-0.0,0.0,0.0,0.0,425,1.0,0.0,0.0,1-9
black-pos-059,1,61,10,T1_P0.9,1.0,0.9,21,1,-0.0,0.0,0.0,0.0,425,1.0,0.0,0.0,1-9
black-pos-059,1,61,10,T1_P0.95,1.0,0.95,21,1,-0.0,0.0,0.0,0.0,425,1.0,0.0,0.0,1-9
black-pos-059,1,61,10,T1_P1,1.0,1.0,21,21,0.21523919943135938,28.083150008220567,0.023483166626070594,0.023483166626070594,425,0.9765168333739294,16.24926874171595,0.0012166538894196116,1-9
black-pos-060,2,25,10,argmax,0.0,0.0,6,1,-0.0,0.0,0.0,0.0,-209,1.0,0.0,0.0,2-6
black-pos-060,2,25,10,T0.5_P0.5,0.5,0.5,6,1,-0.0,0.0,0.0,0.0,-209,1.0,0.0,0.0,2-6
black-pos-060,2,25,10,T0.5_P0.9,0.5,0.9,6,1,-0.0,0.0,0.0,0.0,-209,1.0,0.0,0.0,2-6
black-pos-060,2,25,10,T0.5_P0.95,0.5,0.95,6,1,-0.0,0.0,0.0,0.0,-209,1.0,0.0,0.0,2-6
black-pos-060,2,25,10,T0.5_P1,0.5,1.0,6,6,0.22664074455288874,2.8096509037011463,8.777195221755893e-07,8.777195221755893e-07,-209,0.9677586419795113,2.8096509037011463,0.0,2-6
black-pos-060,2,25,10,T0.9_P0.5,0.9,0.5,6,1,-0.0,0.0,0.0,0.0,-209,1.0,0.0,0.0,2-6
black-pos-060,2,25,10,T0.9_P0.9,0.9,0.9,6,2,0.5368758965978147,11.404659832190378,0.0,0.0,-209,0.8773692491162326,11.404659832190378,0.0,2-6
black-pos-060,2,25,10,T0.9_P0.95,0.9,0.95,6,3,0.7427462854814281,12.444691733828678,0.0,0.0,-209,0.8454587349120849,12.444691733828678,0.0,2-6
black-pos-060,2,25,10,T0.9_P1,0.9,1.0,6,6,0.8587791738164446,13.837516407462637,0.00045790033419041207,0.00045790033419041207,-209,0.8309230680250155,13.837516407462637,0.0,2-6
black-pos-060,2,25,10,T1_P0.5,1.0,0.5,6,1,-0.0,0.0,0.0,0.0,-209,1.0,0.0,0.0,2-6
black-pos-060,2,25,10,T1_P0.9,1.0,0.9,6,2,0.5982619916407786,13.5241628615408,0.0,0.0,-209,0.854578893961927,13.5241628615408,0.0,2-6
black-pos-060,2,25,10,T1_P0.95,1.0,0.95,6,3,0.8471667382546912,14.79344658250836,0.0,0.0,-209,0.8136093460410916,14.79344658250836,0.0,2-6
black-pos-060,2,25,10,T1_P1,1.0,1.0,6,6,0.9996722662332947,16.893654995226697,0.0009823314350171,0.0009823314350171,-209,0.7935939528383851,16.893654995226697,0.0,2-6
black-pos-061,2,41,10,argmax,0.0,0.0,41,1,-0.0,19.0,0.0,0.0,696,0.0,19.0,0.0,2-7
black-pos-061,2,41,10,T0.5_P0.5,0.5,0.5,41,1,-0.0,19.0,0.0,0.0,696,0.0,19.0,0.0,2-7
black-pos-061,2,41,10,T0.5_P0.9,0.5,0.9,41,2,0.583961425415281,29.352164064506105,0.0,0.0,696,0.0,29.352164064506105,0.0,2-7
black-pos-061,2,41,10,T0.5_P0.95,0.5,0.95,41,3,0.8847004828169847,30.76728974065817,0.0,0.0,696,0.0,30.76728974065817,0.0,2-7
black-pos-061,2,41,10,T0.5_P1,0.5,1.0,41,41,1.0275708636858238,30.896433109161297,0.0007306234815602615,0.0001665221839889675,696,3.081796598361736e-05,30.896427980854792,0.0,2-7
black-pos-061,2,41,10,T0.9_P0.5,0.9,0.5,41,1,-0.0,19.0,0.0,0.0,696,0.0,19.0,0.0,2-7
black-pos-061,2,41,10,T0.9_P0.9,0.9,0.9,41,4,1.6102638245011462,40.09224699873596,0.0,0.0,696,0.0,40.09224699873596,0.0,2-7
black-pos-061,2,41,10,T0.9_P0.95,0.9,0.95,41,4,1.6102638245011462,40.09224699873596,0.0,0.0,696,0.0,40.09224699873596,0.0,2-7
black-pos-061,2,41,10,T0.9_P1,0.9,1.0,41,41,1.9331275786065423,42.945434780460296,0.01645198296884681,0.005674428299679153,696,0.001963747384942738,42.94145239989062,0.0,2-7
black-pos-061,2,41,10,T1_P0.5,1.0,0.5,41,1,-0.0,19.0,0.0,0.0,696,0.0,19.0,0.0,2-7
black-pos-061,2,41,10,T1_P0.9,1.0,0.9,41,4,1.6787379444241504,41.31064739419591,0.0,0.0,696,0.0,41.31064739419591,0.0,2-7
black-pos-061,2,41,10,T1_P0.95,1.0,0.95,41,5,1.7626684841405602,42.68950862841869,0.014260734993689623,0.0,696,0.0,42.68950862841869,0.0,2-7
black-pos-061,2,41,10,T1_P1,1.0,1.0,41,41,2.1439406516485167,45.856923463851075,0.02429702755702447,0.008855515489130822,696,0.003179893663548137,45.8480866961028,0.0,2-7
black-pos-062,2,61,10,argmax,0.0,0.0,11,1,-0.0,0.0,0.0,0.0,-632,1.0,0.0,0.0,2-10
black-pos-062,2,61,10,T0.5_P0.5,0.5,0.5,11,1,-0.0,0.0,0.0,0.0,-632,1.0,0.0,0.0,2-10
black-pos-062,2,61,10,T0.5_P0.9,0.5,0.9,11,1,-0.0,0.0,0.0,0.0,-632,1.0,0.0,0.0,2-10
black-pos-062,2,61,10,T0.5_P0.95,0.5,0.95,11,1,-0.0,0.0,0.0,0.0,-632,1.0,0.0,0.0,2-10
black-pos-062,2,61,10,T0.5_P1,0.5,1.0,11,11,0.020131160604500997,0.17271963830726222,0.0014969629240842745,1.1162734272955193e-06,-632,0.9982253330867119,0.17271963830726222,0.0,2-10
black-pos-062,2,61,10,T0.9_P0.5,0.9,0.5,11,1,-0.0,0.0,0.0,0.0,-632,1.0,0.0,0.0,2-10
black-pos-062,2,61,10,T0.9_P0.9,0.9,0.9,11,1,-0.0,0.0,0.0,0.0,-632,1.0,0.0,0.0,2-10
black-pos-062,2,61,10,T0.9_P0.95,0.9,0.95,11,1,-0.0,0.0,0.0,0.0,-632,1.0,0.0,0.0,2-10
black-pos-062,2,61,10,T0.9_P1,0.9,1.0,11,11,0.3142681314212883,3.555617412310681,0.027229748442803882,0.0007514307458242956,-632,0.9587548861823465,3.555617412310681,0.0,2-10
black-pos-062,2,61,10,T1_P0.5,1.0,0.5,11,1,-0.0,0.0,0.0,0.0,-632,1.0,0.0,0.0,2-10
black-pos-062,2,61,10,T1_P0.9,1.0,0.9,11,1,-0.0,0.0,0.0,0.0,-632,1.0,0.0,0.0,2-10
black-pos-062,2,61,10,T1_P0.95,1.0,0.95,11,2,0.22951512077686906,4.134202868471442,0.037245070887130104,0.0,-632,0.9627549291128698,4.134202868471442,0.0,2-10
black-pos-062,2,61,10,T1_P1,1.0,1.0,11,11,0.4462777609968401,5.341553388909727,0.03928592679544596,0.0017097675100750135,-632,0.9378553159051298,5.341553388909727,0.0,2-10
black-pos-063,0,25,10,argmax,0.0,0.0,39,1,-0.0,0.0,0.0,0.0,246,1.0,0.0,0.0,0-7
black-pos-063,0,25,10,T0.5_P0.5,0.5,0.5,39,1,-0.0,0.0,0.0,0.0,246,1.0,0.0,0.0,0-7
black-pos-063,0,25,10,T0.5_P0.9,0.5,0.9,39,3,1.303501939961996,11.567187329880788,0.0,0.0,246,0.6394465369312556,11.567187329880788,0.0,0-7
black-pos-063,0,25,10,T0.5_P0.95,0.5,0.95,39,3,1.303501939961996,11.567187329880788,0.0,0.0,246,0.6394465369312556,11.567187329880788,0.0,0-7
black-pos-063,0,25,10,T0.5_P1,0.5,1.0,39,39,1.4843757348778066,12.837811789389628,0.0018623621702455243,0.0004217156817391924,246,0.6219757158429039,12.837811789389628,0.0,0-7
black-pos-063,0,25,10,T0.9_P0.5,0.9,0.5,39,2,0.9193352718522487,11.70317051041812,0.0,0.0,246,0.6656236997023394,11.70317051041812,0.0,0-7
black-pos-063,0,25,10,T0.9_P0.9,0.9,0.9,39,4,1.7466649891744008,18.149378323664028,0.0,0.0,246,0.46998184029709245,18.149378323664028,0.0,0-7
black-pos-063,0,25,10,T0.9_P0.95,0.9,0.95,39,5,1.9184341043538422,18.859280804607884,0.0,0.0,246,0.45129110333145706,18.859280804607884,0.0,0-7
black-pos-063,0,25,10,T0.9_P1,0.9,1.0,39,39,2.164222926119208,26.718914857528414,0.03439729365575975,0.010529607486039871,246,0.43571572967799777,26.718914857528414,0.0,0-7
black-pos-063,0,25,10,T1_P0.5,1.0,0.5,39,2,0.9339516864261888,12.245441607888447,0.0,0.0,246,0.6501302397746158,12.245441607888447,0.0,0-7
black-pos-063,0,25,10,T1_P0.9,1.0,0.9,39,4,1.7859609517586739,19.028337579429813,0.0,0.0,246,0.4484121469871036,19.028337579429813,0.0,0-7
black-pos-063,0,25,10,T1_P0.95,1.0,0.95,39,6,2.0693816540684398,21.633980335751318,0.017201068560552604,0.0,246,0.41956152180122896,21.633980335751318,0.0,0-7
black-pos-063,0,25,10,T1_P1,1.0,1.0,39,39,2.3185195643686862,31.37893837584269,0.05029128910424023,0.016112216307120238,246,0.4053305314856985,31.37893837584269,0.0,0-7
black-pos-064,0,41,10,argmax,0.0,0.0,39,1,-0.0,0.0,0.0,0.0,202,1.0,0.0,0.0,0-7
black-pos-064,0,41,10,T0.5_P0.5,0.5,0.5,39,1,-0.0,0.0,0.0,0.0,202,1.0,0.0,0.0,0-7
black-pos-064,0,41,10,T0.5_P0.9,0.5,0.9,39,2,0.4592219440748335,2.520456644889664,0.0,0.0,202,0.9030593598119361,2.520456644889664,0.0,0-7
black-pos-064,0,41,10,T0.5_P0.95,0.5,0.95,39,2,0.4592219440748335,2.520456644889664,0.0,0.0,202,0.9030593598119361,2.520456644889664,0.0,0-7
black-pos-064,0,41,10,T0.5_P1,0.5,1.0,39,39,0.5801539134371497,10.816959768810356,0.016984108087650444,0.016984108087650444,202,0.8877217020353253,10.816959768810356,0.0,0-7
black-pos-064,0,41,10,T0.9_P0.5,0.9,0.5,39,1,-0.0,0.0,0.0,0.0,202,1.0,0.0,0.0,0-7
black-pos-064,0,41,10,T0.9_P0.9,0.9,0.9,39,2,0.7682388797115416,5.836116463146759,0.0,0.0,202,0.7755339821866631,5.836116463146759,0.0,0-7
black-pos-064,0,41,10,T0.9_P0.95,0.9,0.95,39,3,1.1027828379346436,43.5703283827801,0.07777621789270518,0.07777621789270518,202,0.7152158822049159,43.5703283827801,0.0,0-7
black-pos-064,0,41,10,T0.9_P1,0.9,1.0,39,39,1.2888083536371715,53.798992685299254,0.09827276021461658,0.09827276021461658,202,0.6993201171169466,53.798992685299254,0.0,0-7
black-pos-064,0,41,10,T1_P0.5,1.0,0.5,39,1,-0.0,0.0,0.0,0.0,202,1.0,0.0,0.0,0-7
black-pos-064,0,41,10,T1_P0.9,1.0,0.9,39,3,1.177001759748565,51.37106128920195,0.09276975687712295,0.09276975687712295,202,0.683341371486932,51.37106128920195,0.0,0-7
black-pos-064,0,41,10,T1_P0.95,1.0,0.95,39,3,1.177001759748565,51.37106128920195,0.09276975687712295,0.09276975687712295,202,0.683341371486932,51.37106128920195,0.0,0-7
black-pos-064,0,41,10,T1_P1,1.0,1.0,39,39,1.4576223942770754,67.48465272631118,0.12509848072924917,0.12509848072924917,202,0.6589908224802208,67.48465272631118,0.0,0-7
black-pos-065,0,61,10,argmax,0.0,0.0,19,1,-0.0,0.0,0.0,0.0,610,1.0,0.0,0.0,0-11
black-pos-065,0,61,10,T0.5_P0.5,0.5,0.5,19,1,-0.0,0.0,0.0,0.0,610,1.0,0.0,0.0,0-11
black-pos-065,0,61,10,T0.5_P0.9,0.5,0.9,19,1,-0.0,0.0,0.0,0.0,610,1.0,0.0,0.0,0-11
black-pos-065,0,61,10,T0.5_P0.95,0.5,0.95,19,1,-0.0,0.0,0.0,0.0,610,1.0,0.0,0.0,0-11
black-pos-065,0,61,10,T0.5_P1,0.5,1.0,19,19,2.3178208278196763e-05,0.0025179707944794107,1.0380571777741596e-06,1.0380571777741596e-06,610,0.9999989619428222,0.0010380571777741593,1.1550039319198562e-07,0-11
black-pos-065,0,61,10,T0.9_P0.5,0.9,0.5,19,1,-0.0,0.0,0.0,0.0,610,1.0,0.0,0.0,0-11
black-pos-065,0,61,10,T0.9_P0.9,0.9,0.9,19,1,-0.0,0.0,0.0,0.0,610,1.0,0.0,0.0,0-11
black-pos-065,0,61,10,T0.9_P0.95,0.9,0.95,19,1,-0.0,0.0,0.0,0.0,610,1.0,0.0,0.0,0-11
black-pos-065,0,61,10,T0.9_P1,0.9,1.0,19,19,0.011272297195229961,2.5674056184625798,0.0008025795509733213,0.0008025795509733213,610,0.999197420449027,0.8025795509733212,0.0001591104838727025,0-11
black-pos-065,0,61,10,T1_P0.5,1.0,0.5,19,1,-0.0,0.0,0.0,0.0,610,1.0,0.0,0.0,0-11
black-pos-065,0,61,10,T1_P0.9,1.0,0.9,19,1,-0.0,0.0,0.0,0.0,610,1.0,0.0,0.0,0-11
black-pos-065,0,61,10,T1_P0.95,1.0,0.95,19,1,-0.0,0.0,0.0,0.0,610,1.0,0.0,0.0,0-11
black-pos-065,0,61,10,T1_P1,1.0,1.0,19,19,0.025180426934956947,6.376189601184473,0.001936106697535324,0.001936106697535324,610,0.9980638933024647,1.9361066975353238,0.00040467184278255273,0-11
black-pos-066,1,25,10,argmax,0.0,0.0,39,1,-0.0,0.0,0.0,0.0,221,1.0,0.0,0.0,1-7
black-pos-066,1,25,10,T0.5_P0.5,0.5,0.5,39,1,-0.0,0.0,0.0,0.0,221,1.0,0.0,0.0,1-7
black-pos-066,1,25,10,T0.5_P0.9,0.5,0.9,39,4,1.4351424491032407,13.158378761027933,0.0,0.0,221,0.6092629937412479,13.158378761027933,0.0,1-7
black-pos-066,1,25,10,T0.5_P0.95,0.5,0.95,39,7,1.7797147002610119,26.846909781389364,0.044674734458059084,0.044674734458059084,221,0.571353297588684,26.846909781389364,0.0,1-7
black-pos-066,1,25,10,T0.5_P1,0.5,1.0,39,39,2.0096316337622238,31.096663205503788,0.057621733127149084,0.05646400432533829,221,0.5508173480379223,31.096663205503788,0.0,1-7
black-pos-066,1,25,10,T0.9_P0.5,0.9,0.5,39,2,0.9599303248019542,18.752561192308775,0.0,0.0,221,0.6172946695447189,18.752561192308775,0.0,1-7
black-pos-066,1,25,10,T0.9_P0.9,0.9,0.9,39,9,2.7307868865048746,62.39614943397299,0.15490074383037417,0.15490074383037417,221,0.3416371776094209,62.39614943397299,0.0,1-7
black-pos-066,1,25,10,T0.9_P0.95,0.9,0.95,39,11,2.859410337572483,63.367215389516645,0.1603194789810785,0.1508198303942528,221,0.3326366285228937,63.367215389516645,0.0,1-7
black-pos-066,1,25,10,T0.9_P1,0.9,1.0,39,39,3.1574395013629335,66.59936718821999,0.17008744567165837,0.15414196814505451,221,0.31742565969402925,66.59936718821999,0.0,1-7
black-pos-066,1,25,10,T1_P0.5,1.0,0.5,39,3,1.492429821308857,16.296816853001097,0.0,0.0,221,0.48671510581697236,16.296816853001097,0.0,1-7
black-pos-066,1,25,10,T1_P0.9,1.0,0.9,39,9,2.8142208526341337,67.5833916385817,0.17173047167317537,0.17173047167317537,221,0.3138244351948632,67.5833916385817,0.0,1-7
black-pos-066,1,25,10,T1_P0.95,1.0,0.95,39,13,3.0667681040307677,71.17535536482069,0.1842029129973599,0.1720920519255194,221,0.2971743348350454,71.17535536482069,0.0,1-7
black-pos-066,1,25,10,T1_P1,1.0,1.0,39,39,3.346438968674951,73.11595581675505,0.19193840971385331,0.17013169123383884,221,0.2841308187750123,73.11595581675505,0.0,1-7
black-pos-067,1,41,10,argmax,0.0,0.0,44,1,-0.0,2.0,0.0,0.0,640,0.0,2.0,0.0,1-7
black-pos-067,1,41,10,T0.5_P0.5,0.5,0.5,44,1,-0.0,2.0,0.0,0.0,640,0.0,2.0,0.0,1-7
black-pos-067,1,41,10,T0.5_P0.9,0.5,0.9,44,1,-0.0,2.0,0.0,0.0,640,0.0,2.0,0.0,1-7
black-pos-067,1,41,10,T0.5_P0.95,0.5,0.95,44,1,-0.0,2.0,0.0,0.0,640,0.0,2.0,0.0,1-7
black-pos-067,1,41,10,T0.5_P1,0.5,1.0,44,44,0.26459363165923533,6.443779533518315,0.02455142961267544,0.0034729093457284994,640,0.006600312135734769,6.443779533518315,0.0,1-7
black-pos-067,1,41,10,T0.9_P0.5,0.9,0.5,44,1,-0.0,2.0,0.0,0.0,640,0.0,2.0,0.0,1-7
black-pos-067,1,41,10,T0.9_P0.9,0.9,0.9,44,4,0.9421813029514555,26.121004530335686,0.1281430774616712,0.03483007315085123,640,0.05136109321682547,26.121004530335686,0.0,1-7
black-pos-067,1,41,10,T0.9_P0.95,0.9,0.95,44,7,1.2197186379929668,28.926888427253378,0.14667530612879615,0.03336172454004739,640,0.049195838221590155,28.926888427253378,0.0,1-7
black-pos-067,1,41,10,T0.9_P1,0.9,1.0,44,44,1.605848782135408,37.022519217222566,0.18515404500392393,0.04560426540947366,640,0.046972305225601856,37.022519217222566,0.0,1-7
black-pos-067,1,41,10,T1_P0.5,1.0,0.5,44,1,-0.0,2.0,0.0,0.0,640,0.0,2.0,0.0,1-7
black-pos-067,1,41,10,T1_P0.9,1.0,0.9,44,6,1.346667604208993,33.599612660614156,0.16819836882946504,0.043381212447718635,640,0.06153377668298913,33.599612660614156,0.0,1-7
black-pos-067,1,41,10,T1_P0.95,1.0,0.95,44,9,1.5839668563876617,38.0742917201258,0.19905490857573693,0.04177194161201376,640,0.059251117747486766,38.0742917201258,0.0,1-7
black-pos-067,1,41,10,T1_P1,1.0,1.0,44,44,1.9939804163331085,47.50423164039198,0.23886664449908257,0.06216872903216656,640,0.05629114559165571,47.50423164039198,0.0,1-7
black-pos-068,1,61,10,argmax,0.0,0.0,26,1,-0.0,0.0,0.0,0.0,559,1.0,0.0,0.0,1-11
black-pos-068,1,61,10,T0.5_P0.5,0.5,0.5,26,1,-0.0,0.0,0.0,0.0,559,1.0,0.0,0.0,1-11
black-pos-068,1,61,10,T0.5_P0.9,0.5,0.9,26,2,0.9766723458010366,9.84787053058501,0.0,0.0,559,0.5896720612256247,9.84787053058501,0.0,1-11
black-pos-068,1,61,10,T0.5_P0.95,0.5,0.95,26,3,1.1868664067686687,10.315711645858869,0.0,0.0,559,0.564934827361346,10.315711645858869,0.0,1-11
black-pos-068,1,61,10,T0.5_P1,0.5,1.0,26,26,1.3590786657957983,10.853969739778119,1.0757378554290033e-06,1.0757378554290033e-06,559,0.5501103666682815,10.853969739778119,0.0,1-11
black-pos-068,1,61,10,T0.9_P0.5,0.9,0.5,26,2,0.9927185137883212,10.795371562781776,0.0,0.0,559,0.5501928515507593,10.795371562781776,0.0,1-11
black-pos-068,1,61,10,T0.9_P0.9,0.9,0.9,26,4,1.66885939913606,13.433712302211266,0.0,0.0,559,0.451353442554638,13.433712302211266,0.0,1-11
black-pos-068,1,61,10,T0.9_P0.95,0.9,0.95,26,5,1.8022445584533022,13.69016955774509,0.0,0.0,559,0.4392533605991203,13.69016955774509,0.0,1-11
black-pos-068,1,61,10,T0.9_P1,0.9,1.0,26,26,2.083117741285607,14.78170287802285,0.0005310307436890369,0.0005310307436890369,559,0.4221448787563088,14.78170287802285,0.0,1-11
black-pos-068,1,61,10,T1_P0.5,1.0,0.5,26,2,0.9940963290347811,10.915140527879524,0.0,0.0,559,0.5452024780050199,10.915140527879524,0.0,1-11
black-pos-068,1,61,10,T1_P0.9,1.0,0.9,26,4,1.7189757839356552,13.89164913801076,0.0,0.0,559,0.4345554413858115,13.89164913801076,0.0,1-11
black-pos-068,1,61,10,T1_P0.95,1.0,0.95,26,6,1.960303797344212,14.814598127576126,0.0,0.0,559,0.41334871282342234,14.814598127576126,0.0,1-11
black-pos-068,1,61,10,T1_P1,1.0,1.0,26,26,2.2577720799249765,16.05171390878631,0.0011379277053356867,0.0011379277053356867,559,0.3958810410952718,16.05171390878631,0.0,1-11
black-pos-069,2,25,10,argmax,0.0,0.0,38,1,-0.0,0.0,0.0,0.0,605,1.0,0.0,0.0,2-7
black-pos-069,2,25,10,T0.5_P0.5,0.5,0.5,38,1,-0.0,0.0,0.0,0.0,605,1.0,0.0,0.0,2-7
black-pos-069,2,25,10,T0.5_P0.9,0.5,0.9,38,1,-0.0,0.0,0.0,0.0,605,1.0,0.0,0.0,2-7
black-pos-069,2,25,10,T0.5_P0.95,0.5,0.95,38,1,-0.0,0.0,0.0,0.0,605,1.0,0.0,0.0,2-7
black-pos-069,2,25,10,T0.5_P1,0.5,1.0,38,38,0.2923370398700192,17.950946700262126,0.03845639651837675,0.03845639651837675,605,0.9615436034816236,17.95090511018487,0.0,2-7
black-pos-069,2,25,10,T0.9_P0.5,0.9,0.5,38,1,-0.0,0.0,0.0,0.0,605,1.0,0.0,0.0,2-7
black-pos-069,2,25,10,T0.9_P0.9,0.9,0.9,38,3,0.8553847479406502,80.78338621051518,0.1785445889172576,0.1785445889172576,605,0.8214554110827424,80.78338621051518,0.0,2-7
black-pos-069,2,25,10,T0.9_P0.95,0.9,0.95,38,4,0.9806392594938637,92.74257551952714,0.19513301372889735,0.19513301372889735,605,0.8048669862711026,92.74257551952714,0.0,2-7
black-pos-069,2,25,10,T0.9_P1,0.9,1.0,38,38,1.3420862904709907,116.39700652399674,0.23368624510791247,0.23368624510791247,605,0.7663137548920873,116.36942882084153,0.0,2-7
black-pos-069,2,25,10,T1_P0.5,1.0,0.5,38,1,-0.0,0.0,0.0,0.0,605,1.0,0.0,0.0,2-7
black-pos-069,2,25,10,T1_P0.9,1.0,0.9,38,3,0.9614045501795816,96.55143543790817,0.21343961561381064,0.21343961561381064,605,0.7865603843861894,96.55143543790817,0.0,2-7
black-pos-069,2,25,10,T1_P0.95,1.0,0.95,38,6,1.3502255620023607,132.6086608145963,0.2650241619591966,0.2650241619591966,605,0.7349758380408035,132.6086608145963,0.0,2-7
black-pos-069,2,25,10,T1_P1,1.0,1.0,38,38,1.6161728762380678,146.4617293912563,0.2897455507964071,0.2897455507964071,605,0.710254449203593,146.401899490783,0.0,2-7
black-pos-070,2,41,10,argmax,0.0,0.0,26,1,-0.0,58.0,0.0,0.0,-431,0.0,58.0,0.0,2-8
black-pos-070,2,41,10,T0.5_P0.5,0.5,0.5,26,1,-0.0,58.0,0.0,0.0,-431,0.0,58.0,0.0,2-8
black-pos-070,2,41,10,T0.5_P0.9,0.5,0.9,26,1,-0.0,58.0,0.0,0.0,-431,0.0,58.0,0.0,2-8
black-pos-070,2,41,10,T0.5_P0.95,0.5,0.95,26,1,-0.0,58.0,0.0,0.0,-431,0.0,58.0,0.0,2-8
black-pos-070,2,41,10,T0.5_P1,0.5,1.0,26,26,0.049013677666476886,58.442904461579225,0.0038441875198361266,0.0002073641763568039,-431,0.00017238108652093496,58.442904461579225,0.0,2-8
black-pos-070,2,41,10,T0.9_P0.5,0.9,0.5,26,1,-0.0,58.0,0.0,0.0,-431,0.0,58.0,0.0,2-8
black-pos-070,2,41,10,T0.9_P0.9,0.9,0.9,26,1,-0.0,58.0,0.0,0.0,-431,0.0,58.0,0.0,2-8
black-pos-070,2,41,10,T0.9_P0.95,0.9,0.95,26,3,0.36566293702430297,64.3644294750695,0.05582717317997886,0.0,-431,0.0,64.3644294750695,0.0,2-8
black-pos-070,2,41,10,T0.9_P1,0.9,1.0,26,26,0.77794410791771,67.35273040438389,0.07629589389964012,0.015382202726539868,-431,0.007327296069357745,67.35273040438389,0.0,2-8
black-pos-070,2,41,10,T1_P0.5,1.0,0.5,26,1,-0.0,58.0,0.0,0.0,-431,0.0,58.0,0.0,2-8
black-pos-070,2,41,10,T1_P0.9,1.0,0.9,26,3,0.4698772904530021,66.83872415952752,0.0774976262103247,0.0,-431,0.0,66.83872415952752,0.0,2-8
black-pos-070,2,41,10,T1_P0.95,1.0,0.95,26,5,0.6639054768423642,66.23618714667694,0.07539249147701325,0.0,-431,0.011808660978989187,66.23618714667694,0.0,2-8
black-pos-070,2,41,10,T1_P1,1.0,1.0,26,26,1.0900521423192058,71.81214217654208,0.11093133243462386,0.025744619384925234,-431,0.011230635530180163,71.81214217654208,0.0,2-8
black-pos-071,2,61,10,argmax,0.0,0.0,48,1,-0.0,47.0,0.0,0.0,547,0.0,47.0,0.0,2-11
black-pos-071,2,61,10,T0.5_P0.5,0.5,0.5,48,2,0.8964065669625221,32.610090502603,0.0,0.0,547,0.0,32.610090502603,0.0,2-11
black-pos-071,2,61,10,T0.5_P0.9,0.5,0.9,48,4,1.83907480555945,22.08381536487825,0.0,0.0,547,0.19522482214351114,22.08381536487825,0.0,2-11
black-pos-071,2,61,10,T0.5_P0.95,0.5,0.95,48,4,1.83907480555945,22.08381536487825,0.0,0.0,547,0.19522482214351114,22.08381536487825,0.0,2-11
black-pos-071,2,61,10,T0.5_P1,0.5,1.0,48,48,1.9815739864627326,22.588943905125426,0.002558558913586508,4.960756256265491e-07,547,0.1916702789801129,22.588943905125426,0.0,2-11
black-pos-071,2,61,10,T0.9_P0.5,0.9,0.5,48,2,0.9663370764431676,28.949149604088536,0.0,0.0,547,0.0,28.949149604088536,0.0,2-11
black-pos-071,2,61,10,T0.9_P0.9,0.9,0.9,48,6,2.209295958656033,20.033147509694,0.017637033293986498,0.0,547,0.21094805023080934,20.033147509694,0.0,2-11
black-pos-071,2,61,10,T0.9_P0.95,0.9,0.95,48,10,2.4613239323095844,20.786574913141486,0.016845007148258873,0.0,547,0.20147500743567942,20.786574913141486,0.0,2-11
black-pos-071,2,61,10,T0.9_P1,0.9,1.0,48,48,2.8027936287079993,23.81178013898063,0.027255574280206436,0.0002847087223695029,547,0.1922528310452624,23.81178013898063,0.0,2-11
black-pos-071,2,61,10,T1_P0.5,1.0,0.5,48,3,1.5557844459609762,20.492651608712972,0.0,0.0,547,0.2801378695786839,20.492651608712972,0.0,2-11
black-pos-071,2,61,10,T1_P0.9,1.0,0.9,48,8,2.4332255539143395,21.299191339674373,0.02179898823548636,0.0,547,0.20342827655871804,21.299191339674373,0.0,2-11
black-pos-071,2,61,10,T1_P0.95,1.0,0.95,48,13,2.6961185813609303,22.61547264382348,0.020793904407170057,0.0,547,0.19404882881634156,22.61547264382348,0.0,2-11
black-pos-071,2,61,10,T1_P1,1.0,1.0,48,48,3.024671941077859,25.690876801650724,0.03671060257187322,0.0006197884988864266,547,0.18525055539987725,25.690876801650724,0.0,2-11
black-pos-072,0,25,10,argmax,0.0,0.0,30,1,-0.0,30.0,0.0,0.0,-433,0.0,30.0,0.0,0-8
black-pos-072,0,25,10,T0.5_P0.5,0.5,0.5,30,1,-0.0,30.0,0.0,0.0,-433,0.0,30.0,0.0,0-8
black-pos-072,0,25,10,T0.5_P0.9,0.5,0.9,30,2,0.7707488801135642,23.223784135209016,0.0,0.0,-433,0.2258738621596995,23.223784135209016,0.0,0-8
black-pos-072,0,25,10,T0.5_P0.95,0.5,0.95,30,2,0.7707488801135642,23.223784135209016,0.0,0.0,-433,0.2258738621596995,23.223784135209016,0.0,0-8
black-pos-072,0,25,10,T0.5_P1,0.5,1.0,30,30,0.7723008821667547,23.259716618335904,0.00010880096634674752,0.0001075737974297445,-433,0.225849286865224,23.257962571973522,2.0481624969447726e-07,0-8
black-pos-072,0,25,10,T0.9_P0.5,0.9,0.5,30,1,-0.0,30.0,0.0,0.0,-433,0.0,30.0,0.0,0-8
black-pos-072,0,25,10,T0.9_P0.9,0.9,0.9,30,2,0.9202499782458697,19.940999383531302,0.0,0.0,-433,0.3353000205489567,19.940999383531302,0.0,0-8
black-pos-072,0,25,10,T0.9_P0.95,0.9,0.95,30,2,0.9202499782458697,19.940999383531302,0.0,0.0,-433,0.3353000205489567,19.940999383531302,0.0,0-8
black-pos-072,0,25,10,T0.9_P1,0.9,1.0,30,30,0.9881731112780091,23.30703415712772,0.006977323298630227,0.006581555628259271,-433,0.3329605239035492,22.053459101889068,0.00014637728342347647,0-8
black-pos-072,0,25,10,T1_P0.5,1.0,0.5,30,1,-0.0,30.0,0.0,0.0,-433,0.0,30.0,0.0,0-8
black-pos-072,0,25,10,T1_P0.9,1.0,0.9,30,2,0.9347087884969236,19.478421768587992,0.0,0.0,-433,0.3507192743804004,19.478421768587992,0.0,0-8
black-pos-072,0,25,10,T1_P0.95,1.0,0.95,30,2,0.9347087884969236,19.478421768587992,0.0,0.0,-433,0.3507192743804004,19.478421768587992,0.0,0-8
black-pos-072,0,25,10,T1_P1,1.0,1.0,30,30,1.0499000192228998,26.056834588976702,0.012473881485380494,0.01166655158709289,-433,0.3463444437171405,23.23222956998097,0.00032982309890188405,0-8
black-pos-073,0,41,10,argmax,0.0,0.0,20,1,-0.0,15.0,0.0,0.0,-441,0.0,15.0,0.0,0-8
black-pos-073,0,41,10,T0.5_P0.5,0.5,0.5,20,1,-0.0,15.0,0.0,0.0,-441,0.0,15.0,0.0,0-8
black-pos-073,0,41,10,T0.5_P0.9,0.5,0.9,20,1,-0.0,15.0,0.0,0.0,-441,0.0,15.0,0.0,0-8
black-pos-073,0,41,10,T0.5_P0.95,0.5,0.95,20,1,-0.0,15.0,0.0,0.0,-441,0.0,15.0,0.0,0-8
black-pos-073,0,41,10,T0.5_P1,0.5,1.0,20,20,0.1325956728962739,14.723459939884252,3.168857132177261e-07,8.666981269033637e-08,-441,0.018439650840860328,14.723459939884252,0.0,0-8
black-pos-073,0,41,10,T0.9_P0.5,0.9,0.5,20,1,-0.0,15.0,0.0,0.0,-441,0.0,15.0,0.0,0-8
black-pos-073,0,41,10,T0.9_P0.9,0.9,0.9,20,1,-0.0,15.0,0.0,0.0,-441,0.0,15.0,0.0,0-8
black-pos-073,0,41,10,T0.9_P0.95,0.9,0.95,20,2,0.4658892869095157,13.514662614622086,0.0,0.0,-441,0.09902249235852745,13.514662614622086,0.0,0-8
black-pos-073,0,41,10,T0.9_P1,0.9,1.0,20,20,0.4736121099821176,13.604465370470132,0.0005153863196609166,0.00014008811355837255,-441,0.09897145752062714,13.604465370470132,0.0,0-8
black-pos-073,0,41,10,T1_P0.5,1.0,0.5,20,1,-0.0,15.0,0.0,0.0,-441,0.0,15.0,0.0,0-8
black-pos-073,0,41,10,T1_P0.9,1.0,0.9,20,2,0.5309130613869403,13.191889682414427,0.0,0.0,-441,0.12054068783903832,13.191889682414427,0.0,0-8
black-pos-073,0,41,10,T1_P0.95,1.0,0.95,20,2,0.5309130613869403,13.191889682414427,0.0,0.0,-441,0.12054068783903832,13.191889682414427,0.0,0-8
black-pos-073,0,41,10,T1_P1,1.0,1.0,20,20,0.5490023183598202,13.422425311549576,0.0013200807714922483,0.000358632100327985,-441,0.12038156439483956,13.422425311549576,0.0,0-8
black-pos-074,0,61,10,argmax,0.0,0.0,2,1,-0.0,0.0,0.0,0.0,-770,1.0,0.0,0.0,0-12
black-pos-074,0,61,10,T0.5_P0.5,0.5,0.5,2,1,-0.0,0.0,0.0,0.0,-770,1.0,0.0,0.0,0-12
black-pos-074,0,61,10,T0.5_P0.9,0.5,0.9,2,1,-0.0,0.0,0.0,0.0,-770,1.0,0.0,0.0,0-12
black-pos-074,0,61,10,T0.5_P0.95,0.5,0.95,2,2,0.3805964369048021,1.5535381637209416,0.0,0.0,-770,0.9260219922037648,1.5535381637209416,0.0,0-12
black-pos-074,0,61,10,T0.5_P1,0.5,1.0,2,2,0.3805964369048021,1.5535381637209416,0.0,0.0,-770,0.9260219922037648,1.5535381637209416,0.0,0-12
black-pos-074,0,61,10,T0.9_P0.5,0.9,0.5,2,1,-0.0,0.0,0.0,0.0,-770,1.0,0.0,0.0,0-12
black-pos-074,0,61,10,T0.9_P0.9,0.9,0.9,2,2,0.716268894358488,4.140953965520793,0.0,0.0,-770,0.8028117159275813,4.140953965520793,0.0,0-12
black-pos-074,0,61,10,T0.9_P0.95,0.9,0.95,2,2,0.716268894358488,4.140953965520793,0.0,0.0,-770,0.8028117159275813,4.140953965520793,0.0,0-12
black-pos-074,0,61,10,T0.9_P1,0.9,1.0,2,2,0.716268894358488,4.140953965520793,0.0,0.0,-770,0.8028117159275813,4.140953965520793,0.0,0-12
black-pos-074,0,61,10,T1_P0.5,1.0,0.5,2,1,-0.0,0.0,0.0,0.0,-770,1.0,0.0,0.0,0-12
black-pos-074,0,61,10,T1_P0.9,1.0,0.9,2,2,0.7608257605351088,4.627576735303718,0.0,0.0,-770,0.7796392030807754,4.627576735303718,0.0,0-12
black-pos-074,0,61,10,T1_P0.95,1.0,0.95,2,2,0.7608257605351088,4.627576735303718,0.0,0.0,-770,0.7796392030807754,4.627576735303718,0.0,0-12
black-pos-074,0,61,10,T1_P1,1.0,1.0,2,2,0.7608257605351088,4.627576735303718,0.0,0.0,-770,0.7796392030807754,4.627576735303718,0.0,0-12
black-pos-075,1,25,10,argmax,0.0,0.0,39,1,-0.0,0.0,0.0,0.0,356,1.0,0.0,0.0,1-8
black-pos-075,1,25,10,T0.5_P0.5,0.5,0.5,39,2,0.9904669475512593,3.9832541556790506,0.0,0.0,356,0.5574162049245498,3.9832541556790506,0.0,1-8
black-pos-075,1,25,10,T0.5_P0.9,0.5,0.9,39,3,1.3137433893072998,20.01102840160733,0.08013216182610619,0.08013216182610619,356,0.5127492393870419,20.01102840160733,0.0,1-8
black-pos-075,1,25,10,T0.5_P0.95,0.5,0.95,39,3,1.3137433893072998,20.01102840160733,0.08013216182610619,0.08013216182610619,356,0.5127492393870419,20.01102840160733,0.0,1-8
black-pos-075,1,25,10,T0.5_P1,0.5,1.0,39,39,1.4587721745166997,26.150955907252396,0.10523834501105787,0.10522170226918084,356,0.49875464603594555,26.150955907252396,0.0,1-8
black-pos-075,1,25,10,T0.9_P0.5,0.9,0.5,39,2,0.9970441835821804,4.2120410500868655,0.0,0.0,356,0.5319954388792372,4.2120410500868655,0.0,1-8
black-pos-075,1,25,10,T0.9_P0.9,0.9,0.9,39,3,1.4710639669148242,36.06913274545823,0.1594545129887329,0.1594545129887329,356,0.4471663652605212,36.06913274545823,0.0,1-8
black-pos-075,1,25,10,T0.9_P0.95,0.9,0.95,39,4,1.759036277670765,53.14055738030612,0.22813421131302364,0.22813421131302364,356,0.41062907900839657,53.14055738030612,0.0,1-8
black-pos-075,1,25,10,T0.9_P1,0.9,1.0,39,39,1.7908436244685988,53.749561493173786,0.23037120208646542,0.2284053564989583,356,0.40943901012011064,53.749561493173786,0.0,1-8
black-pos-075,1,25,10,T1_P0.5,1.0,0.5,39,2,0.9976048559471058,4.240769657787636,0.0,0.0,356,0.5288033713569293,4.240769657787636,0.0,1-8
black-pos-075,1,25,10,T1_P0.9,1.0,0.9,39,3,1.489418312320617,38.77967733984704,0.1729026870142119,0.1729026870142119,356,0.43737184754714203,38.77967733984704,0.0,1-8
black-pos-075,1,25,10,T1_P0.95,1.0,0.95,39,4,1.7969273535818595,57.91458889708818,0.2496479550317414,0.2496479550317414,356,0.39678869108378134,57.91458889708818,0.0,1-8
black-pos-075,1,25,10,T1_P1,1.0,1.0,39,39,1.854372035461954,59.149976567172146,0.25387385386031835,0.25031868998797874,356,0.39455402153621666,59.149976567172146,0.0,1-8
black-pos-076,1,41,10,argmax,0.0,0.0,20,1,-0.0,115.0,1.0,0.0,422,0.0,115.0,0.0,1-8
black-pos-076,1,41,10,T0.5_P0.5,0.5,0.5,20,1,-0.0,115.0,1.0,0.0,422,0.0,115.0,0.0,1-8
black-pos-076,1,41,10,T0.5_P0.9,0.5,0.9,20,2,0.9634759448414905,70.38363716158311,0.612031627492027,0.0,422,0.3879683725079729,70.38363716158311,0.0,1-8
black-pos-076,1,41,10,T0.5_P0.95,0.5,0.95,20,2,0.9634759448414905,70.38363716158311,0.612031627492027,0.0,422,0.3879683725079729,70.38363716158311,0.0,1-8
black-pos-076,1,41,10,T0.5_P1,0.5,1.0,20,20,0.9635425547772266,70.38703356779403,0.6120329650784879,3.4476688197763223e-06,422,0.3879670349215119,70.38684174988622,0.0,1-8
black-pos-076,1,41,10,T0.9_P0.5,0.9,0.5,20,1,-0.0,115.0,1.0,0.0,422,0.0,115.0,0.0,1-8
black-pos-076,1,41,10,T0.9_P0.9,0.9,0.9,20,2,0.9885255542154489,64.74243090539785,0.5629776600469378,0.0,422,0.43702233995306206,64.74243090539785,0.0,1-8
black-pos-076,1,41,10,T0.9_P0.95,0.9,0.95,20,2,0.9885255542154489,64.74243090539785,0.5629776600469378,0.0,422,0.43702233995306206,64.74243090539785,0.0,1-8
black-pos-076,1,41,10,T0.9_P1,0.9,1.0,20,20,1.00123946817333,65.78290507039532,0.5634288475464795,0.001032412895848188,422,0.4365711524535209,65.70714845313118,0.0,1-8
black-pos-076,1,41,10,T1_P0.5,1.0,0.5,20,1,-0.0,115.0,1.0,0.0,422,0.0,115.0,0.0,1-8
black-pos-076,1,41,10,T1_P0.9,1.0,0.9,20,2,0.9906916098059725,64.02476596164941,0.5567370953186905,0.0,422,0.44326290468130947,64.02476596164941,0.0,1-8
black-pos-076,1,41,10,T1_P0.95,1.0,0.95,20,2,0.9906916098059725,64.02476596164941,0.5567370953186905,0.0,422,0.44326290468130947,64.02476596164941,0.0,1-8
black-pos-076,1,41,10,T1_P1,1.0,1.0,20,20,1.0160066008642088,66.25800614263346,0.5577165052814934,0.002209546416943624,422,0.44228349471850686,66.09063699459473,0.0,1-8
black-pos-077,1,61,10,argmax,0.0,0.0,40,1,-0.0,0.0,0.0,0.0,9999,1.0,0.0,1.0,1-12
black-pos-077,1,61,10,T0.5_P0.5,0.5,0.5,40,1,-0.0,0.0,0.0,0.0,9999,1.0,0.0,1.0,1-12
black-pos-077,1,61,10,T0.5_P0.9,0.5,0.9,40,3,0.9242190676059909,0.2089323873646471,0.0,0.0,9999,0.7910676126353529,0.2089323873646471,1.0,1-12
black-pos-077,1,61,10,T0.5_P0.95,0.5,0.95,40,3,0.9242190676059909,0.2089323873646471,0.0,0.0,9999,0.7910676126353529,0.2089323873646471,1.0,1-12
black-pos-077,1,61,10,T0.5_P1,0.5,1.0,40,40,1.1320404764631677,3.1628918359409437,0.00030779738665339437,0.00030779738665339437,9999,0.7595910444342283,0.5873817538539461,0.9996922026133468,1-12
black-pos-077,1,61,10,T0.9_P0.5,0.9,0.5,40,1,-0.0,0.0,0.0,0.0,9999,1.0,0.0,1.0,1-12
black-pos-077,1,61,10,T0.9_P0.9,0.9,0.9,40,4,1.6836526619719385,0.5592131569158743,0.0,0.0,9999,0.5465076746257224,0.5592131569158743,1.0,1-12
black-pos-077,1,61,10,T0.9_P0.95,0.9,0.95,40,4,1.6836526619719385,0.5592131569158743,0.0,0.0,9999,0.5465076746257224,0.5592131569158743,1.0,1-12
black-pos-077,1,61,10,T0.9_P1,0.9,1.0,40,40,1.8132300854671608,141.24897716452477,0.014907831992896248,0.014907831992896248,9999,0.5382508993947227,15.459398093791673,0.9850921680071039,1-12
black-pos-077,1,61,10,T1_P0.5,1.0,0.5,40,1,-0.0,0.0,0.0,0.0,9999,1.0,0.0,1.0,1-12
black-pos-077,1,61,10,T1_P0.9,1.0,0.9,40,4,1.7422456058124733,0.6020262134850228,0.0,0.0,9999,0.5155006310512203,0.6020262134850228,0.9999999999999999,1-12
black-pos-077,1,61,10,T1_P0.95,1.0,0.95,40,4,1.7422456058124733,0.6020262134850228,0.0,0.0,9999,0.5155006310512203,0.6020262134850228,0.9999999999999999,1-12
black-pos-077,1,61,10,T1_P1,1.0,1.0,40,40,1.9374248641216694,229.00288593084497,0.024164253336249174,0.024164253336249174,9999,0.5028313689443126,24.753133240238334,0.9758357466637508,1-12
black-pos-078,2,25,10,argmax,0.0,0.0,24,1,-0.0,0.0,0.0,0.0,-250,1.0,0.0,0.0,2-8
black-pos-078,2,25,10,T0.5_P0.5,0.5,0.5,24,2,0.8734563870685539,123.94254932024361,0.2937027235076863,0.2937027235076863,-250,0.7062972764923138,123.94254932024361,0.0,2-8
black-pos-078,2,25,10,T0.5_P0.9,0.5,0.9,24,4,1.8576262424228325,125.49818787741506,0.37576253219542677,0.37576253219542677,-250,0.4545690959611958,125.49818787741506,0.0,2-8
black-pos-078,2,25,10,T0.5_P0.95,0.5,0.95,24,5,1.98600906543473,125.00195636025549,0.39250829711949903,0.36568234419654055,-250,0.442374846792709,125.00195636025549,0.0,2-8
black-pos-078,2,25,10,T0.5_P1,0.5,1.0,24,24,2.23234595965381,126.70018093456076,0.4159971102910608,0.3685263930559732,-250,0.4252703166751081,126.6929685864502,8.246453362179017e-07,2-8
black-pos-078,2,25,10,T0.9_P0.5,0.9,0.5,24,3,1.5430536766006635,172.4781992431855,0.5504000516925649,0.5504000516925649,-250,0.44959994830743516,172.4781992431855,0.0,2-8
black-pos-078,2,25,10,T0.9_P0.9,0.9,0.9,24,7,2.495456048413012,144.51301810741936,0.519043231032771,0.4038148506234202,-250,0.30471300485328323,144.51301810741936,0.0,2-8
black-pos-078,2,25,10,T0.9_P0.95,0.9,0.95,24,9,2.700750625989607,147.37996840569298,0.5420165743503621,0.4097175391201319,-250,0.2901581073541562,147.37996840569298,0.0,2-8
black-pos-078,2,25,10,T0.9_P1,0.9,1.0,24,24,2.928579039124974,151.39906615916652,0.5608590586247542,0.42737084599958214,-250,0.27822034002741786,149.7673523780785,0.00018656686269015045,2-8
black-pos-078,2,25,10,T1_P0.5,1.0,0.5,24,3,1.551204783000816,176.25369274780343,0.5625143353705699,0.5625143353705699,-250,0.4374856646294301,176.25369274780343,0.0,2-8
black-pos-078,2,25,10,T1_P0.9,1.0,0.9,24,8,2.6630938518121594,149.13934893173797,0.5501504330887531,0.42548833610718606,-250,0.27924615931049124,149.13934893173797,0.0,2-8
black-pos-078,2,25,10,T1_P0.95,1.0,0.95,24,10,2.8727952456756602,151.4587344243501,0.5737846618786395,0.429099317061317,-250,0.2645751045773357,151.4587344243501,0.0,2-8
black-pos-078,2,25,10,T1_P1,1.0,1.0,24,24,3.055034380019962,156.04209202501738,0.5860647961177144,0.43602824948116126,-250,0.2569521555421185,152.91267957092003,0.0003578107082205962,2-8
black-pos-079,2,41,10,argmax,0.0,0.0,35,1,-0.0,0.0,0.0,0.0,605,1.0,0.0,0.0,2-9
black-pos-079,2,41,10,T0.5_P0.5,0.5,0.5,35,1,-0.0,0.0,0.0,0.0,605,1.0,0.0,0.0,2-9
black-pos-079,2,41,10,T0.5_P0.9,0.5,0.9,35,1,-0.0,0.0,0.0,0.0,605,1.0,0.0,0.0,2-9
black-pos-079,2,41,10,T0.5_P0.95,0.5,0.95,35,1,-0.0,0.0,0.0,0.0,605,1.0,0.0,0.0,2-9
black-pos-079,2,41,10,T0.5_P1,0.5,1.0,35,35,0.0010679162912238039,0.012215102849998006,6.42684681773235e-05,6.840208926873435e-06,605,0.9999357315318226,0.012215102849998006,0.0,2-9
black-pos-079,2,41,10,T0.9_P0.5,0.9,0.5,35,1,-0.0,0.0,0.0,0.0,605,1.0,0.0,0.0,2-9
black-pos-079,2,41,10,T0.9_P0.9,0.9,0.9,35,1,-0.0,0.0,0.0,0.0,605,1.0,0.0,0.0,2-9
black-pos-079,2,41,10,T0.9_P0.95,0.9,0.95,35,1,-0.0,0.0,0.0,0.0,605,1.0,0.0,0.0,2-9
black-pos-079,2,41,10,T0.9_P1,0.9,1.0,35,35,0.10223141130795114,2.0285870415954363,0.009138521357450094,0.0034675498742535787,605,0.9908614786425499,2.0285870415954363,0.0,2-9
black-pos-079,2,41,10,T1_P0.5,1.0,0.5,35,1,-0.0,0.0,0.0,0.0,605,1.0,0.0,0.0,2-9
black-pos-079,2,41,10,T1_P0.9,1.0,0.9,35,1,-0.0,0.0,0.0,0.0,605,1.0,0.0,0.0,2-9
black-pos-079,2,41,10,T1_P0.95,1.0,0.95,35,1,-0.0,0.0,0.0,0.0,605,1.0,0.0,0.0,2-9
black-pos-079,2,41,10,T1_P1,1.0,1.0,35,35,0.18830657200825407,4.125708257342895,0.0179646354583466,0.007789755230343386,605,0.9820353645416535,4.125708257342895,0.0,2-9
black-pos-080,2,61,10,argmax,0.0,0.0,10,1,-0.0,35.0,0.0,0.0,245,0.0,35.0,0.0,2-16
black-pos-080,2,61,10,T0.5_P0.5,0.5,0.5,10,1,-0.0,35.0,0.0,0.0,245,0.0,35.0,0.0,2-16
black-pos-080,2,61,10,T0.5_P0.9,0.5,0.9,10,2,0.6318395059718946,33.251331179768535,0.0,0.0,245,0.0,33.251331179768535,0.0,2-16
black-pos-080,2,61,10,T0.5_P0.95,0.5,0.95,10,2,0.6318395059718946,33.251331179768535,0.0,0.0,245,0.0,33.251331179768535,0.0,2-16
black-pos-080,2,61,10,T0.5_P1,0.5,1.0,10,10,0.6696746013758544,33.31337998921231,9.43531962371225e-09,6.549060201458148e-10,245,0.0010694429714843603,33.31337998921231,0.0,2-16
black-pos-080,2,61,10,T0.9_P0.5,0.9,0.5,10,1,-0.0,35.0,0.0,0.0,245,0.0,35.0,0.0,2-16
black-pos-080,2,61,10,T0.9_P0.9,0.9,0.9,10,2,0.860626634978332,31.877791548158783,0.0,0.0,245,0.0,31.877791548158783,0.0,2-16
black-pos-080,2,61,10,T0.9_P0.95,0.9,0.95,10,3,0.9947295260610582,33.317675443356706,0.0,0.0,245,0.0,33.317675443356706,0.0,2-16
black-pos-080,2,61,10,T0.9_P1,0.9,1.0,10,10,1.2211715709569175,32.65605278506347,3.085376340679522e-05,5.899849128049514e-06,245,0.016691513204054,32.65605278506347,0.0,2-16
black-pos-080,2,61,10,T1_P0.5,1.0,0.5,10,1,-0.0,35.0,0.0,0.0,245,0.0,35.0,0.0,2-16
black-pos-080,2,61,10,T1_P0.9,1.0,0.9,10,2,0.8849516595787315,31.666776301656824,0.0,0.0,245,0.0,31.666776301656824,0.0,2-16
black-pos-080,2,61,10,T1_P0.95,1.0,0.95,10,3,1.0534151458641725,33.63659257253963,0.0,0.0,245,0.0,33.63659257253963,0.0,2-16
black-pos-080,2,61,10,T1_P1,1.0,1.0,10,10,1.3497593892772493,32.73164382875991,8.386456158231835e-05,1.7990604519780926e-05,245,0.022989794048512056,32.73164382875991,0.0,2-16
black-pos-081,0,25,10,argmax,0.0,0.0,40,1,-0.0,0.0,0.0,0.0,109,1.0,0.0,0.0,0-9
black-pos-081,0,25,10,T0.5_P0.5,0.5,0.5,40,1,-0.0,0.0,0.0,0.0,109,1.0,0.0,0.0,0-9
black-pos-081,0,25,10,T0.5_P0.9,0.5,0.9,40,1,-0.0,0.0,0.0,0.0,109,1.0,0.0,0.0,0-9
black-pos-081,0,25,10,T0.5_P0.95,0.5,0.95,40,1,-0.0,0.0,0.0,0.0,109,1.0,0.0,0.0,0-9
black-pos-081,0,25,10,T0.5_P1,0.5,1.0,40,40,0.005330779833778171,0.07952791014540705,0.0002566087232198703,0.0002566087232198703,109,0.9996263707832113,0.07952791014540705,0.0,0-9
black-pos-081,0,25,10,T0.9_P0.5,0.9,0.5,40,1,-0.0,0.0,0.0,0.0,109,1.0,0.0,0.0,0-9
black-pos-081,0,25,10,T0.9_P0.9,0.9,0.9,40,1,-0.0,0.0,0.0,0.0,109,1.0,0.0,0.0,0-9
black-pos-081,0,25,10,T0.9_P0.95,0.9,0.95,40,1,-0.0,0.0,0.0,0.0,109,1.0,0.0,0.0,0-9
black-pos-081,0,25,10,T0.9_P1,0.9,1.0,40,40,0.20723730411172242,6.283991710755895,0.015802690919435234,0.015802690919435234,109,0.9777993570258635,6.283991710755895,0.0,0-9
black-pos-081,0,25,10,T1_P0.5,1.0,0.5,40,1,-0.0,0.0,0.0,0.0,109,1.0,0.0,0.0,0-9
black-pos-081,0,25,10,T1_P0.9,1.0,0.9,40,1,-0.0,0.0,0.0,0.0,109,1.0,0.0,0.0,0-9
black-pos-081,0,25,10,T1_P0.95,1.0,0.95,40,1,-0.0,0.0,0.0,0.0,109,1.0,0.0,0.0,0-9
black-pos-081,0,25,10,T1_P1,1.0,1.0,40,40,0.33248161049950753,11.381047912031129,0.027568729928150924,0.027568729928150924,109,0.9620225492021385,11.381047912031129,0.0,0-9
black-pos-082,0,41,10,argmax,0.0,0.0,40,1,-0.0,10.0,0.0,0.0,163,0.0,10.0,0.0,0-9
black-pos-082,0,41,10,T0.5_P0.5,0.5,0.5,40,1,-0.0,10.0,0.0,0.0,163,0.0,10.0,0.0,0-9
black-pos-082,0,41,10,T0.5_P0.9,0.5,0.9,40,2,0.5570689850052127,9.2208074763142,0.0,0.0,163,0.0,9.2208074763142,0.0,0-9
black-pos-082,0,41,10,T0.5_P0.95,0.5,0.95,40,2,0.5570689850052127,9.2208074763142,0.0,0.0,163,0.0,9.2208074763142,0.0,0-9
black-pos-082,0,41,10,T0.5_P1,0.5,1.0,40,40,0.5603014979594458,9.230456264468856,1.8757866614316718e-06,1.8755440804614518e-06,163,5.753305162681321e-06,9.230456264468856,0.0,0-9
black-pos-082,0,41,10,T0.9_P0.5,0.9,0.5,40,1,-0.0,10.0,0.0,0.0,163,0.0,10.0,0.0,0-9
black-pos-082,0,41,10,T0.9_P0.9,0.9,0.9,40,2,0.8236083116974091,8.452413348083708,0.0,0.0,163,0.0,8.452413348083708,0.0,0-9
black-pos-082,0,41,10,T0.9_P0.95,0.9,0.95,40,2,0.8236083116974091,8.452413348083708,0.0,0.0,163,0.0,8.452413348083708,0.0,0-9
black-pos-082,0,41,10,T0.9_P1,0.9,1.0,40,40,0.9347504115185604,9.247842581885712,0.0008174267086301911,0.0008126159632047995,163,0.0009718927281426126,9.247842581885712,0.0,0-9
black-pos-082,0,41,10,T1_P0.5,1.0,0.5,40,1,-0.0,10.0,0.0,0.0,163,0.0,10.0,0.0,0-9
black-pos-082,0,41,10,T1_P0.9,1.0,0.9,40,2,0.8536305589772426,8.327987424693761,0.0,0.0,163,0.0,8.327987424693761,0.0,0-9
black-pos-082,0,41,10,T1_P0.95,1.0,0.95,40,2,0.8536305589772426,8.327987424693761,0.0,0.0,163,0.0,8.327987424693761,0.0,0-9
black-pos-082,0,41,10,T1_P1,1.0,1.0,40,40,1.0333832062391974,9.886903176936634,0.0018384194510070364,0.001822069893272001,163,0.001816620160553737,9.886903176936634,0.0,0-9
black-pos-083,0,61,10,argmax,0.0,0.0,36,1,-0.0,50.0,0.0,0.0,-523,0.0,50.0,0.0,0-13
black-pos-083,0,61,10,T0.5_P0.5,0.5,0.5,36,1,-0.0,50.0,0.0,0.0,-523,0.0,50.0,0.0,0-13
black-pos-083,0,61,10,T0.5_P0.9,0.5,0.9,36,4,1.3106606343388112,2890.295271240486,0.3014521379696845,0.3014521379696845,-523,0.0,336.3795310712003,0.3014521379696845,0-13
black-pos-083,0,61,10,T0.5_P0.95,0.5,0.95,36,5,1.52138717806154,2756.139494495857,0.28740161781466833,0.28740161781466833,-523,0.0,321.2603775966645,0.28740161781466833,0-13
black-pos-083,0,61,10,T0.5_P1,0.5,1.0,36,36,1.7958232148159887,2653.7103544780125,0.2955635550412985,0.29556307027518297,-523,5.576373873730872e-05,316.45779883647697,0.27587840565064137,0-13
black-pos-083,0,61,10,T0.9_P0.5,0.9,0.5,36,2,0.8969600507720341,3001.402186307651,0.31331233400293534,0.31331233400293534,-523,0.0,347.6467173027886,0.31331233400293534,0-13
black-pos-083,0,61,10,T0.9_P0.9,0.9,0.9,36,7,2.444294801993208,3810.346541131062,0.45059102097178483,0.45059102097178483,-523,0.0,440.8832231552799,0.3976945819684303,0-13
black-pos-083,0,61,10,T0.9_P0.95,0.9,0.95,36,9,2.626672235458415,3667.043322086692,0.4503192393290043,0.4503192393290043,-523,0.0,430.4536998409426,0.3820116248054774,0-13
black-pos-083,0,61,10,T0.9_P1,0.9,1.0,36,36,2.873279705466233,3766.0995971514776,0.4674716648914857,0.46732357722619733,-523,0.002067372236004198,443.1926024599586,0.39220199595062866,0-13
black-pos-083,0,61,10,T1_P0.5,1.0,0.5,36,3,1.4293919454214872,4292.727897079357,0.4502817364287474,0.4502817364287474,-523,0.0,477.76764960731003,0.4502817364287474,0-13
black-pos-083,0,61,10,T1_P0.9,1.0,0.9,36,7,2.51455121569644,3914.437948264353,0.46829253211816674,0.46829253211816674,-523,0.0,453.1060474396211,0.40853511906080964,0-13
black-pos-083,0,61,10,T1_P0.95,1.0,0.95,36,10,2.7759044183528436,3793.0783922978308,0.4729223761923855,0.4729223761923855,-523,0.0,445.62374169239706,0.3950987408102124,0-13
black-pos-083,0,61,10,T1_P1,1.0,1.0,36,36,3.0527059942047203,3877.173158628647,0.4911836444111883,0.49089242386752435,-523,0.003123430323809617,457.94372755151386,0.40356897946252995,0-13
black-pos-084,1,25,10,argmax,0.0,0.0,42,1,-0.0,0.0,0.0,0.0,115,1.0,0.0,0.0,1-9
black-pos-084,1,25,10,T0.5_P0.5,0.5,0.5,42,2,0.9818478511286013,19.779978684522423,0.0,0.0,115,0.5791493896910124,19.779978684522423,0.0,1-9
black-pos-084,1,25,10,T0.5_P0.9,0.5,0.9,42,3,1.5175189407996208,16.67018742130726,0.0,0.0,115,0.45729307645806144,16.67018742130726,0.0,1-9
black-pos-084,1,25,10,T0.5_P0.95,0.5,0.95,42,5,1.7488325862789027,17.343470168877307,0.0,0.0,115,0.4377566715304666,17.343470168877307,0.0,1-9
black-pos-084,1,25,10,T0.5_P1,0.5,1.0,42,42,2.0562116223245557,21.89230830227776,0.015921197412890845,0.013645173988477248,115,0.41894301875313794,21.89230830227776,0.0,1-9
black-pos-084,1,25,10,T0.9_P0.5,0.9,0.5,42,2,0.9943482307832545,21.421242123383095,0.0,0.0,115,0.544228890991849,21.421242123383095,0.0,1-9
black-pos-084,1,25,10,T0.9_P0.9,0.9,0.9,42,9,2.6023533099525706,36.083144695317415,0.057339848993843215,0.057339848993843215,115,0.30307805331717413,36.083144695317415,0.0,1-9
black-pos-084,1,25,10,T0.9_P0.95,0.9,0.95,42,13,2.8708077457344126,38.97383234701466,0.06585427668468535,0.06585427668468535,115,0.2868187709629453,38.97383234701466,0.0,1-9
black-pos-084,1,25,10,T0.9_P1,0.9,1.0,42,42,3.1567771637322166,42.92662422677169,0.0941157520081237,0.06942484882533495,115,0.2736053492751059,42.92662422677169,0.0,1-9
black-pos-084,1,25,10,T1_P0.5,1.0,0.5,42,3,1.567239129767899,17.171373689085605,0.0,0.0,115,0.39513751546644094,17.171373689085605,0.0,1-9
black-pos-084,1,25,10,T1_P0.9,1.0,0.9,42,11,2.865929770203336,39.00474331745301,0.06537157881145213,0.06537157881145213,115,0.2730103892847958,39.00474331745301,0.0,1-9
black-pos-084,1,25,10,T1_P0.95,1.0,0.95,42,14,3.0643016095522597,43.93595020281152,0.09081196167595583,0.07717354913002476,115,0.26147571731976815,43.93595020281152,0.0,1-9
black-pos-084,1,25,10,T1_P1,1.0,1.0,42,42,3.36131622707608,48.11396820084683,0.11512183418914765,0.08293281617405666,115,0.24844618923667014,48.11396820084683,0.0,1-9
black-pos-085,1,41,10,argmax,0.0,0.0,31,1,-0.0,182.0,1.0,0.0,199,0.0,182.0,0.0,1-9
black-pos-085,1,41,10,T0.5_P0.5,0.5,0.5,31,2,0.7775584239554914,140.1872538655134,0.7702596366237,0.0,199,0.22974036337629994,140.1872538655134,0.0,1-9
black-pos-085,1,41,10,T0.5_P0.9,0.5,0.9,31,6,2.094168662579415,142.45727290413552,0.8479616362643954,0.0,199,0.1520383637356045,142.45727290413552,0.0,1-9
black-pos-085,1,41,10,T0.5_P0.95,0.5,0.95,31,7,2.2434981607582998,141.67605125803448,0.8534970862406667,0.0,199,0.14650291375933336,141.67605125803448,0.0,1-9
black-pos-085,1,41,10,T0.5_P1,0.5,1.0,31,31,2.4215127019669196,141.3985838662062,0.8479904418352128,2.7282015733150487e-05,199,0.14281989360528474,141.3985838662062,0.0,1-9
black-pos-085,1,41,10,T0.9_P0.5,0.9,0.5,31,3,1.4855153896448319,124.66923456438066,0.7384478887883101,0.0,199,0.2615521112116898,124.66923456438066,0.0,1-9
black-pos-085,1,41,10,T0.9_P0.9,0.9,0.9,31,9,2.8653172166902188,132.02390471194346,0.8204225906415838,0.0,199,0.15012189150347874,132.02390471194346,0.0,1-9
black-pos-085,1,41,10,T0.9_P0.95,0.9,0.95,31,11,3.0128975414886914,133.05171024668925,0.8263455512461658,0.0,199,0.14517045550472382,133.05171024668925,0.0,1-9
black-pos-085,1,41,10,T0.9_P1,0.9,1.0,31,31,3.2772555354038793,132.69520084150895,0.8173454803903776,0.0020229885585191444,199,0.13852346392559287,132.69520084150895,0.0,1-9
black-pos-085,1,41,10,T1_P0.5,1.0,0.5,31,4,1.9127674890565234,128.68265387107013,0.7784702948287763,0.0,199,0.2215297051712237,128.68265387107013,0.0,1-9
black-pos-085,1,41,10,T1_P0.9,1.0,0.9,31,9,2.9181081247094256,131.14420144587467,0.8172149615813715,0.0,199,0.14849537009714492,131.14420144587467,0.0,1-9
black-pos-085,1,41,10,T1_P0.95,1.0,0.95,31,12,3.1615825474545662,132.74838504548305,0.8279110307911369,0.0,199,0.13980583637146266,132.74838504548305,0.0,1-9
black-pos-085,1,41,10,T1_P1,1.0,1.0,31,31,3.41474014092883,132.20354398893784,0.8129709803512096,0.0034588095850492753,199,0.13384483220104185,132.20354398893784,0.0,1-9
black-pos-086,1,61,10,argmax,0.0,0.0,34,1,-0.0,10.0,0.0,0.0,-241,0.0,10.0,0.0,1-14
black-pos-086,1,61,10,T0.5_P0.5,0.5,0.5,34,1,-0.0,10.0,0.0,0.0,-241,0.0,10.0,0.0,1-14
black-pos-086,1,61,10,T0.5_P0.9,0.5,0.9,34,1,-0.0,10.0,0.0,0.0,-241,0.0,10.0,0.0,1-14
black-pos-086,1,61,10,T0.5_P0.95,0.5,0.95,34,1,-0.0,10.0,0.0,0.0,-241,0.0,10.0,0.0,1-14
black-pos-086,1,61,10,T0.5_P1,0.5,1.0,34,34,0.3077298029065757,9.749756769691672,4.032147969937838e-05,4.0244853443466224e-05,-241,0.033941401352948604,9.749756769691672,0.0,1-14
black-pos-086,1,61,10,T0.9_P0.5,0.9,0.5,34,1,-0.0,10.0,0.0,0.0,-241,0.0,10.0,0.0,1-14
black-pos-086,1,61,10,T0.9_P0.9,0.9,0.9,34,4,0.9470427581578423,9.201817161448927,0.0,0.0,-241,0.12640694309803138,9.201817161448927,0.0,1-14
black-pos-086,1,61,10,T0.9_P0.95,0.9,0.95,34,7,1.1995105826831685,9.901005611859276,0.0,0.0,-241,0.1216223324716415,9.901005611859276,0.0,1-14
black-pos-086,1,61,10,T0.9_P1,0.9,1.0,34,34,1.5917751034132073,12.092277930595726,0.004442934752845719,0.004319061186450273,-241,0.116039075490967,12.092277930595726,0.0,1-14
black-pos-086,1,61,10,T1_P0.5,1.0,0.5,34,1,-0.0,10.0,0.0,0.0,-241,0.0,10.0,0.0,1-14
black-pos-086,1,61,10,T1_P0.9,1.0,0.9,34,5,1.233333816197906,9.556587682528928,0.0,0.0,-241,0.14094378478182193,9.556587682528928,0.0,1-14
black-pos-086,1,61,10,T1_P0.95,1.0,0.95,34,10,1.5878315705483639,10.56766451449813,0.0,0.0,-241,0.13347007641191333,10.56766451449813,0.0,1-14
black-pos-086,1,61,10,T1_P1,1.0,1.0,34,34,1.9659939059415485,13.878951816762715,0.007753305974946413,0.007457764986588066,-241,0.12722173548748117,13.878951816762715,0.0,1-14
black-pos-087,2,25,10,argmax,0.0,0.0,6,1,-0.0,0.0,0.0,0.0,460,1.0,0.0,0.0,2-9
black-pos-087,2,25,10,T0.5_P0.5,0.5,0.5,6,1,-0.0,0.0,0.0,0.0,460,1.0,0.0,0.0,2-9
black-pos-087,2,25,10,T0.5_P0.9,0.5,0.9,6,1,-0.0,0.0,0.0,0.0,460,1.0,0.0,0.0,2-9
black-pos-087,2,25,10,T0.5_P0.95,0.5,0.95,6,1,-0.0,0.0,0.0,0.0,460,1.0,0.0,0.0,2-9
black-pos-087,2,25,10,T0.5_P1,0.5,1.0,6,6,0.09162606088727247,9.351915901338561,0.009186319002333607,0.009186319002333607,460,0.9908136809976662,9.144208114917735,0.0,2-9
black-pos-087,2,25,10,T0.9_P0.5,0.9,0.5,6,1,-0.0,0.0,0.0,0.0,460,1.0,0.0,0.0,2-9
black-pos-087,2,25,10,T0.9_P0.9,0.9,0.9,6,2,0.2725371665306332,48.03817240201772,0.04677524089777772,0.04677524089777772,460,0.9532247591022224,46.77524089777772,0.0,2-9
black-pos-087,2,25,10,T0.9_P0.95,0.9,0.95,6,3,0.46909945448478096,79.92144865817698,0.07747534213542767,0.07747534213542767,460,0.9225246578645723,77.47534213542767,0.0,2-9
black-pos-087,2,25,10,T0.9_P1,0.9,1.0,6,6,0.7488664394911905,118.54281148464443,0.11695537418704686,0.11695537418704686,460,0.8830446258129532,116.11484398795278,0.0,2-9
black-pos-087,2,25,10,T1_P0.5,1.0,0.5,6,1,-0.0,0.0,0.0,0.0,460,1.0,0.0,0.0,2-9
black-pos-087,2,25,10,T1_P0.9,1.0,0.9,6,3,0.5808169751444908,106.53961003234332,0.10326968644892187,0.10326968644892187,460,0.8967303135510781,103.26968644892187,0.0,2-9
black-pos-087,2,25,10,T1_P0.95,1.0,0.95,6,4,0.7800214908041305,137.80948666007788,0.13479514456866074,0.13479514456866074,460,0.8652048554313393,134.6545205364703,0.0,2-9
black-pos-087,2,25,10,T1_P1,1.0,1.0,6,6,0.9361584878875607,158.73867893798055,0.15667192964536933,0.15667192964536933,460,0.8433280703546308,155.48710451289472,0.0,2-9
black-pos-088,2,41,10,argmax,0.0,0.0,31,1,-0.0,54.0,0.0,0.0,-732,0.0,54.0,0.0,2-10
black-pos-088,2,41,10,T0.5_P0.5,0.5,0.5,31,1,-0.0,54.0,0.0,0.0,-732,0.0,54.0,0.0,2-10
black-pos-088,2,41,10,T0.5_P0.9,0.5,0.9,31,1,-0.0,54.0,0.0,0.0,-732,0.0,54.0,0.0,2-10
black-pos-088,2,41,10,T0.5_P0.95,0.5,0.95,31,1,-0.0,54.0,0.0,0.0,-732,0.0,54.0,0.0,2-10
black-pos-088,2,41,10,T0.5_P1,0.5,1.0,31,31,0.29750948513371495,329.83913438782406,0.03023245709904309,0.03000849046954935,-732,0.009814308486387159,81.87052005829706,0.029998621926871704,2-10
black-pos-088,2,41,10,T0.9_P0.5,0.9,0.5,31,1,-0.0,54.0,0.0,0.0,-732,0.0,54.0,0.0,2-10
black-pos-088,2,41,10,T0.9_P0.9,0.9,0.9,31,3,0.833010912797693,1058.8308300873637,0.10945791693493265,0.10945791693493265,-732,0.0647314947636269,154.05168870321043,0.10945791693493265,2-10
black-pos-088,2,41,10,T0.9_P0.95,0.9,0.95,31,4,1.0441059988489936,1391.775437257984,0.14558501238971797,0.14558501238971797,-732,0.062105497705511874,188.36972484457556,0.14558501238971797,2-10
black-pos-088,2,41,10,T0.9_P1,0.9,1.0,31,31,1.2691356871549055,1432.4609439484022,0.16273290958488673,0.15126731556490405,-732,0.06054031485628889,193.772626056201,0.14985329955491258,2-10
black-pos-088,2,41,10,T1_P0.5,1.0,0.5,31,1,-0.0,54.0,0.0,0.0,-732,0.0,54.0,0.0,2-10
black-pos-088,2,41,10,T1_P0.9,1.0,0.9,31,3,0.9387860011184013,1232.617356881807,0.128412868920401,0.128412868920401,-732,0.08003688172086897,171.15658238577242,0.128412868920401,2-10
black-pos-088,2,41,10,T1_P0.95,1.0,0.95,31,4,1.1839321163526806,1648.2054654676874,0.17350237397260485,0.17350237397260485,-732,0.0758963623694122,214.03484221013593,0.17350237397260485,2-10
black-pos-088,2,41,10,T1_P1,1.0,1.0,31,31,1.5269840364271012,1700.1058709139556,0.19999237821142174,0.18146096891756663,-732,0.07273577984274766,221.42364655054968,0.17888706814850025,2-10
black-pos-089,2,61,10,argmax,0.0,0.0,31,1,-0.0,117.0,1.0,0.0,589,0.0,117.0,0.0,2-17
black-pos-089,2,61,10,T0.5_P0.5,0.5,0.5,31,1,-0.0,117.0,1.0,0.0,589,0.0,117.0,0.0,2-17
black-pos-089,2,61,10,T0.5_P0.9,0.5,0.9,31,2,0.47263001732039367,105.16546581965815,0.8988501352107534,0.0,589,0.10114986478924655,105.16546581965815,0.0,2-17
black-pos-089,2,61,10,T0.5_P0.95,0.5,0.95,31,2,0.47263001732039367,105.16546581965815,0.8988501352107534,0.0,589,0.10114986478924655,105.16546581965815,0.0,2-17
black-pos-089,2,61,10,T0.5_P1,0.5,1.0,31,31,0.5966100814494862,105.55206572070338,0.9003578959295618,9.656153098081967e-06,589,0.09964210407043832,105.55206569085917,0.0,2-17
black-pos-089,2,61,10,T0.9_P0.5,0.9,0.5,31,1,-0.0,117.0,1.0,0.0,589,0.0,117.0,0.0,2-17
black-pos-089,2,61,10,T0.9_P0.9,0.9,0.9,31,3,1.0505399508113737,92.79468801086134,0.7842060498897964,0.0,589,0.2157939501102036,92.79468801086134,0.0,2-17
black-pos-089,2,61,10,T0.9_P0.95,0.9,0.95,31,4,1.240714994125369,93.69480358031377,0.7922307138302983,0.0,589,0.20776928616970164,93.69480358031377,0.0,2-17
black-pos-089,2,61,10,T0.9_P1,0.9,1.0,31,31,1.4446918007438434,96.03701285381858,0.7977825783940306,0.0023098315991534582,589,0.20221742160596984,96.03665966945161,0.0,2-17
black-pos-089,2,61,10,T1_P0.5,1.0,0.5,31,1,-0.0,117.0,1.0,0.0,589,0.0,117.0,0.0,2-17
black-pos-089,2,61,10,T1_P0.9,1.0,0.9,31,3,1.12625620968491,90.99438256607793,0.7667438124608086,0.0,589,0.23325618753919128,90.99438256607793,0.0,2-17
black-pos-089,2,61,10,T1_P0.95,1.0,0.95,31,4,1.3476175632723344,92.22297530412872,0.7777636184255863,0.0,589,0.22223638157441364,92.22297530412872,0.0,2-17
black-pos-089,2,61,10,T1_P1,1.0,1.0,31,31,1.6400404903507826,96.2189010129225,0.7867969427371124,0.004545329225882533,589,0.2132030572628874,96.21780024176432,0.0,2-17
black-pos-090,0,25,10,argmax,0.0,0.0,37,1,-0.0,0.0,0.0,0.0,160,1.0,0.0,0.0,0-10
black-pos-090,0,25,10,T0.5_P0.5,0.5,0.5,37,1,-0.0,0.0,0.0,0.0,160,1.0,0.0,0.0,0-10
black-pos-090,0,25,10,T0.5_P0.9,0.5,0.9,37,2,0.4670522528457418,18.287372370579323,0.09938789331836588,0.0,160,0.900612106681634,18.287372370579323,0.0,0-10
black-pos-090,0,25,10,T0.5_P0.95,0.5,0.95,37,2,0.4670522528457418,18.287372370579323,0.09938789331836588,0.0,160,0.900612106681634,18.287372370579323,0.0,0-10
black-pos-090,0,25,10,T0.5_P1,0.5,1.0,37,37,0.7895729233371357,33.92872283408569,0.1416893049965773,0.04098498816166535,160,0.8583106950034225,33.29554271707785,6.915466546612491e-05,0-10
black-pos-090,0,25,10,T0.9_P0.5,0.9,0.5,37,1,-0.0,0.0,0.0,0.0,160,1.0,0.0,0.0,0-10
black-pos-090,0,25,10,T0.9_P0.9,0.9,0.9,37,4,1.3920303128272147,74.82062387759362,0.34211131823824464,0.10705827970533303,160,0.6578886817617554,74.82062387759362,0.0,0-10
black-pos-090,0,25,10,T0.9_P0.95,0.9,0.95,37,6,1.6850906632989413,108.51595019713851,0.3797201230737753,0.1581041052667865,160,0.6202798769262248,108.51595019713851,0.0,0-10
black-pos-090,0,25,10,T0.9_P1,0.9,1.0,37,37,1.990072696558698,151.91798968835263,0.4047334817679965,0.19205433448026593,160,0.5952665182320035,120.6236263801972,0.0034179077444468587,0-10
black-pos-090,0,25,10,T1_P0.5,1.0,0.5,37,1,-0.0,0.0,0.0,0.0,160,1.0,0.0,0.0,0-10
black-pos-090,0,25,10,T1_P0.9,1.0,0.9,37,5,1.6740281863847186,115.98156208791414,0.4048962174891322,0.15751122636713605,160,0.5951037825108678,115.98156208791414,0.0,0-10
black-pos-090,0,25,10,T1_P0.95,1.0,0.95,37,7,1.9115436950822722,127.18111131204162,0.4328389398751735,0.19706975482355632,160,0.5671610601248266,127.18111131204162,0.0,0-10
black-pos-090,0,25,10,T1_P1,1.0,1.0,37,37,2.248018928931628,192.22041039285526,0.45874349179571394,0.23374284415759428,160,0.5412565082042862,142.80213920651846,0.0053973646992504145,0-10
black-pos-091,0,41,10,argmax,0.0,0.0,2,1,-0.0,0.0,0.0,0.0,136,1.0,0.0,0.0,0-10
black-pos-091,0,41,10,T0.5_P0.5,0.5,0.5,2,1,-0.0,0.0,0.0,0.0,136,1.0,0.0,0.0,0-10
black-pos-091,0,41,10,T0.5_P0.9,0.5,0.9,2,1,-0.0,0.0,0.0,0.0,136,1.0,0.0,0.0,0-10
black-pos-091,0,41,10,T0.5_P0.95,0.5,0.95,2,2,0.2869138164057789,10.82629286234957,0.050121726214581344,0.050121726214581344,136,0.9498782737854186,10.82629286234957,0.0,0-10
black-pos-091,0,41,10,T0.5_P1,0.5,1.0,2,2,0.2869138164057789,10.82629286234957,0.050121726214581344,0.050121726214581344,136,0.9498782737854186,10.82629286234957,0.0,0-10
black-pos-091,0,41,10,T0.9_P0.5,0.9,0.5,2,1,-0.0,0.0,0.0,0.0,136,1.0,0.0,0.0,0-10
black-pos-091,0,41,10,T0.9_P0.9,0.9,0.9,2,2,0.6419847886554113,35.25802279323016,0.16323158700569518,0.16323158700569518,136,0.8367684129943048,35.25802279323016,0.0,0-10
black-pos-091,0,41,10,T0.9_P0.95,0.9,0.95,2,2,0.6419847886554113,35.25802279323016,0.16323158700569518,0.16323158700569518,136,0.8367684129943048,35.25802279323016,0.0,0-10
black-pos-091,0,41,10,T0.9_P1,0.9,1.0,2,2,0.6419847886554113,35.25802279323016,0.16323158700569518,0.16323158700569518,136,0.8367684129943048,35.25802279323016,0.0,0-10
black-pos-091,0,41,10,T1_P0.5,1.0,0.5,2,1,-0.0,0.0,0.0,0.0,136,1.0,0.0,0.0,0-10
black-pos-091,0,41,10,T1_P0.9,1.0,0.9,2,2,0.6947287554600359,40.348764554543706,0.18679983590066532,0.18679983590066532,136,0.8132001640993347,40.348764554543706,0.0,0-10
black-pos-091,0,41,10,T1_P0.95,1.0,0.95,2,2,0.6947287554600359,40.348764554543706,0.18679983590066532,0.18679983590066532,136,0.8132001640993347,40.348764554543706,0.0,0-10
black-pos-091,0,41,10,T1_P1,1.0,1.0,2,2,0.6947287554600359,40.348764554543706,0.18679983590066532,0.18679983590066532,136,0.8132001640993347,40.348764554543706,0.0,0-10
black-pos-092,0,61,10,argmax,0.0,0.0,29,1,-0.0,14.0,0.0,0.0,20,0.0,14.0,0.0,0-14
black-pos-092,0,61,10,T0.5_P0.5,0.5,0.5,29,1,-0.0,14.0,0.0,0.0,20,0.0,14.0,0.0,0-14
black-pos-092,0,61,10,T0.5_P0.9,0.5,0.9,29,1,-0.0,14.0,0.0,0.0,20,0.0,14.0,0.0,0-14
black-pos-092,0,61,10,T0.5_P0.95,0.5,0.95,29,2,0.1464846419209617,17.3445836043797,0.02090364752737312,0.0,20,0.0,17.3445836043797,0.0,0-14
black-pos-092,0,61,10,T0.5_P1,0.5,1.0,29,29,0.39332175872731334,17.517973591031463,0.02056304510470137,5.0764674754526135e-05,20,0.011879793296309038,17.517973591031463,0.0,0-14
black-pos-092,0,61,10,T0.9_P0.5,0.9,0.5,29,1,-0.0,14.0,0.0,0.0,20,0.0,14.0,0.0,0-14
black-pos-092,0,61,10,T0.9_P0.9,0.9,0.9,29,4,1.0983450166578765,30.0530525586546,0.0921980682834737,0.0,20,0.06850986246525796,30.0530525586546,0.0,0-14
black-pos-092,0,61,10,T0.9_P0.95,0.9,0.95,29,5,1.3354720181523034,29.42860047715694,0.08742141312748682,0.0,20,0.06496046068414402,29.42860047715694,0.0,0-14
black-pos-092,0,61,10,T0.9_P1,0.9,1.0,29,29,1.6419791751645487,32.49194511257771,0.0965060051990679,0.005518955454999251,20,0.062262021295273084,32.49194511257771,0.0,0-14
black-pos-092,0,61,10,T1_P0.5,1.0,0.5,29,1,-0.0,14.0,0.0,0.0,20,0.0,14.0,0.0,0-14
black-pos-092,0,61,10,T1_P0.9,1.0,0.9,29,5,1.499435136113786,31.93955004021479,0.1010884033378206,0.0,20,0.07738013506555297,31.93955004021479,0.0,0-14
black-pos-092,0,61,10,T1_P0.95,1.0,0.95,29,6,1.6023209645184187,31.599450281736374,0.09927314682501213,0.0,20,0.07599061075315154,31.599450281736374,0.0,0-14
black-pos-092,0,61,10,T1_P1,1.0,1.0,29,29,1.9135855652981248,36.947272995429415,0.11509246995684674,0.009668830862690473,20,0.07264579109904726,36.947272995429415,0.0,0-14
black-pos-093,1,25,10,argmax,0.0,0.0,40,1,-0.0,0.0,0.0,0.0,9996,1.0,0.0,1.0,1-10
black-pos-093,1,25,10,T0.5_P0.5,0.5,0.5,40,1,-0.0,0.0,0.0,0.0,9996,1.0,0.0,1.0,1-10
black-pos-093,1,25,10,T0.5_P0.9,0.5,0.9,40,1,-0.0,0.0,0.0,0.0,9996,1.0,0.0,1.0,1-10
black-pos-093,1,25,10,T0.5_P0.95,0.5,0.95,40,1,-0.0,0.0,0.0,0.0,9996,1.0,0.0,1.0,1-10
black-pos-093,1,25,10,T0.5_P1,0.5,1.0,40,40,0.27588845196495665,353.9373203103384,0.037045893494607476,0.037045893494607476,9996,0.9629541065053925,37.04589349460747,0.9629541065053925,1-10
black-pos-093,1,25,10,T0.9_P0.5,0.9,0.5,40,1,-0.0,0.0,0.0,0.0,9996,1.0,0.0,1.0,1-10
black-pos-093,1,25,10,T0.9_P0.9,0.9,0.9,40,3,0.7784437280163796,1531.8082919478627,0.16041789966904296,0.16041789966904296,9996,0.8395821003309571,160.41789966904295,0.8395821003309571,1-10
black-pos-093,1,25,10,T0.9_P0.95,0.9,0.95,40,4,1.0132619333157054,1902.7705524531443,0.19938271937989685,0.19938271937989685,9996,0.8006172806201033,199.38271937989686,0.8006172806201033,1-10
black-pos-093,1,25,10,T0.9_P1,0.9,1.0,40,40,1.1542289627958275,2019.75456821961,0.21167380096539057,0.21167380096539057,9996,0.7883261990346092,211.67380096539057,0.7883261990346092,1-10
black-pos-093,1,25,10,T1_P0.5,1.0,0.5,40,1,-0.0,0.0,0.0,0.0,9996,1.0,0.0,1.0,1-10
black-pos-093,1,25,10,T1_P0.9,1.0,0.9,40,3,0.8852705542395443,1847.9352885976114,0.19355629536591412,0.19355629536591412,9996,0.806443704634086,193.5562953659141,0.806443704634086,1-10
black-pos-093,1,25,10,T1_P0.95,1.0,0.95,40,4,1.15498513484439,2297.145425770778,0.24074395116918781,0.24074395116918781,9996,0.7592560488308123,240.7439511691878,0.7592560488308123,1-10
black-pos-093,1,25,10,T1_P1,1.0,1.0,40,40,1.378057723349459,2485.703213739839,0.26054303446435273,0.26054303446435273,9996,0.7394569655356472,260.5430344643528,0.7394569655356472,1-10
black-pos-094,1,41,10,argmax,0.0,0.0,40,1,-0.0,0.0,0.0,0.0,394,1.0,0.0,0.0,1-11
black-pos-094,1,41,10,T0.5_P0.5,0.5,0.5,40,1,-0.0,0.0,0.0,0.0,394,1.0,0.0,0.0,1-11
black-pos-094,1,41,10,T0.5_P0.9,0.5,0.9,40,1,-0.0,0.0,0.0,0.0,394,1.0,0.0,0.0,1-11
black-pos-094,1,41,10,T0.5_P0.95,0.5,0.95,40,2,0.3273189405213832,1.4392384225144246,0.0,0.0,394,0.9400317323952322,1.4392384225144246,0.0,1-11
black-pos-094,1,41,10,T0.5_P1,0.5,1.0,40,40,0.4265556128047991,3.2763500459150148,0.012320194587258798,0.00012399959357140805,394,0.9284503585339252,3.2763500459150148,0.0,1-11
black-pos-094,1,41,10,T0.9_P0.5,0.9,0.5,40,1,-0.0,0.0,0.0,0.0,394,1.0,0.0,0.0,1-11
black-pos-094,1,41,10,T0.9_P0.9,0.9,0.9,40,2,0.6760094907904071,4.275560029093243,0.0,0.0,394,0.8218516654544483,4.275560029093243,0.0,1-11
black-pos-094,1,41,10,T0.9_P0.95,0.9,0.95,40,3,0.9781502937539284,13.771048010776141,0.06471647111800673,0.0,394,0.7686643258837798,13.771048010776141,0.0,1-11
black-pos-094,1,41,10,T0.9_P1,0.9,1.0,40,40,1.1937442411366832,21.452539370809298,0.09266993898266151,0.009702394651815912,394,0.7456907217639858,21.452539370809298,0.0,1-11
black-pos-094,1,41,10,T1_P0.5,1.0,0.5,40,1,-0.0,0.0,0.0,0.0,394,1.0,0.0,0.0,1-11
black-pos-094,1,41,10,T1_P0.9,1.0,0.9,40,3,1.0673051988386042,16.42487587443057,0.07926498585574758,0.0,394,0.7350740553853906,16.42487587443057,0.0,1-11
black-pos-094,1,41,10,T1_P0.95,1.0,0.95,40,3,1.0673051988386042,16.42487587443057,0.07926498585574758,0.0,394,0.7350740553853906,16.42487587443057,0.0,1-11
black-pos-094,1,41,10,T1_P1,1.0,1.0,40,40,1.3686811501850549,28.94934464485248,0.11991322949834397,0.016860920311724772,394,0.7026222979962927,28.94934464485248,0.0,1-11
black-pos-095,1,61,10,argmax,0.0,0.0,19,1,-0.0,14.0,0.0,0.0,596,0.0,14.0,0.0,1-17
black-pos-095,1,61,10,T0.5_P0.5,0.5,0.5,19,1,-0.0,14.0,0.0,0.0,596,0.0,14.0,0.0,1-17
black-pos-095,1,61,10,T0.5_P0.9,0.5,0.9,19,2,0.2093085306273967,15.18865056009443,0.0,0.0,596,0.0,15.18865056009443,0.0,1-17
black-pos-095,1,61,10,T0.5_P0.95,0.5,0.95,19,3,0.4038861521066987,16.06066508295182,0.0,0.0,596,0.0,16.06066508295182,0.0,1-17
black-pos-095,1,61,10,T0.5_P1,0.5,1.0,19,19,0.7656406206402757,17.595443617479958,0.0002528707281153799,0.0,596,0.00024090465413826163,17.595443617479958,0.0,1-17
black-pos-095,1,61,10,T0.9_P0.5,0.9,0.5,19,1,-0.0,14.0,0.0,0.0,596,0.0,14.0,0.0,1-17
black-pos-095,1,61,10,T0.9_P0.9,0.9,0.9,19,6,1.7778718130140945,26.228946812652104,0.0,0.0,596,0.0,26.228946812652104,0.0,1-17
black-pos-095,1,61,10,T0.9_P0.95,0.9,0.95,19,8,2.0335225228856073,27.80048861721241,0.0,0.0,596,0.0,27.80048861721241,0.0,1-17
black-pos-095,1,61,10,T0.9_P1,0.9,1.0,19,19,2.2664239054864734,28.415412467567535,0.006174642590986329,0.0,596,0.006010567909291997,28.415412467567535,0.0,1-17
black-pos-095,1,61,10,T1_P0.5,1.0,0.5,19,1,-0.0,14.0,0.0,0.0,596,0.0,14.0,0.0,1-17
black-pos-095,1,61,10,T1_P0.9,1.0,0.9,19,7,2.0940640901767975,29.325571664738575,0.0,0.0,596,0.0,29.325571664738575,0.0,1-17
black-pos-095,1,61,10,T1_P0.95,1.0,0.95,19,8,2.2130122339651814,29.75632613023504,0.0,0.0,596,0.0,29.75632613023504,0.0,1-17
black-pos-095,1,61,10,T1_P1,1.0,1.0,19,19,2.514295315193922,30.55881886764737,0.00869913143495653,0.0,596,0.008490811673162289,30.55881886764737,0.0,1-17
black-pos-096,2,25,10,argmax,0.0,0.0,40,1,-0.0,57.0,0.0,0.0,-164,0.0,57.0,0.0,2-10
black-pos-096,2,25,10,T0.5_P0.5,0.5,0.5,40,1,-0.0,57.0,0.0,0.0,-164,0.0,57.0,0.0,2-10
black-pos-096,2,25,10,T0.5_P0.9,0.5,0.9,40,3,1.1027252529152622,109.89390078303259,0.17191002915614023,0.17191002915614023,-164,0.0,109.89390078303259,0.0,2-10
black-pos-096,2,25,10,T0.5_P0.95,0.5,0.95,40,5,1.399333085315811,112.61273833883358,0.19076552272735492,0.19076552272735492,-164,0.0,112.61273833883358,0.0,2-10
black-pos-096,2,25,10,T0.5_P1,0.5,1.0,40,40,1.6811571277408377,108.94854108703785,0.18582849773320076,0.18424542040473135,-164,0.011833796185731717,108.94854108703785,0.0,2-10
black-pos-096,2,25,10,T0.9_P0.5,0.9,0.5,40,2,0.8927622108381315,157.32468982762626,0.30964410440625384,0.30964410440625384,-164,0.0,157.32468982762626,0.0,2-10
black-pos-096,2,25,10,T0.9_P0.9,0.9,0.9,40,7,2.3620618105296516,123.95017599506261,0.26163775167849695,0.26163775167849695,-164,0.045415988907323956,123.95017599506261,0.0,2-10
black-pos-096,2,25,10,T0.9_P0.95,0.9,0.95,40,8,2.5016130633337967,120.20301746782232,0.2521147166494254,0.2521147166494254,-164,0.04376294743884418,120.20301746782232,0.0,2-10
black-pos-096,2,25,10,T0.9_P1,0.9,1.0,40,40,2.800018884791434,124.46290935137009,0.28079760575344787,0.26359365256170086,-164,0.041735203379318325,124.46290935137009,0.0,2-10
black-pos-096,2,25,10,T1_P0.5,1.0,0.5,40,2,0.9118730922378747,162.96082480359559,0.32703958272714684,0.32703958272714684,-164,0.0,162.96082480359559,0.0,2-10
black-pos-096,2,25,10,T1_P0.9,1.0,0.9,40,8,2.5947046968667307,120.17651256892651,0.257379123795784,0.257379123795784,-164,0.050144310609885494,120.17651256892651,0.0,2-10
black-pos-096,2,25,10,T1_P0.95,1.0,0.95,40,9,2.676451794969364,120.57585766151651,0.2703728436846766,0.2528757327021415,-164,0.049266930042001604,120.57585766151651,0.0,2-10
black-pos-096,2,25,10,T1_P1,1.0,1.0,40,40,2.9861631912322344,126.23728836425005,0.29556787012422636,0.27264948773965114,-164,0.04691478464761217,126.23728836425005,0.0,2-10
black-pos-097,2,41,10,argmax,0.0,0.0,27,1,-0.0,0.0,0.0,0.0,181,1.0,0.0,0.0,2-11
black-pos-097,2,41,10,T0.5_P0.5,0.5,0.5,27,1,-0.0,0.0,0.0,0.0,181,1.0,0.0,0.0,2-11
black-pos-097,2,41,10,T0.5_P0.9,0.5,0.9,27,1,-0.0,0.0,0.0,0.0,181,1.0,0.0,0.0,2-11
black-pos-097,2,41,10,T0.5_P0.95,0.5,0.95,27,2,0.42895572209566113,32.64751966400027,0.08776214963440933,0.08776214963440933,181,0.9122378503655907,32.64751966400027,0.0,2-11
black-pos-097,2,41,10,T0.5_P1,0.5,1.0,27,27,0.4554163698863174,34.460085033795465,0.08979042957131883,0.08979042957131883,181,0.910209570428681,33.87647118326847,6.359527629148951e-05,2-11
black-pos-097,2,41,10,T0.9_P0.5,0.9,0.5,27,1,-0.0,0.0,0.0,0.0,181,1.0,0.0,0.0,2-11
black-pos-097,2,41,10,T0.9_P0.9,0.9,0.9,27,2,0.7491461530581704,79.6252069730308,0.21404625530384622,0.21404625530384622,181,0.7859537446961539,79.6252069730308,0.0,2-11
black-pos-097,2,41,10,T0.9_P0.95,0.9,0.95,27,3,0.861597450955516,90.4749254626317,0.22755230111051922,0.22755230111051922,181,0.7724476988894807,90.4749254626317,0.0,2-11
black-pos-097,2,41,10,T0.9_P1,0.9,1.0,27,27,1.1638369946001321,142.42627987699265,0.25723136276668557,0.25723136276668557,181,0.7427686372333143,107.21299651790007,0.003837123608923678,2-11
black-pos-097,2,41,10,T1_P0.5,1.0,0.5,27,1,-0.0,0.0,0.0,0.0,181,1.0,0.0,0.0,2-11
black-pos-097,2,41,10,T1_P0.9,1.0,0.9,27,2,0.7895771631538399,88.06734839334314,0.23674018385307294,0.23674018385307294,181,0.7632598161469271,88.06734839334314,0.0,2-11
black-pos-097,2,41,10,T1_P0.95,1.0,0.95,27,4,1.0390703644488444,109.93657506647527,0.2672496646813697,0.2672496646813697,181,0.7327503353186303,109.93657506647527,0.0,2-11
black-pos-097,2,41,10,T1_P1,1.0,1.0,27,27,1.366316695106117,186.2879196058404,0.29902379853670485,0.29902379853670485,181,0.7009762014632951,128.49360869754653,0.006297734652750772,2-11
black-pos-098,2,61,10,argmax,0.0,0.0,22,1,-0.0,0.0,0.0,0.0,-785,1.0,0.0,0.0,2-20
black-pos-098,2,61,10,T0.5_P0.5,0.5,0.5,22,1,-0.0,0.0,0.0,0.0,-785,1.0,0.0,0.0,2-20
black-pos-098,2,61,10,T0.5_P0.9,0.5,0.9,22,3,1.1863620808157838,1026.9181716168573,0.31205657258232306,0.10849443219590714,-785,0.6879434274176769,136.1788832884597,0.10849443219590714,2-20
black-pos-098,2,61,10,T0.5_P0.95,0.5,0.95,22,3,1.1863620808157838,1026.9181716168573,0.31205657258232306,0.10849443219590714,-785,0.6879434274176769,136.1788832884597,0.10849443219590714,2-20
black-pos-098,2,61,10,T0.5_P1,0.5,1.0,22,22,1.2977223118691146,1023.0180789931577,0.31787203572722955,0.11065914570890074,-785,0.6794917319641822,136.87072198456366,0.10793515041080297,2-20
black-pos-098,2,61,10,T0.9_P0.5,0.9,0.5,22,2,0.921956551650704,45.837240440315,0.337038532649375,0.0,-785,0.6629614673506251,45.837240440315,0.0,2-20
black-pos-098,2,61,10,T0.9_P0.9,0.9,0.9,22,4,1.615926381072416,1747.2527697225003,0.482628600516869,0.18542408877559782,-785,0.517371399483131,224.92100087484218,0.18542408877559782,2-20
black-pos-098,2,61,10,T0.9_P0.95,0.9,0.95,22,7,1.9098940336081582,1663.1103254061095,0.48748390731543984,0.19382715552807894,-785,0.4900916592581368,221.04742188790058,0.17564712588528733,2-20
black-pos-098,2,61,10,T0.9_P1,0.9,1.0,22,22,2.2160042182966406,1762.70754589469,0.5093130855768953,0.2212348413814294,-785,0.4692175865273458,235.73067173005,0.18599054609103297,2-20
black-pos-098,2,61,10,T1_P0.5,1.0,0.5,22,2,0.9361208080452406,47.915186336844435,0.35231754659444436,0.0,-785,0.6476824534055557,47.915186336844435,0.0,2-20
black-pos-098,2,61,10,T1_P0.9,1.0,0.9,22,5,1.8110082652479738,1791.38615026301,0.49174634486242824,0.19000536749352606,-785,0.47845214596527824,231.44208314116085,0.19000536749352606,2-20
black-pos-098,2,61,10,T1_P0.95,1.0,0.95,22,8,2.0991144793000145,1707.6136624148792,0.5190583149496585,0.21731932410642585,-785,0.4527416162589298,231.49613597467427,0.17979507021196164,2-20
black-pos-098,2,61,10,T1_P1,1.0,1.0,22,22,2.430738687336674,1868.8823418143286,0.5423796027052519,0.24458195072001562,-785,0.4307877747851931,251.8624955549436,0.19695831120929286,2-20
black-pos-099,0,25,10,argmax,0.0,0.0,31,1,-0.0,0.0,0.0,0.0,226,1.0,0.0,0.0,0-11
black-pos-099,0,25,10,T0.5_P0.5,0.5,0.5,31,1,-0.0,0.0,0.0,0.0,226,1.0,0.0,0.0,0-11
black-pos-099,0,25,10,T0.5_P0.9,0.5,0.9,31,1,-0.0,0.0,0.0,0.0,226,1.0,0.0,0.0,0-11
black-pos-099,0,25,10,T0.5_P0.95,0.5,0.95,31,2,0.4291455586822738,6.235103582931539,0.0,0.0,226,0.9121816396770206,6.235103582931539,0.0,0-11
black-pos-099,0,25,10,T0.5_P1,0.5,1.0,31,31,0.4337034114470081,6.298681950539848,0.00030525277538576655,7.867989673638531e-05,226,0.911903193699853,6.298681950539848,0.0,0-11
black-pos-099,0,25,10,T0.9_P0.5,0.9,0.5,31,1,-0.0,0.0,0.0,0.0,226,1.0,0.0,0.0,0-11
black-pos-099,0,25,10,T0.9_P0.9,0.9,0.9,31,2,0.7492692499115421,15.201942312194257,0.0,0.0,226,0.7858881364479682,15.201942312194257,0.0,0-11
black-pos-099,0,25,10,T0.9_P0.95,0.9,0.95,31,2,0.7492692499115421,15.201942312194257,0.0,0.0,226,0.7858881364479682,15.201942312194257,0.0,0-11
black-pos-099,0,25,10,T0.9_P1,0.9,1.0,31,31,0.9483027077600961,20.53818010689919,0.02114113967610174,0.010754210340592612,226,0.7692735655855303,20.53818010689919,0.0,0-11
black-pos-099,0,25,10,T1_P0.5,1.0,0.5,31,1,-0.0,0.0,0.0,0.0,226,1.0,0.0,0.0,0-11
black-pos-099,0,25,10,T1_P0.9,1.0,0.9,31,2,0.7896842567313288,16.813055937531672,0.0,0.0,226,0.7631963952460327,16.813055937531672,0.0,0-11
black-pos-099,0,25,10,T1_P0.95,1.0,0.95,31,2,0.7896842567313288,16.813055937531672,0.0,0.0,226,0.7631963952460327,16.813055937531672,0.0,0-11
black-pos-099,0,25,10,T1_P1,1.0,1.0,31,31,1.1064028569210904,26.16956475931572,0.03626850335223891,0.019887072345509856,226,0.7355164042266353,26.16956475931572,0.0,0-11
black-pos-100,0,41,10,argmax,0.0,0.0,33,1,-0.0,0.0,0.0,0.0,386,1.0,0.0,0.0,0-11
black-pos-100,0,41,10,T0.5_P0.5,0.5,0.5,33,1,-0.0,0.0,0.0,0.0,386,1.0,0.0,0.0,0-11
black-pos-100,0,41,10,T0.5_P0.9,0.5,0.9,33,1,-0.0,0.0,0.0,0.0,386,1.0,0.0,0.0,0-11
black-pos-100,0,41,10,T0.5_P0.95,0.5,0.95,33,1,-0.0,0.0,0.0,0.0,386,1.0,0.0,0.0,0-11
black-pos-100,0,41,10,T0.5_P1,0.5,1.0,33,33,0.1769359361552085,2.7898460872048183,0.01655528873529949,8.740308530617715e-06,386,0.9793316366079333,2.7898449945222477,0.0,0-11
black-pos-100,0,41,10,T0.9_P0.5,0.9,0.5,33,1,-0.0,0.0,0.0,0.0,386,1.0,0.0,0.0,0-11
black-pos-100,0,41,10,T0.9_P0.9,0.9,0.9,33,3,0.6070553882996121,14.33470789905807,0.08499966772579899,0.0,386,0.8856098897569917,14.33470789905807,0.0,0-11
black-pos-100,0,41,10,T0.9_P0.95,0.9,0.95,33,4,0.7718303963043724,14.956873940877706,0.08266641269473998,0.0,386,0.8612997508338963,14.956873940877706,0.0,0-11
black-pos-100,0,41,10,T0.9_P1,0.9,1.0,33,33,1.1274246373580787,22.967701683628746,0.12820293090733392,0.002002558032079864,386,0.8185447570855872,22.96687605069914,0.0,0-11
black-pos-100,0,41,10,T1_P0.5,1.0,0.5,33,1,-0.0,0.0,0.0,0.0,386,1.0,0.0,0.0,0-11
black-pos-100,0,41,10,T1_P0.9,1.0,0.9,33,4,0.918923739479904,18.33774550053841,0.10002535712473806,0.0,386,0.8244281596793609,18.33774550053841,0.0,0-11
black-pos-100,0,41,10,T1_P0.95,1.0,0.95,33,5,1.07728782257464,22.941754594401154,0.12518893485321575,0.0,386,0.8013768856886194,22.941754594401154,0.0,0-11
black-pos-100,0,41,10,T1_P1,1.0,1.0,33,33,1.3917385764166894,30.155908248337454,0.16465324013309574,0.003959536881628476,386,0.765225328717002,30.154100839279337,0.0,0-11
black-pos-101,0,61,10,argmax,0.0,0.0,38,1,-0.0,0.0,0.0,0.0,-419,1.0,0.0,0.0,0-15
black-pos-101,0,61,10,T0.5_P0.5,0.5,0.5,38,1,-0.0,0.0,0.0,0.0,-419,1.0,0.0,0.0,0-15
black-pos-101,0,61,10,T0.5_P0.9,0.5,0.9,38,2,0.449627347072346,1.1277985902104701,0.0,0.0,-419,0.9060167841491275,1.1277985902104701,0.0,0-15
black-pos-101,0,61,10,T0.5_P0.95,0.5,0.95,38,3,0.7727343351097593,8.643296733116381,0.06658413718379097,0.0,-419,0.8456904383025248,8.643296733116381,0.0,0-15
black-pos-101,0,61,10,T0.5_P1,0.5,1.0,38,38,0.8911908450886282,9.884852742327658,0.06587307809868269,2.8259320087871276e-05,-419,0.8306518702556676,9.884852742327658,0.0,0-15
black-pos-101,0,61,10,T0.9_P0.5,0.9,0.5,38,1,-0.0,0.0,0.0,0.0,-419,1.0,0.0,0.0,0-15
black-pos-101,0,61,10,T0.9_P0.9,0.9,0.9,38,3,1.2738119781748054,20.412850582930464,0.1594921128229207,0.0,-419,0.6546120770839541,20.412850582930464,0.0,0-15
black-pos-101,0,61,10,T0.9_P0.95,0.9,0.95,38,4,1.5525643094387198,24.420060041604508,0.14819770570625604,0.0,-419,0.6082558330590199,24.420060041604508,0.0,0-15
black-pos-101,0,61,10,T0.9_P1,0.9,1.0,38,38,1.674895755613386,27.09973420108458,0.16073888287999047,0.005193189319957967,-419,0.5993004167371192,27.09973420108458,0.0,0-15
black-pos-101,0,61,10,T1_P0.5,1.0,0.5,38,1,-0.0,0.0,0.0,0.0,-419,1.0,0.0,0.0,0-15
black-pos-101,0,61,10,T1_P0.9,1.0,0.9,38,4,1.6314369679118481,26.884612076746812,0.16061289280103974,0.0,-419,0.5724014512808008,26.884612076746812,0.0,0-15
black-pos-101,0,61,10,T1_P0.95,1.0,0.95,38,4,1.6314369679118481,26.884612076746812,0.16061289280103974,0.0,-419,0.5724014512808008,26.884612076746812,0.0,0-15
black-pos-101,0,61,10,T1_P1,1.0,1.0,38,38,1.8186302035785253,31.54062804898766,0.18050646921834151,0.009976842871160824,-419,0.5588354673447028,31.54062804898766,0.0,0-15
black-pos-102,1,25,10,argmax,0.0,0.0,38,1,-0.0,0.0,0.0,0.0,165,1.0,0.0,0.0,1-11
black-pos-102,1,25,10,T0.5_P0.5,0.5,0.5,38,1,-0.0,0.0,0.0,0.0,165,1.0,0.0,0.0,1-11
black-pos-102,1,25,10,T0.5_P0.9,0.5,0.9,38,2,0.4506814568289477,8.110310462437427,0.0,0.0,165,0.9056940643902626,8.110310462437427,0.0,1-11
black-pos-102,1,25,10,T0.5_P0.95,0.5,0.95,38,2,0.4506814568289477,8.110310462437427,0.0,0.0,165,0.9056940643902626,8.110310462437427,0.0,1-11
black-pos-102,1,25,10,T0.5_P1,0.5,1.0,38,38,0.5373921887988773,10.195748129929514,0.01043814975510785,0.0014849138558305974,165,0.8962402941138443,10.195748129929514,0.0,1-11
black-pos-102,1,25,10,T0.9_P0.5,0.9,0.5,38,1,-0.0,0.0,0.0,0.0,165,1.0,0.0,0.0,1-11
black-pos-102,1,25,10,T0.9_P0.9,0.9,0.9,38,2,0.7629571363572816,19.051851424375652,0.0,0.0,165,0.7784668439026087,19.051851424375652,0.0,1-11
black-pos-102,1,25,10,T0.9_P0.95,0.9,0.95,38,3,1.0342859192107838,28.366888618039205,0.056816970942290386,0.0,165,0.7342367158530576,28.366888618039205,0.0,1-11
black-pos-102,1,25,10,T0.9_P1,0.9,1.0,38,38,1.28795928699624,42.21658278144023,0.08862222690668121,0.033721191947405964,165,0.7094773786229439,42.21658278144023,0.0,1-11
black-pos-102,1,25,10,T1_P0.5,1.0,0.5,38,1,-0.0,0.0,0.0,0.0,165,1.0,0.0,0.0,1-11
black-pos-102,1,25,10,T1_P0.9,1.0,0.9,38,3,1.1121311742069144,32.36359648153632,0.07025619900206875,0.0,165,0.7029215676937715,32.36359648153632,0.0,1-11
black-pos-102,1,25,10,T1_P0.95,1.0,0.95,38,4,1.250347957518081,39.202714635469945,0.09291408524986572,0.024370032070638543,165,0.6857913465459308,39.202714635469945,0.0,1-11
black-pos-102,1,25,10,T1_P1,1.0,1.0,38,38,1.4730430271572874,54.0072017330356,0.11743317744763569,0.050741912336419975,165,0.6672539831264754,54.0072017330356,0.0,1-11
black-pos-103,1,41,10,argmax,0.0,0.0,39,1,-0.0,24.0,0.0,0.0,440,0.0,24.0,0.0,1-12
black-pos-103,1,41,10,T0.5_P0.5,0.5,0.5,39,1,-0.0,24.0,0.0,0.0,440,0.0,24.0,0.0,1-12
black-pos-103,1,41,10,T0.5_P0.9,0.5,0.9,39,2,0.993252816072329,13.159661543419187,0.0,0.0,440,0.45168076902420057,13.159661543419187,0.0,1-12
black-pos-103,1,41,10,T0.5_P0.95,0.5,0.95,39,2,0.993252816072329,13.159661543419187,0.0,0.0,440,0.45168076902420057,13.159661543419187,0.0,1-12
black-pos-103,1,41,10,T0.5_P1,0.5,1.0,39,39,1.1394601463948275,16.495033210731076,0.019681781866436193,7.768744424015451e-05,440,0.44279088373497133,16.495033210731076,0.0,1-12
black-pos-103,1,41,10,T0.9_P0.5,0.9,0.5,39,2,0.9979107760483239,12.645649184829104,0.0,0.0,440,0.4730979506321206,12.645649184829104,0.0,1-12
black-pos-103,1,41,10,T0.9_P0.9,0.9,0.9,39,3,1.260316013994714,22.68957492196038,0.05827486042346657,0.0,440,0.44552823359240573,22.68957492196038,0.0,1-12
black-pos-103,1,41,10,T0.9_P0.95,0.9,0.95,39,4,1.4558532909337667,29.52610588167585,0.096986402825191,0.0,440,0.42721388221634143,29.52610588167585,0.0,1-12
black-pos-103,1,41,10,T0.9_P1,0.9,1.0,39,39,1.6269789311862648,33.09014348893482,0.11981503864540728,0.005458945738488672,440,0.41640496500334323,33.09014348893482,0.0,1-12
black-pos-103,1,41,10,T1_P0.5,1.0,0.5,39,2,0.9983072627125453,12.581190889003155,0.0,0.0,440,0.4757837129582018,12.581190889003155,0.0,1-12
black-pos-103,1,41,10,T1_P0.9,1.0,0.9,39,3,1.2967064474547985,24.79970233043841,0.07086530468708568,0.0,440,0.442067155174266,24.79970233043841,0.0,1-12
black-pos-103,1,41,10,T1_P0.95,1.0,0.95,39,4,1.5212459304698518,33.176262728874136,0.11826444466448874,0.0,440,0.4195154163647916,33.176262728874136,0.0,1-12
black-pos-103,1,41,10,T1_P1,1.0,1.0,39,39,1.757307239560863,38.526441609329424,0.15034153084589058,0.009510910562959959,440,0.40423042221628863,38.526441609329424,0.0,1-12
black-pos-104,1,61,10,argmax,0.0,0.0,6,1,-0.0,10003.0,1.0,1.0,4,0.0,1000.0,1.0,1-18
black-pos-104,1,61,10,T0.5_P0.5,0.5,0.5,6,1,-0.0,10003.0,1.0,1.0,4,0.0,1000.0,1.0,1-18
black-pos-104,1,61,10,T0.5_P0.9,0.5,0.9,6,2,0.4790418843742865,10003.0,1.0,1.0,4,0.0,999.9999999999999,1.0,1-18
black-pos-104,1,61,10,T0.5_P0.95,0.5,0.95,6,3,0.8740249765455061,9097.02699411151,0.9094298704500159,0.9094298704500159,4,0.0905701295499841,909.4298704500159,0.9094298704500159,1-18
black-pos-104,1,61,10,T0.5_P1,0.5,1.0,6,6,0.8777824314887193,9096.907578155899,0.9094562473808679,0.9094562473808679,4,0.09054375261913182,909.4295531365589,0.9094166416771453,1-18
black-pos-104,1,61,10,T0.9_P0.5,0.9,0.5,6,1,-0.0,10003.0,1.0,1.0,4,0.0,1000.0,1.0,1-18
black-pos-104,1,61,10,T0.9_P0.9,0.9,0.9,6,3,1.3265160189420349,8154.181722484699,0.8151736201624211,0.8151736201624211,4,0.18482637983757874,815.1736201624212,0.8151736201624211,1-18
black-pos-104,1,61,10,T0.9_P0.95,0.9,0.95,6,3,1.3265160189420349,8154.181722484699,0.8151736201624211,0.8151736201624211,4,0.18482637983757874,815.1736201624212,0.8151736201624211,1-18
black-pos-104,1,61,10,T0.9_P1,0.9,1.0,6,6,1.4012978540889438,8147.885637840272,0.8169541244497592,0.8169541244497592,4,0.18304587555024066,815.2751164796576,0.8144630147018342,1-18
black-pos-104,1,61,10,T1_P0.5,1.0,0.5,6,1,-0.0,10003.0,1.0,1.0,4,0.0,1000.0,1.0,1-18
black-pos-104,1,61,10,T1_P0.9,1.0,0.9,6,3,1.3742089012601735,8009.880501569871,0.8007478258092443,0.8007478258092443,4,0.19925217419075564,800.7478258092443,0.8007478258092443,1-18
black-pos-104,1,61,10,T1_P0.95,1.0,0.95,6,3,1.3742089012601735,8009.880501569871,0.8007478258092443,0.8007478258092443,4,0.19925217419075564,800.7478258092443,0.8007478258092443,1-18
black-pos-104,1,61,10,T1_P1,1.0,1.0,6,6,1.4803761098275035,7999.750909119997,0.8037067695806706,0.8037067695806706,4,0.19629323041932928,800.939733379892,0.7996013746240258,1-18
black-pos-105,2,25,10,argmax,0.0,0.0,31,1,-0.0,23.0,0.0,0.0,144,0.0,23.0,0.0,2-11
black-pos-105,2,25,10,T0.5_P0.5,0.5,0.5,31,1,-0.0,23.0,0.0,0.0,144,0.0,23.0,0.0,2-11
black-pos-105,2,25,10,T0.5_P0.9,0.5,0.9,31,5,1.5068455117361645,50.15374245454235,0.11181177297183628,0.0,144,0.0,50.15374245454235,0.0,2-11
black-pos-105,2,25,10,T0.5_P0.95,0.5,0.95,31,6,1.6569309583844838,48.636254960438684,0.10842871601786905,0.0,144,0.030256715049312096,48.636254960438684,0.0,2-11
black-pos-105,2,25,10,T0.5_P1,0.5,1.0,31,31,1.9265002263657744,49.70357383072043,0.10852817104535184,3.99202670966809e-05,144,0.02908515991058793,49.70357383072043,0.0,2-11
black-pos-105,2,25,10,T0.9_P0.5,0.9,0.5,31,3,1.3807382838997686,71.28126519529401,0.216516422998501,0.0,144,0.0,71.28126519529401,0.0,2-11
black-pos-105,2,25,10,T0.9_P0.9,0.9,0.9,31,9,2.7110708691754817,61.952725621099894,0.13771765079430145,0.0,144,0.06776924374794946,61.952725621099894,0.0,2-11
black-pos-105,2,25,10,T0.9_P0.95,0.9,0.95,31,11,2.8795292634640988,63.06273326845884,0.14815068154266545,0.0,144,0.06516273314141745,63.06273326845884,0.0,2-11
black-pos-105,2,25,10,T0.9_P1,0.9,1.0,31,31,3.128619385879682,65.63364585529953,0.16598351439895281,0.0031631152517701145,144,0.06245642308782065,65.63364585529953,0.0,2-11
black-pos-105,2,25,10,T1_P0.5,1.0,0.5,31,3,1.419010065465335,74.2522164194754,0.22896693179006847,0.0,144,0.0,74.2522164194754,0.0,2-11
black-pos-105,2,25,10,T1_P0.9,1.0,0.9,31,10,2.9029155316173973,63.37044949360207,0.13487921201544484,0.0,144,0.07124981649763058,63.37044949360207,0.0,2-11
black-pos-105,2,25,10,T1_P0.95,1.0,0.95,31,12,3.0577155836521945,65.6351956391095,0.16595368010609632,0.0,144,0.06869057831959718,65.6351956391095,0.0,2-11
black-pos-105,2,25,10,T1_P1,1.0,1.0,31,31,3.3004369925714854,68.10883033458748,0.17614108638118767,0.0053443934199828924,144,0.06594479721711376,68.10883033458748,0.0,2-11
black-pos-106,2,41,10,argmax,0.0,0.0,26,1,-0.0,0.0,0.0,0.0,-576,1.0,0.0,0.0,2-12
black-pos-106,2,41,10,T0.5_P0.5,0.5,0.5,26,2,0.999575192293058,58.54402520379832,0.48786687669831935,0.0,-576,0.5121331233016807,58.54402520379832,0.0,2-12
black-pos-106,2,41,10,T0.5_P0.9,0.5,0.9,26,2,0.999575192293058,58.54402520379832,0.48786687669831935,0.0,-576,0.5121331233016807,58.54402520379832,0.0,2-12
black-pos-106,2,41,10,T0.5_P0.95,0.5,0.95,26,3,1.1377578786385252,58.578576378375864,0.47628949660123426,0.0,-576,0.4999798902949699,58.578576378375864,0.0,2-12
black-pos-106,2,41,10,T0.5_P1,0.5,1.0,26,26,1.339390177249396,80.44237660791686,0.47217301344231066,0.0023276992097151605,-576,0.4857730843882508,61.78549207184336,0.002215518885651763,2-12
black-pos-106,2,41,10,T0.9_P0.5,0.9,0.5,26,2,0.9998688598124166,59.19101531628699,0.4932584609690583,0.0,-576,0.5067415390309418,59.19101531628699,0.0,2-12
black-pos-106,2,41,10,T0.9_P0.9,0.9,0.9,26,4,1.608146199389237,60.57662208128297,0.419504156587924,0.0,-576,0.43097118196737183,60.57662208128297,0.0,2-12
black-pos-106,2,41,10,T0.9_P0.95,0.9,0.95,26,7,1.9726519257266375,253.4948200458085,0.4602560652979196,0.020058787141309046,-576,0.40071618795924785,84.57977352884502,0.020058787141309046,2-12
black-pos-106,2,41,10,T0.9_P1,0.9,1.0,26,26,2.218063469190967,249.98786135403518,0.4662990877611173,0.02650786428548176,-576,0.38802531149619274,86.42243647081516,0.01942351560185489,2-12
black-pos-106,2,41,10,T1_P0.5,1.0,0.5,26,2,0.9998937746134162,59.27190540135763,0.49393254501131356,0.0,-576,0.5060674549886864,59.27190540135763,0.0,2-12
black-pos-106,2,41,10,T1_P0.9,1.0,0.9,26,6,1.9666504518490788,67.50161749777128,0.4467220033012075,0.0,-576,0.3914782654476915,67.50161749777128,0.0,2-12
black-pos-106,2,41,10,T1_P0.95,1.0,0.95,26,7,2.0886407506271185,308.4200405442777,0.4609728062649799,0.02575703904511249,-576,0.3813949444792424,91.52001474538544,0.02575703904511249,2-12
black-pos-106,2,41,10,T1_P1,1.0,1.0,26,26,2.431922834731705,300.6039555254022,0.47068766191088585,0.03622238941409017,-576,0.3630410551547953,94.14182127595936,0.02451753167669432,2-12
black-pos-107,2,61,10,argmax,0.0,0.0,34,1,-0.0,50.0,0.0,0.0,421,0.0,50.0,0.0,2-21
black-pos-107,2,61,10,T0.5_P0.5,0.5,0.5,34,1,-0.0,50.0,0.0,0.0,421,0.0,50.0,0.0,2-21
black-pos-107,2,61,10,T0.5_P0.9,0.5,0.9,34,3,1.368324148262248,29.77540124359685,0.0,0.0,421,0.28631073952206576,29.77540124359685,0.0,2-21
black-pos-107,2,61,10,T0.5_P0.95,0.5,0.95,34,3,1.368324148262248,29.77540124359685,0.0,0.0,421,0.28631073952206576,29.77540124359685,0.0,2-21
black-pos-107,2,61,10,T0.5_P1,0.5,1.0,34,34,1.6008166474742944,31.067249082632532,0.005978267139259542,0.00582922024943842,421,0.2769735119715005,31.067225657606098,0.0,2-21
black-pos-107,2,61,10,T0.9_P0.5,0.9,0.5,34,2,0.9732716047550136,29.797396820204547,0.0,0.0,421,0.4040520635959091,29.797396820204547,0.0,2-21
black-pos-107,2,61,10,T0.9_P0.9,0.9,0.9,34,5,1.9215090897832177,25.340135913118903,0.0,0.0,421,0.2874045604819865,25.340135913118903,0.0,2-21
black-pos-107,2,61,10,T0.9_P0.95,0.9,0.95,34,8,2.214400417591391,31.601597116493757,0.03100137358685158,0.03100137358685158,421,0.27072736627948824,31.601597116493757,0.0,2-21
black-pos-107,2,61,10,T0.9_P1,0.9,1.0,34,34,2.5025700856391984,36.93228199645597,0.03992394556781159,0.03589217241969071,421,0.2603244087257862,36.92905825386373,0.0,2-21
black-pos-107,2,61,10,T1_P0.5,1.0,0.5,34,2,0.9782732311277753,29.327830826087453,0.0,0.0,421,0.4134433834782509,29.327830826087453,0.0,2-21
black-pos-107,2,61,10,T1_P0.9,1.0,0.9,34,6,2.1386412580393097,32.54287316300676,0.0388739539219225,0.0388739539219225,421,0.2733347288974045,32.54287316300676,0.0,2-21
black-pos-107,2,61,10,T1_P0.95,1.0,0.95,34,9,2.368324369311197,32.37322914684155,0.037192212130321534,0.037192212130321534,421,0.2615098850030597,32.37322914684155,0.0,2-21
black-pos-107,2,61,10,T1_P1,1.0,1.0,34,34,2.7136613159566902,40.53400200787849,0.05043577350691084,0.04453794059010873,421,0.2485540132498033,40.52804339669035,0.0,2-21
black-pos-108,0,25,10,argmax,0.0,0.0,28,1,-0.0,19.0,0.0,0.0,32,0.0,19.0,0.0,0-12
black-pos-108,0,25,10,T0.5_P0.5,0.5,0.5,28,2,0.9999457451853971,9.582388719578429,0.0,0.0,32,0.4956637516011353,9.582388719578429,0.0,0-12
black-pos-108,0,25,10,T0.5_P0.9,0.5,0.9,28,4,1.812350712747534,11.000590357846082,0.0,0.0,32,0.35672385825571434,11.000590357846082,0.0,0-12
black-pos-108,0,25,10,T0.5_P0.95,0.5,0.95,28,5,2.0258001685475855,11.00055635385939,0.0,0.0,32,0.33617694182291985,11.00055635385939,0.0,0-12
black-pos-108,0,25,10,T0.5_P1,0.5,1.0,28,28,2.1967308387962095,11.133602647855712,0.0003048553531246611,0.0003047958453717981,32,0.32834598297639295,11.133602647855712,0.0,0-12
black-pos-108,0,25,10,T0.9_P0.5,0.9,0.5,28,3,1.5702338007356342,12.072523691645658,0.0,0.0,32,0.3646040162291759,12.072523691645658,0.0,0-12
black-pos-108,0,25,10,T0.9_P0.9,0.9,0.9,28,7,2.4771035116073765,10.908367456770725,0.0,0.0,32,0.26414331903712396,10.908367456770725,0.0,0-12
black-pos-108,0,25,10,T0.9_P0.95,0.9,0.95,28,9,2.625626811719904,10.760833863666363,0.0,0.0,32,0.2563322184896817,10.760833863666363,0.0,0-12
black-pos-108,0,25,10,T0.9_P1,0.9,1.0,28,28,2.9146155742591677,12.624216551727674,0.005120233412877883,0.0050764127369277955,32,0.24383737290770327,12.624216551727674,0.0,0-12
black-pos-108,0,25,10,T1_P0.5,1.0,0.5,28,3,1.572925691643099,12.12802446313039,0.0,0.0,32,0.3616829229931373,12.12802446313039,0.0,0-12
black-pos-108,0,25,10,T1_P0.9,1.0,0.9,28,8,2.6150801568252655,10.74314858174521,0.0,0.0,32,0.2486964861257009,10.74314858174521,0.0,0-12
black-pos-108,0,25,10,T1_P0.95,1.0,0.95,28,10,2.777185589579677,10.527082569680514,0.0,0.0,32,0.24001076397845045,10.527082569680514,0.0,0-12
black-pos-108,0,25,10,T1_P1,1.0,1.0,28,28,3.0602289880385727,13.25918627291232,0.00713767411255702,0.007040500961171559,32,0.22825766263560576,13.25918627291232,0.0,0-12
black-pos-109,0,41,10,argmax,0.0,0.0,48,1,-0.0,187.0,1.0,0.0,84,0.0,187.0,0.0,0-12
black-pos-109,0,41,10,T0.5_P0.5,0.5,0.5,48,1,-0.0,187.0,1.0,0.0,84,0.0,187.0,0.0,0-12
black-pos-109,0,41,10,T0.5_P0.9,0.5,0.9,48,2,0.8176686123145283,180.39412661544398,1.0,0.0,84,0.0,180.39412661544398,0.0,0-12
black-pos-109,0,41,10,T0.5_P0.95,0.5,0.95,48,3,1.0874400583307846,198.993187687965,1.0,0.057297364581222344,84,0.0,198.993187687965,0.0,0-12
black-pos-109,0,41,10,T0.5_P1,0.5,1.0,48,48,1.283126656402604,202.32748917644238,0.9972506029332822,0.07364279329784103,84,0.0027493970667177583,202.32748917644238,0.0,0-12
black-pos-109,0,41,10,T0.9_P0.5,0.9,0.5,48,2,0.9382160984984703,177.77718430037055,0.9999999999999999,0.0,84,0.0,177.77718430037055,0.0,0-12
black-pos-109,0,41,10,T0.9_P0.9,0.9,0.9,48,6,1.8580585986257103,229.71666922307926,0.9765844423257278,0.19701988000402637,84,0.023415557674272326,229.71666922307926,0.0,0-12
black-pos-109,0,41,10,T0.9_P0.95,0.9,0.95,48,9,2.1522378081532247,237.4816958926407,0.9778863780437124,0.22067194077373423,84,0.022113621956287577,237.4816958926407,0.0,0-12
black-pos-109,0,41,10,T0.9_P1,0.9,1.0,48,48,2.445922133490244,250.54532324889993,0.9787897518183657,0.25250863093457593,84,0.021210248181634472,250.54532324889993,0.0,0-12
black-pos-109,0,41,10,T1_P0.5,1.0,0.5,48,2,0.9495408121183753,177.4180822812299,1.0,0.0,84,0.0,177.4180822812299,0.0,0-12
black-pos-109,0,41,10,T1_P0.9,1.0,0.9,48,8,2.199695750097866,237.92960359781225,0.9716478618669852,0.2348151641400507,84,0.028352138133014935,237.92960359781225,0.0,0-12
black-pos-109,0,41,10,T1_P0.95,1.0,0.95,48,10,2.3950988349731777,251.06881662779838,0.9727918717949907,0.26569040342099076,84,0.02720812820500936,251.06881662779838,0.0,0-12
black-pos-109,0,41,10,T1_P1,1.0,1.0,48,48,2.702253956330198,263.2228715195445,0.9739172904338453,0.29606388962530156,84,0.026082709566154546,263.2228715195445,0.0,0-12
black-pos-110,0,61,10,argmax,0.0,0.0,22,1,-0.0,122.0,1.0,0.0,-604,0.0,122.0,0.0,0-16
black-pos-110,0,61,10,T0.5_P0.5,0.5,0.5,22,1,-0.0,122.0,1.0,0.0,-604,0.0,122.0,0.0,0-16
black-pos-110,0,61,10,T0.5_P0.9,0.5,0.9,22,2,0.30516683412113615,119.05761176933456,0.9455113290617512,0.0,-604,0.0,119.05761176933456,0.0,0-16
black-pos-110,0,61,10,T0.5_P0.95,0.5,0.95,22,4,0.814742956976738,111.06721858025618,0.8579149064420545,0.0,-604,0.0,111.06721858025618,0.0,0-16
black-pos-110,0,61,10,T0.5_P1,0.5,1.0,22,22,0.8664387244836619,110.46006503648158,0.8531184764016695,0.00012437113834892692,-604,0.005295767356054655,110.46006503648158,0.0,0-16
black-pos-110,0,61,10,T0.9_P0.5,0.9,0.5,22,1,-0.0,122.0,1.0,0.0,-604,0.0,122.0,0.0,0-16
black-pos-110,0,61,10,T0.9_P0.9,0.9,0.9,22,4,1.5486934181401308,93.13498277122908,0.6249980523889265,0.0,-604,0.0,93.13498277122908,0.0,0-16
black-pos-110,0,61,10,T0.9_P0.95,0.9,0.95,22,5,1.7159651332622399,89.80009019616918,0.602618691784346,0.0,-604,0.0358070885485803,89.80009019616918,0.0,0-16
black-pos-110,0,61,10,T0.9_P1,0.9,1.0,22,22,1.8919111084930043,90.01249091781145,0.6021274382542375,0.004963815227736942,-604,0.035010467325186576,90.01249091781145,0.0,0-16
black-pos-110,0,61,10,T1_P0.5,1.0,0.5,22,1,-0.0,122.0,1.0,0.0,-604,0.0,122.0,0.0,0-16
black-pos-110,0,61,10,T1_P0.9,1.0,0.9,22,4,1.6333981337479382,90.17743373109093,0.5865913877489071,0.0,-604,0.0,90.17743373109093,0.0,0-16
black-pos-110,0,61,10,T1_P0.95,1.0,0.95,22,5,1.8223795420124564,86.19322060811649,0.5606746477376285,0.0,-604,0.04418193064636725,86.19322060811649,0.0,0-16
black-pos-110,0,61,10,T1_P1,1.0,1.0,22,22,2.07334832765794,86.7195598813395,0.5618766515275051,0.0076743649253628535,-604,0.04266265433753253,86.7195598813395,0.0,0-16
black-pos-111,1,25,10,argmax,0.0,0.0,34,1,-0.0,75.0,0.0,0.0,-89,0.0,75.0,0.0,1-12
black-pos-111,1,25,10,T0.5_P0.5,0.5,0.5,34,2,0.9981193036095646,85.43845396586352,0.0,0.0,-89,0.0,85.43845396586352,0.0,1-12
black-pos-111,1,25,10,T0.5_P0.9,0.5,0.9,34,4,1.8434606587371496,67.77936359368474,0.0,0.0,-89,0.17803681277399755,67.77936359368474,0.0,1-12
black-pos-111,1,25,10,T0.5_P0.95,0.5,0.95,34,5,1.9726950567022206,67.00325866531114,0.0,0.0,-89,0.17323562085826852,67.00325866531114,0.0,1-12
black-pos-111,1,25,10,T0.5_P1,0.5,1.0,34,34,2.1579725805695458,67.72263510720491,0.008049920243679566,1.5681500884604343e-05,-89,0.16818357443740256,67.72263510720491,0.0,1-12
black-pos-111,1,25,10,T0.9_P0.5,0.9,0.5,34,2,0.9994190144362385,85.68784238664871,0.0,0.0,-89,0.0,85.68784238664871,0.0,1-12
black-pos-111,1,25,10,T0.9_P0.9,0.9,0.9,34,6,2.3448807899866626,61.07463126084159,0.0,0.0,-89,0.18892968854400938,61.07463126084159,0.0,1-12
black-pos-111,1,25,10,T0.9_P0.95,0.9,0.95,34,8,2.595789391639465,66.05513407101779,0.032664328690957034,0.0,-89,0.17728085373098032,66.05513407101779,0.0,1-12
black-pos-111,1,25,10,T0.9_P1,0.9,1.0,34,34,2.7865925208983082,66.01248329462396,0.03596405609037572,0.0020189658264792394,-89,0.17260276390190998,66.01248329462396,0.0,1-12
black-pos-111,1,25,10,T1_P0.5,1.0,0.5,34,3,1.5666729561368125,63.38566434117273,0.0,0.0,-89,0.26054163089744387,63.38566434117273,0.0,1-12
black-pos-111,1,25,10,T1_P0.9,1.0,0.9,34,7,2.5281876520768396,64.99455972102643,0.039699224653227415,0.0,-89,0.18193292944389888,64.99455972102643,0.0,1-12
black-pos-111,1,25,10,T1_P0.95,1.0,0.95,34,8,2.6572891658209317,66.19985490486548,0.03833231471307677,0.0,-89,0.17566867789062895,66.19985490486548,0.0,1-12
black-pos-111,1,25,10,T1_P1,1.0,1.0,34,34,2.924334407895585,66.54252275075937,0.044186130146051016,0.0037278305497970986,-89,0.16880079588148034,66.54252275075937,0.0,1-12
black-pos-112,1,41,10,argmax,0.0,0.0,42,1,-0.0,0.0,0.0,0.0,176,1.0,0.0,0.0,1-13
black-pos-112,1,41,10,T0.5_P0.5,0.5,0.5,42,1,-0.0,0.0,0.0,0.0,176,1.0,0.0,0.0,1-13
black-pos-112,1,41,10,T0.5_P0.9,0.5,0.9,42,3,0.7763671916315596,18.39526384674787,0.03448245156343787,0.03448245156343787,176,0.8319128389222697,18.39526384674787,0.0,1-13
black-pos-112,1,41,10,T0.5_P0.95,0.5,0.95,42,5,1.0655328412795577,21.447330594381295,0.03282139474468711,0.03282139474468711,176,0.7918387017584454,21.447330594381295,0.0,1-13
black-pos-112,1,41,10,T0.5_P1,0.5,1.0,42,42,1.2766879620420517,23.820103226302372,0.048910443949351005,0.031945834623522504,176,0.7693966840613984,23.820103226302372,0.0,1-13
black-pos-112,1,41,10,T0.9_P0.5,0.9,0.5,42,2,0.8353771050902337,20.201006170073057,0.0,0.0,176,0.7341972872358808,20.201006170073057,0.0,1-13
black-pos-112,1,41,10,T0.9_P0.9,0.9,0.9,42,7,2.193197630947694,55.40782450522841,0.14390392297041452,0.08524918735562492,176,0.4997289633502428,55.40782450522841,0.0,1-13
black-pos-112,1,41,10,T0.9_P0.95,0.9,0.95,42,9,2.3754697653014345,56.22993699262407,0.1386087779415377,0.08211232491765835,176,0.48134074097625074,56.22993699262407,0.0,1-13
black-pos-112,1,41,10,T0.9_P1,0.9,1.0,42,42,2.6929011945448433,58.86966068500868,0.14897641852424817,0.08188751507750579,176,0.4595262826945152,58.86966068500868,0.0,1-13
black-pos-112,1,41,10,T1_P0.5,1.0,0.5,42,2,0.8636246522994693,21.74329598668991,0.0,0.0,176,0.7139040001751329,21.74329598668991,0.0,1-13
black-pos-112,1,41,10,T1_P0.9,1.0,0.9,42,8,2.42784254263964,61.345942804665356,0.15541404275511939,0.09065996716776782,176,0.4453027769447106,61.345942804665356,0.0,1-13
black-pos-112,1,41,10,T1_P0.95,1.0,0.95,42,11,2.6494450600144166,62.00364044013233,0.1597147455297953,0.08668150880786374,176,0.4257614224641186,62.00364044013233,0.0,1-13
black-pos-112,1,41,10,T1_P1,1.0,1.0,42,42,2.9380144935617594,64.90052100255465,0.16675920209981107,0.08898483799332121,176,0.4085476737886151,64.90052100255465,0.0,1-13
black-pos-113,1,61,10,argmax,0.0,0.0,25,1,-0.0,3.0,0.0,0.0,664,0.0,3.0,0.0,1-19
black-pos-113,1,61,10,T0.5_P0.5,0.5,0.5,25,1,-0.0,3.0,0.0,0.0,664,0.0,3.0,0.0,1-19
black-pos-113,1,61,10,T0.5_P0.9,0.5,0.9,25,3,1.055330974854428,9.970455729751913,0.0,0.0,664,0.0,9.970455729751913,0.0,1-19
black-pos-113,1,61,10,T0.5_P0.95,0.5,0.95,25,3,1.055330974854428,9.970455729751913,0.0,0.0,664,0.0,9.970455729751913,0.0,1-19
black-pos-113,1,61,10,T0.5_P1,0.5,1.0,25,25,1.2390134812969078,9.762532040604619,1.890944556336573e-05,1.212849548808608e-06,664,0.002233604926848614,9.762532040604619,0.0,1-19
black-pos-113,1,61,10,T0.9_P0.5,0.9,0.5,25,1,-0.0,3.0,0.0,0.0,664,0.0,3.0,0.0,1-19
black-pos-113,1,61,10,T0.9_P0.9,0.9,0.9,25,4,1.7126677471309977,13.835522092756495,0.0,0.0,664,0.0,13.835522092756495,0.0,1-19
black-pos-113,1,61,10,T0.9_P0.95,0.9,0.95,25,4,1.7126677471309977,13.835522092756495,0.0,0.0,664,0.0,13.835522092756495,0.0,1-19
black-pos-113,1,61,10,T0.9_P1,0.9,1.0,25,25,1.936747167349832,14.752166940776949,0.0033032970009291744,0.00036044578058995464,664,0.020410453046509153,14.752166940776949,0.0,1-19
black-pos-113,1,61,10,T1_P0.5,1.0,0.5,25,2,0.8725019621016519,12.081460563793861,0.0,0.0,664,0.0,12.081460563793861,0.0,1-19
black-pos-113,1,61,10,T1_P0.9,1.0,0.9,25,4,1.7645109815832336,14.318769479972246,0.0,0.0,664,0.0,14.318769479972246,0.0,1-19
black-pos-113,1,61,10,T1_P0.95,1.0,0.95,25,4,1.7645109815832336,14.318769479972246,0.0,0.0,664,0.0,14.318769479972246,0.0,1-19
black-pos-113,1,61,10,T1_P1,1.0,1.0,25,25,2.071921488776002,16.019612138273622,0.006297830999844155,0.0007315804462865651,664,0.02621331944040082,16.019612138273622,0.0,1-19
black-pos-114,2,25,10,argmax,0.0,0.0,36,1,-0.0,0.0,0.0,0.0,-3,1.0,0.0,0.0,2-12
black-pos-114,2,25,10,T0.5_P0.5,0.5,0.5,36,1,-0.0,0.0,0.0,0.0,-3,1.0,0.0,0.0,2-12
black-pos-114,2,25,10,T0.5_P0.9,0.5,0.9,36,1,-0.0,0.0,0.0,0.0,-3,1.0,0.0,0.0,2-12
black-pos-114,2,25,10,T0.5_P0.95,0.5,0.95,36,1,-0.0,0.0,0.0,0.0,-3,1.0,0.0,0.0,2-12
black-pos-114,2,25,10,T0.5_P1,0.5,1.0,36,36,0.12475539878191828,0.3099407211600772,1.6745551938648295e-05,1.0790509953469712e-05,-3,0.9829509367170345,0.3099407211600772,0.0,2-12
black-pos-114,2,25,10,T0.9_P0.5,0.9,0.5,36,1,-0.0,0.0,0.0,0.0,-3,1.0,0.0,0.0,2-12
black-pos-114,2,25,10,T0.9_P0.9,0.9,0.9,36,1,-0.0,0.0,0.0,0.0,-3,1.0,0.0,0.0,2-12
black-pos-114,2,25,10,T0.9_P0.95,0.9,0.95,36,2,0.45323117488051257,1.7115979707352644,0.0,0.0,-3,0.9049112238480408,1.7115979707352644,0.0,2-12
black-pos-114,2,25,10,T0.9_P1,0.9,1.0,36,36,0.49954639027144404,2.6121999727682077,0.003993523663252089,0.0028554369524799277,-3,0.9012974394624612,2.6121999727682077,0.0,2-12
black-pos-114,2,25,10,T1_P0.5,1.0,0.5,36,1,-0.0,0.0,0.0,0.0,-3,1.0,0.0,0.0,2-12
black-pos-114,2,25,10,T1_P0.9,1.0,0.9,36,2,0.5186975046594204,2.093809364191497,0.0,0.0,-3,0.8836772575449168,2.093809364191497,0.0,2-12
black-pos-114,2,25,10,T1_P0.95,1.0,0.95,36,2,0.5186975046594204,2.093809364191497,0.0,0.0,-3,0.8836772575449168,2.093809364191497,0.0,2-12
black-pos-114,2,25,10,T1_P1,1.0,1.0,36,36,0.6051215572057048,3.9718397782970856,0.008073767558342219,0.005916273803542569,-3,0.8765426527709055,3.9718397782970856,0.0,2-12
black-pos-115,2,41,10,argmax,0.0,0.0,36,1,-0.0,10.0,0.0,0.0,-52,0.0,10.0,0.0,2-14
black-pos-115,2,41,10,T0.5_P0.5,0.5,0.5,36,1,-0.0,10.0,0.0,0.0,-52,0.0,10.0,0.0,2-14
black-pos-115,2,41,10,T0.5_P0.9,0.5,0.9,36,2,0.5584477537132823,8.696315652251428,0.0,0.0,-52,0.13036843477485716,8.696315652251428,0.0,2-14
black-pos-115,2,41,10,T0.5_P0.95,0.5,0.95,36,2,0.5584477537132823,8.696315652251428,0.0,0.0,-52,0.13036843477485716,8.696315652251428,0.0,2-14
black-pos-115,2,41,10,T0.5_P1,0.5,1.0,36,36,0.5585956667894972,8.697983066560568,2.6001082590690254e-06,1.514169280829154e-06,-52,0.13036744967454375,8.697982059199076,1.1260468291095014e-10,2-14
black-pos-115,2,41,10,T0.9_P0.5,0.9,0.5,36,1,-0.0,10.0,0.0,0.0,-52,0.0,10.0,0.0,2-14
black-pos-115,2,41,10,T0.9_P0.9,0.9,0.9,36,2,0.8243283568719997,7.415960440999887,0.0,0.0,-52,0.25840395590001136,7.415960440999887,0.0,2-14
black-pos-115,2,41,10,T0.9_P0.95,0.9,0.95,36,2,0.8243283568719997,7.415960440999887,0.0,0.0,-52,0.25840395590001136,7.415960440999887,0.0,2-14
black-pos-115,2,41,10,T0.9_P1,0.9,1.0,36,36,0.8525912217097495,8.241429600638561,0.0014118127461204813,0.0008675254152375218,-52,0.25780577944613625,8.220168725146408,2.3765789729657952e-06,2-14
black-pos-115,2,41,10,T1_P0.5,1.0,0.5,36,1,-0.0,10.0,0.0,0.0,-52,0.0,10.0,0.0,2-14
black-pos-115,2,41,10,T1_P0.9,1.0,0.9,36,2,0.8542430135872865,7.208843558199668,0.0,0.0,-52,0.27911564418003326,7.208843558199668,0.0,2-14
black-pos-115,2,41,10,T1_P0.95,1.0,0.95,36,2,0.8542430135872865,7.208843558199668,0.0,0.0,-52,0.27911564418003326,7.208843558199668,0.0,2-14
black-pos-115,2,41,10,T1_P1,1.0,1.0,36,36,0.9097815197819905,9.102767384096687,0.0031911413019725917,0.0020073702393436,-52,0.27774695316214926,9.029742338220178,8.162871213560062e-06,2-14
black-pos-116,2,61,10,argmax,0.0,0.0,34,1,-0.0,95.0,0.0,0.0,-764,0.0,95.0,0.0,2-22
black-pos-116,2,61,10,T0.5_P0.5,0.5,0.5,34,2,0.8542272526520103,156.40290881806422,0.27910413099120096,0.27910413099120096,-764,0.0,156.40290881806422,0.0,2-22
black-pos-116,2,61,10,T0.5_P0.9,0.5,0.9,34,4,1.7050541812792237,1900.1444913993487,0.47556613852902224,0.3951106087991739,-764,0.0,319.60640909598027,0.19206927722728986,2-22
black-pos-116,2,61,10,T0.5_P0.95,0.5,0.95,34,7,2.0204244275576224,2182.5585227925553,0.49022510818723114,0.41452070380386896,-764,0.016310325058472297,343.47523948133255,0.2234695340027748,2-22
black-pos-116,2,61,10,T0.5_P1,0.5,1.0,34,34,2.283871583387328,2237.440191491162,0.5045489582185246,0.4288710803240444,-764,0.015734450517692344,351.9540400934056,0.22910599851544852,2-22
black-pos-116,2,61,10,T0.9_P0.5,0.9,0.5,34,3,1.5334203160362936,2572.357946644012,0.5375945736151964,0.5375945736151964,-764,0.0,394.55582876740266,0.264649667988408,2-22
black-pos-116,2,61,10,T0.9_P0.9,0.9,0.9,34,12,2.999031750081661,3035.5474547765793,0.6440650036870614,0.5408818789610248,-764,0.043978744331053185,439.80928438088307,0.3153832883623482,2-22
black-pos-116,2,61,10,T0.9_P0.95,0.9,0.95,34,15,3.179075705269326,3056.1146560844077,0.6577832493488572,0.5438202274837761,-764,0.04228374039808711,442.55518605452704,0.3175475815923258,2-22
black-pos-116,2,61,10,T0.9_P1,0.9,1.0,34,34,3.4632493721190833,3123.594510911266,0.673433042157672,0.5589342423297531,-764,0.040350077667806704,450.60665444969925,0.32476684150600016,2-22
black-pos-116,2,61,10,T1_P0.5,1.0,0.5,34,3,1.5434382164100273,2638.1372401722333,0.5510466244853478,0.5510466244853478,-764,0.0,402.342696606884,0.2716969915622007,2-22
black-pos-116,2,61,10,T1_P0.9,1.0,0.9,34,13,3.174139602477025,3092.1429914779055,0.6665356310808276,0.5451508676219743,-764,0.047748871080903484,447.1143576574966,0.3213683908529877,2-22
black-pos-116,2,61,10,T1_P0.95,1.0,0.95,34,17,3.3916030497397394,3180.5727723464215,0.6824171645222811,0.5668134570317251,-764,0.045474789159284955,458.22281081362576,0.3307614129847339,2-22
black-pos-116,2,61,10,T1_P1,1.0,1.0,34,34,3.657036956476241,3251.6205644848687,0.6965458305664819,0.5780435026825123,-764,0.04345170088848619,464.88952177745887,0.3385827337426242,2-22
black-pos-117,0,25,10,argmax,0.0,0.0,41,1,-0.0,0.0,0.0,0.0,-69,1.0,0.0,0.0,0-13
black-pos-117,0,25,10,T0.5_P0.5,0.5,0.5,41,1,-0.0,0.0,0.0,0.0,-69,1.0,0.0,0.0,0-13
black-pos-117,0,25,10,T0.5_P0.9,0.5,0.9,41,1,-0.0,0.0,0.0,0.0,-69,1.0,0.0,0.0,0-13
black-pos-117,0,25,10,T0.5_P0.95,0.5,0.95,41,2,0.4482322924405233,12.630187283884199,0.09355694284358666,0.0,-69,0.9064430571564133,12.630187283884199,0.0,0-13
black-pos-117,0,25,10,T0.5_P1,0.5,1.0,41,41,0.45221315235090925,12.667421287389192,0.09365477157459419,6.428228212328433e-05,-69,0.9061919071973369,12.667421287389192,0.0,0-13
black-pos-117,0,25,10,T0.9_P0.5,0.9,0.5,41,1,-0.0,0.0,0.0,0.0,-69,1.0,0.0,0.0,0-13
black-pos-117,0,25,10,T0.9_P0.9,0.9,0.9,41,2,0.7614274911525731,29.793303406230645,0.22069113634244922,0.0,-69,0.7793088636575508,29.793303406230645,0.0,0-13
black-pos-117,0,25,10,T0.9_P0.95,0.9,0.95,41,2,0.7614274911525731,29.793303406230645,0.22069113634244922,0.0,-69,0.7793088636575508,29.793303406230645,0.0,0-13
black-pos-117,0,25,10,T0.9_P1,0.9,1.0,41,41,0.9033032765613427,32.180659526634116,0.22671606500714914,0.005576216991460536,-69,0.7671247574003326,32.180659526634116,0.0,0-13
black-pos-117,0,25,10,T1_P0.5,1.0,0.5,41,1,-0.0,0.0,0.0,0.0,-69,1.0,0.0,0.0,0-13
black-pos-117,0,25,10,T1_P0.9,1.0,0.9,41,2,0.8002417776970425,32.82543814164848,0.24315139364184063,0.0,-69,0.7568486063581593,32.82543814164848,0.0,0-13
black-pos-117,0,25,10,T1_P0.95,1.0,0.95,41,2,0.8002417776970425,32.82543814164848,0.24315139364184063,0.0,-69,0.7568486063581593,32.82543814164848,0.0,0-13
black-pos-117,0,25,10,T1_P1,1.0,1.0,41,41,1.024973185483363,37.04441539943022,0.2535517928101519,0.010288007861105898,-69,0.7368635163468811,37.04441539943022,0.0,0-13
black-pos-118,0,41,10,argmax,0.0,0.0,42,1,-0.0,16.0,0.0,0.0,-405,0.0,16.0,0.0,0-13
black-pos-118,0,41,10,T0.5_P0.5,0.5,0.5,42,1,-0.0,16.0,0.0,0.0,-405,0.0,16.0,0.0,0-13
black-pos-118,0,41,10,T0.5_P0.9,0.5,0.9,42,3,0.8011872247145385,28.16078153358247,0.04516316160170415,0.0,-405,0.0,28.16078153358247,0.0,0-13
black-pos-118,0,41,10,T0.5_P0.95,0.5,0.95,42,5,1.1440082037969765,34.151448040860245,0.10327183638991551,0.0,-405,0.0,34.151448040860245,0.0,0-13
black-pos-118,0,41,10,T0.5_P1,0.5,1.0,42,42,1.4250802136512546,38.26326993017594,0.12998297667870576,5.232445983636544e-05,-405,0.00036899820780048254,38.26326993017594,0.0,0-13
black-pos-118,0,41,10,T0.9_P0.5,0.9,0.5,42,2,0.8256790602440327,28.446109503039587,0.0,0.0,-405,0.0,28.446109503039587,0.0,0-13
black-pos-118,0,41,10,T0.9_P0.9,0.9,0.9,42,9,2.4526007207931064,68.19482101640375,0.3348646206243036,0.0,-405,0.0,68.19482101640375,0.0,0-13
black-pos-118,0,41,10,T0.9_P0.95,0.9,0.95,42,14,2.7292360701331972,71.77421972528094,0.3679367763234505,0.0,-405,0.0,71.77421972528094,0.0,0-13
black-pos-118,0,41,10,T0.9_P1,0.9,1.0,42,42,3.0478044630609524,72.74300561226246,0.36659750867862356,0.0036720903760701627,-405,0.006076762071811534,72.74300561226246,0.0,0-13
black-pos-118,0,41,10,T1_P0.5,1.0,0.5,42,2,0.8553915429770604,29.437912386931327,0.0,0.0,-405,0.0,29.437912386931327,0.0,0-13
black-pos-118,0,41,10,T1_P0.9,1.0,0.9,42,11,2.7398688452851894,75.00679805607288,0.38747624052400187,0.0,-405,0.0,75.00679805607288,0.0,0-13
black-pos-118,0,41,10,T1_P0.95,1.0,0.95,42,16,3.000509248268303,76.21077733265975,0.40049643635593274,0.0,-405,0.008537511888537259,76.21077733265975,0.0,0-13
black-pos-118,0,41,10,T1_P1,1.0,1.0,42,42,3.3232118459961337,78.2856446556911,0.40396488894641713,0.005950065204555223,-405,0.008115239527221155,78.2856446556911,0.0,0-13
black-pos-119,0,61,10,argmax,0.0,0.0,12,1,-0.0,90.0,0.0,0.0,193,0.0,90.0,0.0,0-17
black-pos-119,0,61,10,T0.5_P0.5,0.5,0.5,12,1,-0.0,90.0,0.0,0.0,193,0.0,90.0,0.0,0-17
black-pos-119,0,61,10,T0.5_P0.9,0.5,0.9,12,2,0.904161787434849,92.55838497343899,0.0,0.0,193,0.0,92.55838497343899,0.0,0-17
black-pos-119,0,61,10,T0.5_P0.95,0.5,0.95,12,2,0.904161787434849,92.55838497343899,0.0,0.0,193,0.0,92.55838497343899,0.0,0-17
black-pos-119,0,61,10,T0.5_P1,0.5,1.0,12,12,1.1506534020926493,92.26217346356572,0.02211013832145287,0.0,193,0.008472851005923081,92.26217346356572,0.0,0-17
black-pos-119,0,61,10,T0.9_P0.5,0.9,0.5,12,2,0.9689811804106774,93.17351698745993,0.0,0.0,193,0.0,93.17351698745993,0.0,0-17
black-pos-119,0,61,10,T0.9_P0.9,0.9,0.9,12,4,1.4839963488781325,91.00480151017877,0.06705157724054576,0.0,193,0.047619051627831796,91.00480151017877,0.0,0-17
black-pos-119,0,61,10,T0.9_P0.95,0.9,0.95,12,5,1.6515748099488434,91.88449007566206,0.09988604582943897,0.0,193,0.04594313234144477,91.88449007566206,0.0,0-17
black-pos-119,0,61,10,T0.9_P1,0.9,1.0,12,12,1.890943503453435,90.77357722588538,0.111361886585006,0.0,193,0.04400040888223714,90.77357722588538,0.0,0-17
black-pos-119,0,61,10,T1_P0.5,1.0,0.5,12,2,0.9747712409933279,93.25412991082558,0.0,0.0,193,0.0,93.25412991082558,0.0,0-17
black-pos-119,0,61,10,T1_P0.9,1.0,0.9,12,4,1.5527323944333842,90.50335715996239,0.07907339773380573,0.0,193,0.05811188591304129,90.50335715996239,0.0,0-17
black-pos-119,0,61,10,T1_P0.95,1.0,0.95,12,6,1.8926984997338232,89.03222855620905,0.1155082806423148,0.0,193,0.05378879995045365,89.03222855620905,0.0,0-17
black-pos-119,0,61,10,T1_P1,1.0,1.0,12,12,2.0370521568992905,90.29049830800955,0.13401220136201067,0.0,193,0.05247386158477973,90.29049830800955,0.0,0-17
black-pos-120,1,25,10,argmax,0.0,0.0,32,1,-0.0,0.0,0.0,0.0,-44,1.0,0.0,0.0,1-13
black-pos-120,1,25,10,T0.5_P0.5,0.5,0.5,32,1,-0.0,0.0,0.0,0.0,-44,1.0,0.0,0.0,1-13
black-pos-120,1,25,10,T0.5_P0.9,0.5,0.9,32,2,0.19126439192636743,3.525395395648504,0.029378294963737533,0.0,-44,0.9706217050362625,3.525395395648504,0.0,1-13
black-pos-120,1,25,10,T0.5_P0.95,0.5,0.95,32,4,0.4656748779043338,6.310686232457013,0.05141083706638676,0.0,-44,0.9317081466664864,6.310686232457013,0.0,1-13
black-pos-120,1,25,10,T0.5_P1,0.5,1.0,32,32,0.7693782069938453,9.36351652838377,0.06603446221557027,0.000186537959434208,-44,0.8994931430047973,9.36351652838377,0.0,1-13
black-pos-120,1,25,10,T0.9_P0.5,0.9,0.5,32,1,-0.0,0.0,0.0,0.0,-44,1.0,0.0,0.0,1-13
black-pos-120,1,25,10,T0.9_P0.9,0.9,0.9,32,9,2.1359156800816304,35.38088868004711,0.2393302117737096,0.0,-44,0.5969061761853495,35.38088868004711,0.0,1-13
black-pos-120,1,25,10,T0.9_P0.95,0.9,0.95,32,11,2.333290568498028,38.24465744437881,0.2512194940663046,0.0,-44,0.572915128642321,38.24465744437881,0.0,1-13
black-pos-120,1,25,10,T0.9_P1,0.9,1.0,32,32,2.6101221023434658,43.59950218007202,0.26844577233693895,0.0068511201742909806,-44,0.5487018254869814,43.59950218007202,0.0,1-13
black-pos-120,1,25,10,T1_P0.5,1.0,0.5,32,2,0.605301078082332,17.78322309133082,0.14819352576109018,0.0,-44,0.8518064742389099,17.78322309133082,0.0,1-13
black-pos-120,1,25,10,T1_P0.9,1.0,0.9,32,10,2.4555229709796174,42.34709959765394,0.2898178805588287,0.0,-44,0.5233791748709933,42.34709959765394,0.0,1-13
black-pos-120,1,25,10,T1_P0.95,1.0,0.95,32,12,2.6447022495148884,44.161003058032456,0.27771705300792426,0.0,-44,0.5015264129688064,44.161003058032456,0.0,1-13
black-pos-120,1,25,10,T1_P1,1.0,1.0,32,32,2.909928260104137,51.069790193826606,0.30685914193677,0.010217990962959202,-44,0.48101560732420806,51.069790193826606,0.0,1-13
black-pos-121,1,41,10,argmax,0.0,0.0,38,1,-0.0,0.0,0.0,0.0,-213,1.0,0.0,0.0,1-14
black-pos-121,1,41,10,T0.5_P0.5,0.5,0.5,38,1,-0.0,0.0,0.0,0.0,-213,1.0,0.0,0.0,1-14
black-pos-121,1,41,10,T0.5_P0.9,0.5,0.9,38,1,-0.0,0.0,0.0,0.0,-213,1.0,0.0,0.0,1-14
black-pos-121,1,41,10,T0.5_P0.95,0.5,0.95,38,1,-0.0,0.0,0.0,0.0,-213,1.0,0.0,0.0,1-14
black-pos-121,1,41,10,T0.5_P1,0.5,1.0,38,38,0.008684775836948138,0.26125032697355394,0.0007170088323477734,0.0007170088323477734,-213,0.9992829911676523,0.26125032697355394,0.0,1-14
black-pos-121,1,41,10,T0.9_P0.5,0.9,0.5,38,1,-0.0,0.0,0.0,0.0,-213,1.0,0.0,0.0,1-14
black-pos-121,1,41,10,T0.9_P0.9,0.9,0.9,38,1,-0.0,0.0,0.0,0.0,-213,1.0,0.0,0.0,1-14
black-pos-121,1,41,10,T0.9_P0.95,0.9,0.95,38,1,-0.0,0.0,0.0,0.0,-213,1.0,0.0,0.0,1-14
black-pos-121,1,41,10,T0.9_P1,0.9,1.0,38,38,0.17538248931739375,7.836482132091109,0.02148970093663923,0.02148970093663923,-213,0.9785102990633607,7.836482132091109,0.0,1-14
black-pos-121,1,41,10,T1_P0.5,1.0,0.5,38,1,-0.0,0.0,0.0,0.0,-213,1.0,0.0,0.0,1-14
black-pos-121,1,41,10,T1_P0.9,1.0,0.9,38,1,-0.0,0.0,0.0,0.0,-213,1.0,0.0,0.0,1-14
black-pos-121,1,41,10,T1_P0.95,1.0,0.95,38,1,-0.0,0.0,0.0,0.0,-213,1.0,0.0,0.0,1-14
black-pos-121,1,41,10,T1_P1,1.0,1.0,38,38,0.2658427077191135,12.472717904415333,0.03411635946882812,0.03411635946882812,-213,0.9658836405311718,12.472717904415333,0.0,1-14
black-pos-122,1,61,10,argmax,0.0,0.0,10,1,-0.0,16.0,0.0,0.0,-732,0.0,16.0,0.0,1-22
black-pos-122,1,61,10,T0.5_P0.5,0.5,0.5,10,1,-0.0,16.0,0.0,0.0,-732,0.0,16.0,0.0,1-22
black-pos-122,1,61,10,T0.5_P0.9,0.5,0.9,10,3,0.502718622789067,15.94073077904385,0.0,0.0,-732,0.0,15.94073077904385,0.0,1-22
black-pos-122,1,61,10,T0.5_P0.95,0.5,0.95,10,5,0.85918689731395,15.651336089824747,0.0,0.0,-732,0.02663494407813874,15.651336089824747,0.0,1-22
black-pos-122,1,61,10,T0.5_P1,0.5,1.0,10,10,1.0377103542786956,15.621963972530512,0.0,0.0,-732,0.025988386368268234,15.621963972530512,0.0,1-22
black-pos-122,1,61,10,T0.9_P0.5,0.9,0.5,10,1,-0.0,16.0,0.0,0.0,-732,0.0,16.0,0.0,1-22
black-pos-122,1,61,10,T0.9_P0.9,0.9,0.9,10,6,1.997755172809268,14.524481947714435,0.0,0.0,-732,0.08139681693973125,14.524481947714435,0.0,1-22
black-pos-122,1,61,10,T0.9_P0.95,0.9,0.95,10,7,2.130579287656549,14.921477209386259,0.0,0.0,-732,0.07899882745132256,14.921477209386259,0.0,1-22
black-pos-122,1,61,10,T0.9_P1,0.9,1.0,10,10,2.330457097462237,15.02396590568083,0.0,0.0,-732,0.076016502502902,15.02396590568083,0.0,1-22
black-pos-122,1,61,10,T1_P0.5,1.0,0.5,10,2,0.6966271236254242,16.187696194839415,0.0,0.0,-732,0.0,16.187696194839415,0.0,1-22
black-pos-122,1,61,10,T1_P0.9,1.0,0.9,10,6,2.1150059127161422,14.34006921402641,0.0,0.0,-732,0.0906893342870164,14.34006921402641,0.0,1-22
black-pos-122,1,61,10,T1_P0.95,1.0,0.95,10,7,2.2624628561960383,14.831595403299886,0.0,0.0,-732,0.08742605399751319,14.831595403299886,0.0,1-22
black-pos-122,1,61,10,T1_P1,1.0,1.0,10,10,2.4969861548744916,14.972267593405245,0.0,0.0,-732,0.08318586155317206,14.972267593405245,0.0,1-22
black-pos-123,2,25,10,argmax,0.0,0.0,34,1,-0.0,0.0,0.0,0.0,121,1.0,0.0,0.0,2-13
black-pos-123,2,25,10,T0.5_P0.5,0.5,0.5,34,1,-0.0,0.0,0.0,0.0,121,1.0,0.0,0.0,2-13
black-pos-123,2,25,10,T0.5_P0.9,0.5,0.9,34,1,-0.0,0.0,0.0,0.0,121,1.0,0.0,0.0,2-13
black-pos-123,2,25,10,T0.5_P0.95,0.5,0.95,34,1,-0.0,0.0,0.0,0.0,121,1.0,0.0,0.0,2-13
black-pos-123,2,25,10,T0.5_P1,0.5,1.0,34,34,1.9980725170989547e-05,0.00037218996515178595,8.580057370173905e-07,8.580057370173905e-07,121,0.9999991419942632,0.00037218996515178595,0.0,2-13
black-pos-123,2,25,10,T0.9_P0.5,0.9,0.5,34,1,-0.0,0.0,0.0,0.0,121,1.0,0.0,0.0,2-13
black-pos-123,2,25,10,T0.9_P0.9,0.9,0.9,34,1,-0.0,0.0,0.0,0.0,121,1.0,0.0,0.0,2-13
black-pos-123,2,25,10,T0.9_P0.95,0.9,0.95,34,1,-0.0,0.0,0.0,0.0,121,1.0,0.0,0.0,2-13
black-pos-123,2,25,10,T0.9_P1,0.9,1.0,34,34,0.01307408410955451,0.4043721488341839,0.0008961522713806293,0.0008961522713806293,121,0.9991038477286194,0.4043721488341839,0.0,2-13
black-pos-123,2,25,10,T1_P0.5,1.0,0.5,34,1,-0.0,0.0,0.0,0.0,121,1.0,0.0,0.0,2-13
black-pos-123,2,25,10,T1_P0.9,1.0,0.9,34,1,-0.0,0.0,0.0,0.0,121,1.0,0.0,0.0,2-13
black-pos-123,2,25,10,T1_P0.95,1.0,0.95,34,1,-0.0,0.0,0.0,0.0,121,1.0,0.0,0.0,2-13
black-pos-123,2,25,10,T1_P1,1.0,1.0,34,34,0.030314423571564747,1.0208814941844817,0.0022449809024591926,0.0022449809024591926,121,0.9977550190975408,1.0208814941844817,0.0,2-13
black-pos-124,2,41,10,argmax,0.0,0.0,35,1,-0.0,14.0,0.0,0.0,50,0.0,14.0,0.0,2-15
black-pos-124,2,41,10,T0.5_P0.5,0.5,0.5,35,1,-0.0,14.0,0.0,0.0,50,0.0,14.0,0.0,2-15
black-pos-124,2,41,10,T0.5_P0.9,0.5,0.9,35,3,1.322304879515872,77.36007987449392,0.39858133724325256,0.12033444210629451,50,0.0,77.36007987449392,0.0,2-15
black-pos-124,2,41,10,T0.5_P0.95,0.5,0.95,35,3,1.322304879515872,77.36007987449392,0.39858133724325256,0.12033444210629451,50,0.0,77.36007987449392,0.0,2-15
black-pos-124,2,41,10,T0.5_P1,0.5,1.0,35,35,1.601279910741904,76.77129383801798,0.3944884998355078,0.11582317979552198,50,0.015079955312024275,76.77129383801798,0.0,2-15
black-pos-124,2,41,10,T0.9_P0.5,0.9,0.5,35,2,0.9676751479237055,66.47558286599329,0.3945532546315285,0.0,50,0.0,66.47558286599329,0.0,2-15
black-pos-124,2,41,10,T0.9_P0.9,0.9,0.9,35,6,2.0562839332285012,94.02509646484071,0.48334743458158314,0.17292994194301148,50,0.055764998547477615,94.02509646484071,0.0,2-15
black-pos-124,2,41,10,T0.9_P0.95,0.9,0.95,35,8,2.288006462407182,94.30243550751757,0.48078989308943376,0.1643479349051043,50,0.05299754483399027,94.30243550751757,0.0,2-15
black-pos-124,2,41,10,T0.9_P1,0.9,1.0,35,35,2.5118956413543128,96.36629626281145,0.49673957537719077,0.166007484358104,50,0.05124838132264421,96.36629626281145,0.0,2-15
black-pos-124,2,41,10,T1_P0.5,1.0,0.5,35,2,0.9737044136126871,67.84202525263068,0.40482725753857646,0.0,50,0.0,67.84202525263068,0.0,2-15
black-pos-124,2,41,10,T1_P0.9,1.0,0.9,35,7,2.2786215707003277,95.71466964280309,0.4741826979801747,0.17195524068338874,50,0.062095162215412586,95.71466964280309,0.0,2-15
black-pos-124,2,41,10,T1_P0.95,1.0,0.95,35,8,2.395497239834692,96.01657960493081,0.48824958629573734,0.167355020879519,50,0.0604339660005569,96.01657960493081,0.0,2-15
black-pos-124,2,41,10,T1_P1,1.0,1.0,35,35,2.6962507847626593,99.09745795666996,0.5103671818331535,0.17054219609142962,50,0.05758152417220225,99.09745795666996,0.0,2-15
black-pos-125,2,61,10,argmax,0.0,0.0,35,1,-0.0,85.0,0.0,0.0,715,0.0,85.0,0.0,2-23
black-pos-125,2,61,10,T0.5_P0.5,0.5,0.5,35,1,-0.0,85.0,0.0,0.0,715,0.0,85.0,0.0,2-23
black-pos-125,2,61,10,T0.5_P0.9,0.5,0.9,35,4,1.0383649532477326,73.97203003102894,0.0,0.0,715,0.0,73.97203003102894,0.0,2-23
black-pos-125,2,61,10,T0.5_P0.95,0.5,0.95,35,7,1.345993362667735,71.66817237876536,0.0,0.0,715,0.0,71.66817237876536,0.0,2-23
black-pos-125,2,61,10,T0.5_P1,0.5,1.0,35,35,1.7179109931461847,70.01521942236748,1.0192800628681448e-05,1.8623769527629977e-06,715,0.009712090736859507,70.01505625753614,0.0,2-23
black-pos-125,2,61,10,T0.9_P0.5,0.9,0.5,35,3,1.2946463223976006,65.52697017990253,0.0,0.0,715,0.0,65.52697017990253,0.0,2-23
black-pos-125,2,61,10,T0.9_P0.9,0.9,0.9,35,12,2.8997425932606395,53.181302531928026,0.0,0.0,715,0.03683630224952212,53.181302531928026,0.0,2-23
black-pos-125,2,61,10,T0.9_P0.95,0.9,0.95,35,16,3.1695246832112973,53.168041427663304,0.0,0.0,715,0.034648880185406905,53.168041427663304,0.0,2-23
black-pos-125,2,61,10,T0.9_P1,0.9,1.0,35,35,3.404834457788426,53.012456368524134,0.0011443844174447463,0.00048746928652968174,715,0.033204832077764694,52.96874898745196,0.0,2-23
black-pos-125,2,61,10,T1_P0.5,1.0,0.5,35,3,1.3453331343803092,63.94908126311237,0.0,0.0,715,0.0,63.94908126311237,0.0,2-23
black-pos-125,2,61,10,T1_P0.9,1.0,0.9,35,14,3.206768378322884,51.02159824955902,0.0,0.0,715,0.03990627302813796,51.02159824955902,0.0,2-23
black-pos-125,2,61,10,T1_P0.95,1.0,0.95,35,17,3.395759185132833,50.73026236933835,0.0,0.0,715,0.038149288783362656,50.73026236933835,0.0,2-23
black-pos-125,2,61,10,T1_P1,1.0,1.0,35,35,3.6214145201322223,51.202330200280386,0.0020117902322224317,0.0009405873369416481,715,0.03657586102806472,51.11693700536228,0.0,2-23
black-pos-126,0,25,10,argmax,0.0,0.0,32,1,-0.0,0.0,0.0,0.0,102,1.0,0.0,0.0,0-14
black-pos-126,0,25,10,T0.5_P0.5,0.5,0.5,32,1,-0.0,0.0,0.0,0.0,102,1.0,0.0,0.0,0-14
black-pos-126,0,25,10,T0.5_P0.9,0.5,0.9,32,1,-0.0,0.0,0.0,0.0,102,1.0,0.0,0.0,0-14
black-pos-126,0,25,10,T0.5_P0.95,0.5,0.95,32,1,-0.0,0.0,0.0,0.0,102,1.0,0.0,0.0,0-14
black-pos-126,0,25,10,T0.5_P1,0.5,1.0,32,32,0.014019305880123819,0.20545623175740413,0.0010972556837406146,0.00030236015702927657,102,0.9989027443162596,0.20545623175740413,0.0,0-14
black-pos-126,0,25,10,T0.9_P0.5,0.9,0.5,32,1,-0.0,0.0,0.0,0.0,102,1.0,0.0,0.0,0-14
black-pos-126,0,25,10,T0.9_P0.9,0.9,0.9,32,1,-0.0,0.0,0.0,0.0,102,1.0,0.0,0.0,0-14
black-pos-126,0,25,10,T0.9_P0.95,0.9,0.95,32,1,-0.0,0.0,0.0,0.0,102,1.0,0.0,0.0,0-14
black-pos-126,0,25,10,T0.9_P1,0.9,1.0,32,32,0.3145429587958276,7.7995345972757555,0.038222711311298056,0.012833599409870583,102,0.9617772886887017,7.7995345972757555,0.0,0-14
black-pos-126,0,25,10,T1_P0.5,1.0,0.5,32,1,-0.0,0.0,0.0,0.0,102,1.0,0.0,0.0,0-14
black-pos-126,0,25,10,T1_P0.9,1.0,0.9,32,1,-0.0,0.0,0.0,0.0,102,1.0,0.0,0.0,0-14
black-pos-126,0,25,10,T1_P0.95,1.0,0.95,32,2,0.16662826609924514,2.855484731096167,0.024616247681863507,0.0,102,0.9753837523181365,2.855484731096167,0.0,0-14
black-pos-126,0,25,10,T1_P1,1.0,1.0,32,32,0.4614801224325439,12.465015669569954,0.05995819087929563,0.02097956011329404,102,0.9400418091207045,12.465015669569954,0.0,0-14
black-pos-127,0,41,10,argmax,0.0,0.0,34,1,-0.0,0.0,0.0,0.0,-160,1.0,0.0,0.0,0-14
black-pos-127,0,41,10,T0.5_P0.5,0.5,0.5,34,1,-0.0,0.0,0.0,0.0,-160,1.0,0.0,0.0,0-14
black-pos-127,0,41,10,T0.5_P0.9,0.5,0.9,34,1,-0.0,0.0,0.0,0.0,-160,1.0,0.0,0.0,0-14
black-pos-127,0,41,10,T0.5_P0.95,0.5,0.95,34,1,-0.0,0.0,0.0,0.0,-160,1.0,0.0,0.0,0-14
black-pos-127,0,41,10,T0.5_P1,0.5,1.0,34,34,0.2751775846831188,2.9641270503534582,0.0030618902717342218,0.002170932547540389,-160,0.964279228988904,2.9641270503534582,0.0,0-14
black-pos-127,0,41,10,T0.9_P0.5,0.9,0.5,34,1,-0.0,0.0,0.0,0.0,-160,1.0,0.0,0.0,0-14
black-pos-127,0,41,10,T0.9_P0.9,0.9,0.9,34,3,0.8326349807403362,11.288421570841944,0.0,0.0,-160,0.8283618255414975,11.288421570841944,0.0,0-14
black-pos-127,0,41,10,T0.9_P0.95,0.9,0.95,34,4,0.9533996638913873,17.472915230185578,0.01916415174642164,0.01916415174642164,-160,0.8124869738158774,17.472915230185578,0.0,0-14
black-pos-127,0,41,10,T0.9_P1,0.9,1.0,34,34,1.2414876126181518,26.307385406553518,0.0591491742251282,0.0429716253388439,-160,0.7793649076010982,26.307385406553518,0.0,0-14
black-pos-127,0,41,10,T1_P0.5,1.0,0.5,34,1,-0.0,0.0,0.0,0.0,-160,1.0,0.0,0.0,0-14
black-pos-127,0,41,10,T1_P0.9,1.0,0.9,34,3,0.9401591530897035,13.561185811668746,0.0,0.0,-160,0.7937207953011626,13.561185811668746,0.0,0-14
black-pos-127,0,41,10,T1_P0.95,1.0,0.95,34,5,1.2274203933169998,28.95773901929713,0.049523870499076285,0.049523870499076285,-160,0.7544126694222439,28.95773901929713,0.0,0-14
black-pos-127,0,41,10,T1_P1,1.0,1.0,34,34,1.4792838017119019,34.85301510301285,0.08396411219320463,0.061616691833655875,-160,0.7270767333944164,34.85301510301285,0.0,0-14
black-pos-128,0,61,10,argmax,0.0,0.0,26,1,-0.0,83.0,0.0,0.0,-335,0.0,83.0,0.0,0-18
black-pos-128,0,61,10,T0.5_P0.5,0.5,0.5,26,1,-0.0,83.0,0.0,0.0,-335,0.0,83.0,0.0,0-18
black-pos-128,0,61,10,T0.5_P0.9,0.5,0.9,26,2,0.5645462724462251,71.99357355316188,0.0,0.0,-335,0.1326075475522667,71.99357355316188,0.0,0-18
black-pos-128,0,61,10,T0.5_P0.95,0.5,0.95,26,2,0.5645462724462251,71.99357355316188,0.0,0.0,-335,0.1326075475522667,71.99357355316188,0.0,0-18
black-pos-128,0,61,10,T0.5_P1,0.5,1.0,26,26,0.5757379542165616,72.03974650383653,0.0002970512766184052,2.6556721539334294e-05,-335,0.13249348971498429,72.03974650383653,0.0,0-18
black-pos-128,0,61,10,T0.9_P0.5,0.9,0.5,26,1,-0.0,83.0,0.0,0.0,-335,0.0,83.0,0.0,0-18
black-pos-128,0,61,10,T0.9_P0.9,0.9,0.9,26,2,0.8274952743717743,61.378757392027545,0.0,0.0,-335,0.26049689889123445,61.378757392027545,0.0,0-18
black-pos-128,0,61,10,T0.9_P0.95,0.9,0.95,26,2,0.8274952743717743,61.378757392027545,0.0,0.0,-335,0.26049689889123445,61.378757392027545,0.0,0-18
black-pos-128,0,61,10,T0.9_P1,0.9,1.0,26,26,1.1081225633125018,63.95386287771067,0.016291241719916107,0.003112116508789887,-335,0.2518491520266737,63.95386287771067,0.0,0-18
black-pos-128,0,61,10,T1_P0.5,1.0,0.5,26,1,-0.0,83.0,0.0,0.0,-335,0.0,83.0,0.0,0-18
black-pos-128,0,61,10,T1_P0.9,1.0,0.9,26,2,0.8569351879808316,59.6693202392068,0.0,0.0,-335,0.2810925272384724,59.6693202392068,0.0,0-18
black-pos-128,0,61,10,T1_P0.95,1.0,0.95,26,3,0.9647298175514675,60.30652790504679,0.0,0.0,-335,0.2764196564653873,60.30652790504679,0.0,0-18
black-pos-128,0,61,10,T1_P1,1.0,1.0,26,26,1.275941659029904,64.00589210104624,0.027282064077426876,0.00570689385131879,-335,0.26618612799473884,64.00589210104624,0.0,0-18
black-pos-129,1,25,10,argmax,0.0,0.0,36,1,-0.0,48.0,0.0,0.0,-106,0.0,48.0,0.0,1-14
black-pos-129,1,25,10,T0.5_P0.5,0.5,0.5,36,1,-0.0,48.0,0.0,0.0,-106,0.0,48.0,0.0,1-14
black-pos-129,1,25,10,T0.5_P0.9,0.5,0.9,36,3,1.2096680871176722,62.83994076290663,0.0,0.0,-106,0.0,62.83994076290663,0.0,1-14
black-pos-129,1,25,10,T0.5_P0.95,0.5,0.95,36,3,1.2096680871176722,62.83994076290663,0.0,0.0,-106,0.0,62.83994076290663,0.0,1-14
black-pos-129,1,25,10,T0.5_P1,0.5,1.0,36,36,1.4440808879614473,60.50482140630732,0.002059581788402133,0.001408404529973424,-106,0.04092298083904519,60.50482140630732,0.0,1-14
black-pos-129,1,25,10,T0.9_P0.5,0.9,0.5,36,2,0.8961044454610898,62.06511985455418,0.0,0.0,-106,0.0,62.06511985455418,0.0,1-14
black-pos-129,1,25,10,T0.9_P0.9,0.9,0.9,36,4,1.7910031012672771,63.01581847817316,0.0,0.0,-106,0.10223893079775709,63.01581847817316,0.0,1-14
black-pos-129,1,25,10,T0.9_P0.95,0.9,0.95,36,5,1.87629251069552,65.0938337980475,0.014951452007853059,0.014951452007853059,-106,0.10071031033060021,65.0938337980475,0.0,1-14
black-pos-129,1,25,10,T0.9_P1,0.9,1.0,36,36,2.1960763368877565,67.27478848147581,0.0376125747233988,0.017983824884448,-106,0.09626127381468705,67.27478848147581,0.0,1-14
black-pos-129,1,25,10,T1_P0.5,1.0,0.5,36,2,0.9146590366862695,62.83823515133589,0.0,0.0,-106,0.0,62.83823515133589,0.0,1-14
black-pos-129,1,25,10,T1_P0.9,1.0,0.9,36,4,1.8289911498631617,63.10558561872116,0.0,0.0,-106,0.11327666192297138,63.10558561872116,0.0,1-14
black-pos-129,1,25,10,T1_P0.95,1.0,0.95,36,6,2.0340116002885753,65.45252372643503,0.01955925786353139,0.01955925786353139,-106,0.10886891108541888,65.45252372643503,0.0,1-14
black-pos-129,1,25,10,T1_P1,1.0,1.0,36,36,2.3724117676424927,69.31526851024414,0.054584560625754466,0.024589150564465086,-106,0.10383420953006266,69.31526851024414,0.0,1-14
black-pos-130,1,41,10,argmax,0.0,0.0,32,1,-0.0,0.0,0.0,0.0,320,1.0,0.0,0.0,1-15
black-pos-130,1,41,10,T0.5_P0.5,0.5,0.5,32,1,-0.0,0.0,0.0,0.0,320,1.0,0.0,0.0,1-15
black-pos-130,1,41,10,T0.5_P0.9,0.5,0.9,32,2,0.6449995613148214,31.257629837016285,0.16451384124745413,0.0,320,0.835486158752546,31.257629837016285,0.0,1-15
black-pos-130,1,41,10,T0.5_P0.95,0.5,0.95,32,2,0.6449995613148214,31.257629837016285,0.16451384124745413,0.0,320,0.835486158752546,31.257629837016285,0.0,1-15
black-pos-130,1,41,10,T0.5_P1,0.5,1.0,32,32,0.6594290371887557,31.514811224338693,0.16546455487613204,0.0006343941293200439,320,0.8345354451238678,31.514811224338693,0.0,1-15
black-pos-130,1,41,10,T0.9_P0.5,0.9,0.5,32,1,-0.0,0.0,0.0,0.0,320,1.0,0.0,0.0,1-15
black-pos-130,1,41,10,T0.9_P0.9,0.9,0.9,32,2,0.8667468236011973,54.81078634150781,0.2884778228500411,0.0,320,0.7115221771499589,54.81078634150781,0.0,1-15
black-pos-130,1,41,10,T0.9_P0.95,0.9,0.95,32,2,0.8667468236011973,54.81078634150781,0.2884778228500411,0.0,320,0.7115221771499589,54.81078634150781,0.0,1-15
black-pos-130,1,41,10,T0.9_P1,0.9,1.0,32,32,1.182828481231948,64.06741240975975,0.31592720826420884,0.027447443498651757,320,0.6840727917357909,64.06741240975975,0.0,1-15
black-pos-130,1,41,10,T1_P0.5,1.0,0.5,32,1,-0.0,0.0,0.0,0.0,320,1.0,0.0,0.0,1-15
black-pos-130,1,41,10,T1_P0.9,1.0,0.9,32,2,0.8900977866545812,58.39763745412269,0.3073559866006457,0.0,320,0.6926440133993542,58.39763745412269,0.0,1-15
black-pos-130,1,41,10,T1_P0.95,1.0,0.95,32,3,0.9978655273013632,60.66613143023991,0.31894323878777847,0.0,320,0.6810567612122215,60.66613143023991,0.0,1-15
black-pos-130,1,41,10,T1_P1,1.0,1.0,32,32,1.3530486907752444,73.13388971048157,0.3491712872217531,0.04438403691958261,320,0.6508287127782469,73.13388971048157,0.0,1-15
black-pos-131,1,61,10,argmax,0.0,0.0,16,1,-0.0,26.0,0.0,0.0,-301,0.0,26.0,0.0,1-24
black-pos-131,1,61,10,T0.5_P0.5,0.5,0.5,16,1,-0.0,26.0,0.0,0.0,-301,0.0,26.0,0.0,1-24
black-pos-131,1,61,10,T0.5_P0.9,0.5,0.9,16,1,-0.0,26.0,0.0,0.0,-301,0.0,26.0,0.0,1-24
black-pos-131,1,61,10,T0.5_P0.95,0.5,0.95,16,1,-0.0,26.0,0.0,0.0,-301,0.0,26.0,0.0,1-24
black-pos-131,1,61,10,T0.5_P1,0.5,1.0,16,16,0.212875250441663,25.259139484465944,8.946697541192456e-05,5.790834474353068e-06,-301,0.028527267364590984,25.259139484465944,0.0,1-24
black-pos-131,1,61,10,T0.9_P0.5,0.9,0.5,16,1,-0.0,26.0,0.0,0.0,-301,0.0,26.0,0.0,1-24
black-pos-131,1,61,10,T0.9_P0.9,0.9,0.9,16,2,0.5209882864643779,22.95521056596223,0.0,0.0,-301,0.11710728592452967,22.95521056596223,0.0,1-24
black-pos-131,1,61,10,T0.9_P0.95,0.9,0.95,16,3,0.7176896325614402,22.17290005171768,0.0,0.0,-301,0.14719615185701224,22.17290005171768,0.0,1-24
black-pos-131,1,61,10,T0.9_P1,0.9,1.0,16,16,0.9912115333144822,23.347309088872834,0.008301639668451247,0.0013969108126885234,-301,0.1422264321788272,23.347309088872834,0.0,1-24
black-pos-131,1,61,10,T1_P0.5,1.0,0.5,16,1,-0.0,26.0,0.0,0.0,-301,0.0,26.0,0.0,1-24
black-pos-131,1,61,10,T1_P0.9,1.0,0.9,16,2,0.5833523787813741,22.368793515393378,0.0,0.0,-301,0.13966178786948544,22.368793515393378,0.0,1-24
black-pos-131,1,61,10,T1_P0.95,1.0,0.95,16,4,0.9297671035414431,21.268289965036224,0.0,0.0,-301,0.17571429422444457,21.268289965036224,0.0,1-24
black-pos-131,1,61,10,T1_P1,1.0,1.0,16,16,1.2153492522745712,23.581443702429656,0.014539766138698514,0.0027025576280469803,-301,0.1692534224351798,23.581443702429656,0.0,1-24
black-pos-132,2,25,10,argmax,0.0,0.0,34,1,-0.0,1.0,0.0,0.0,89,0.0,1.0,0.0,2-14
black-pos-132,2,25,10,T0.5_P0.5,0.5,0.5,34,1,-0.0,1.0,0.0,0.0,89,0.0,1.0,0.0,2-14
black-pos-132,2,25,10,T0.5_P0.9,0.5,0.9,34,3,1.203504650776585,48.37544765670623,0.16055185579040043,0.16055185579040043,89,0.0,48.37544765670623,0.0,2-14
black-pos-132,2,25,10,T0.5_P0.95,0.5,0.95,34,5,1.5665098630358576,47.05047544919444,0.1487136037849882,0.1487136037849882,89,0.04343773428451762,47.05047544919444,0.0,2-14
black-pos-132,2,25,10,T0.5_P1,0.5,1.0,34,34,1.745360788546477,48.54338516599837,0.15217468269170023,0.14890100502405593,89,0.042368872624836094,48.54338516599837,0.0,2-14
black-pos-132,2,25,10,T0.9_P0.5,0.9,0.5,34,2,0.8907692565928729,70.90005666400404,0.30792976503966535,0.30792976503966535,89,0.0,70.90005666400404,0.0,2-14
black-pos-132,2,25,10,T0.9_P0.9,0.9,0.9,34,6,2.2423390729120203,65.47956592392683,0.18507342270899108,0.18507342270899108,89,0.09341330982401762,65.47956592392683,0.0,2-14
black-pos-132,2,25,10,T0.9_P0.95,0.9,0.95,34,9,2.518731793970491,70.17077251580565,0.21170880066673425,0.19582800671362569,89,0.08811537471015406,70.17077251580565,0.0,2-14
black-pos-132,2,25,10,T0.9_P1,0.9,1.0,34,34,2.8096929880825043,72.80453070678948,0.23560409306396984,0.19612624737223153,89,0.08432645853050788,72.80453070678948,0.0,2-14
black-pos-132,2,25,10,T1_P0.5,1.0,0.5,34,2,0.9102106068998584,74.87729001543181,0.32545061680806964,0.32545061680806964,89,0.0,74.87729001543181,0.0,2-14
black-pos-132,2,25,10,T1_P0.9,1.0,0.9,34,8,2.529477064691375,72.28596745577119,0.20416994062244712,0.20416994062244712,89,0.09592961268906283,72.28596745577119,0.0,2-14
black-pos-132,2,25,10,T1_P0.95,1.0,0.95,34,10,2.681947235307667,73.39447009461536,0.22931397048457447,0.1977192480110436,89,0.09289874319915858,73.39447009461536,0.0,2-14
black-pos-132,2,25,10,T1_P1,1.0,1.0,34,34,3.0012970528226353,76.7094996626553,0.25295615399646904,0.20009894829853703,89,0.08827708863448062,76.7094996626553,0.0,2-14
black-pos-133,2,41,10,argmax,0.0,0.0,31,1,-0.0,0.0,0.0,0.0,57,1.0,0.0,0.0,2-16
black-pos-133,2,41,10,T0.5_P0.5,0.5,0.5,31,1,-0.0,0.0,0.0,0.0,57,1.0,0.0,0.0,2-16
black-pos-133,2,41,10,T0.5_P0.9,0.5,0.9,31,1,-0.0,0.0,0.0,0.0,57,1.0,0.0,0.0,2-16
black-pos-133,2,41,10,T0.5_P0.95,0.5,0.95,31,3,0.4995081369831359,1.2621274134545357,0.0,0.0,57,0.9161097802373895,1.2621274134545357,0.0,2-16
black-pos-133,2,41,10,T0.5_P1,0.5,1.0,31,31,0.6363336357989354,1.909633962058251,0.0006209855475744545,0.0006209855475744545,57,0.9031181310885721,1.909633962058251,0.0,2-16
black-pos-133,2,41,10,T0.9_P0.5,0.9,0.5,31,1,-0.0,0.0,0.0,0.0,57,1.0,0.0,0.0,2-16
black-pos-133,2,41,10,T0.9_P0.9,0.9,0.9,31,5,1.4447988912357326,4.723620410285907,0.0,0.0,57,0.6860312355702082,4.723620410285907,0.0,2-16
black-pos-133,2,41,10,T0.9_P0.95,0.9,0.95,31,8,1.7704494449607036,6.188868759233481,0.0,0.0,57,0.6463270524417889,6.188868759233481,0.0,2-16
black-pos-133,2,41,10,T0.9_P1,0.9,1.0,31,31,2.0499255452316603,15.247556718187047,0.014005285572207187,0.014005285572207187,57,0.6221455727793983,15.247556718187047,0.0,2-16
black-pos-133,2,41,10,T1_P0.5,1.0,0.5,31,1,-0.0,0.0,0.0,0.0,57,1.0,0.0,0.0,2-16
black-pos-133,2,41,10,T1_P0.9,1.0,0.9,31,6,1.7365065500716392,5.759721292484027,0.0,0.0,57,0.6205209574201762,5.759721292484027,0.0,2-16
black-pos-133,2,41,10,T1_P0.95,1.0,0.95,31,9,2.0482989621591754,15.814971271987607,0.0149748737542368,0.0149748737542368,57,0.5841521941677631,15.814971271987607,0.0,2-16
black-pos-133,2,41,10,T1_P1,1.0,1.0,31,31,2.344459524097887,20.370866963176212,0.020277497379642358,0.020277497379642358,57,0.5601099232237462,20.370866963176212,0.0,2-16
black-pos-134,2,61,10,argmax,0.0,0.0,25,1,-0.0,9400.0,1.0,1.0,-594,0.0,1000.0,1.0,2-24
black-pos-134,2,61,10,T0.5_P0.5,0.5,0.5,25,1,-0.0,9400.0,1.0,1.0,-594,0.0,1000.0,1.0,2-24
black-pos-134,2,61,10,T0.5_P0.9,0.5,0.9,25,1,-0.0,9400.0,1.0,1.0,-594,0.0,1000.0,1.0,2-24
black-pos-134,2,61,10,T0.5_P0.95,0.5,0.95,25,1,-0.0,9400.0,1.0,1.0,-594,0.0,1000.0,1.0,2-24
black-pos-134,2,61,10,T0.5_P1,0.5,1.0,25,25,0.1737055352210618,9183.33838691434,0.9770543811528869,0.9768577417892583,-594,2.6365976421703987e-09,977.8620713500394,0.9768423826232235,2-24
black-pos-134,2,61,10,T0.9_P0.5,0.9,0.5,25,1,-0.0,9400.0,1.0,1.0,-594,0.0,1000.0,1.0,2-24
black-pos-134,2,61,10,T0.9_P0.9,0.9,0.9,25,2,0.49080758736404656,8398.778427575027,0.8929975876429441,0.8929975876429441,-594,0.0,897.5986913742976,0.8929975876429441,2-24
black-pos-134,2,61,10,T0.9_P0.95,0.9,0.95,25,3,0.6356968450219406,8209.63084452092,0.8727830335065638,0.8727830335065638,-594,0.0,878.2533630657816,0.8727830335065638,2-24
black-pos-134,2,61,10,T0.9_P1,0.9,1.0,25,25,0.9580629773881494,8042.130666449001,0.8689637235745622,0.857184275055696,-594,1.4603369541591396e-05,862.7221391216065,0.8546895393444939,2-24
black-pos-134,2,61,10,T1_P0.5,1.0,0.5,25,1,-0.0,9400.0,1.0,1.0,-594,0.0,1000.0,1.0,2-24
black-pos-134,2,61,10,T1_P0.9,1.0,0.9,25,2,0.5547729790615527,8192.662769665481,0.8709696237753,0.8709696237753,-594,0.0,876.517929952962,0.8709696237753,2-24
black-pos-134,2,61,10,T1_P0.95,1.0,0.95,25,4,0.8271433493216523,7954.136141223033,0.8454764996877929,0.8454764996877929,-594,0.0,852.1210102012179,0.8454764996877929,2-24
black-pos-134,2,61,10,T1_P1,1.0,1.0,25,25,1.22208958316273,7676.17188217185,0.839287014054345,0.8200115694727084,-594,4.123111311658989e-05,826.4100881971965,0.8154446357451943,2-24
black-pos-135,0,41,10,argmax,0.0,0.0,32,1,-0.0,3.0,0.0,0.0,66,0.0,3.0,0.0,0-15
black-pos-135,0,41,10,T0.5_P0.5,0.5,0.5,32,2,0.9092474251624971,11.437967335650281,0.0,0.0,66,0.0,11.437967335650281,0.0,0-15
black-pos-135,0,41,10,T0.5_P0.9,0.5,0.9,32,6,2.169698490851302,10.073528455017524,0.0,0.0,66,0.06645483854554367,10.073528455017524,0.0,0-15
black-pos-135,0,41,10,T0.5_P0.95,0.5,0.95,32,7,2.3319708666658943,24.2585743405329,0.04286464548843811,0.04286464548843811,66,0.06360627545029755,24.2585743405329,0.0,0-15
black-pos-135,0,41,10,T0.5_P1,0.5,1.0,32,32,2.5775974814310065,26.095133626490085,0.061310260473101605,0.041111979599243016,66,0.06062822543845196,26.095133626490085,0.0,0-15
black-pos-135,0,41,10,T0.9_P0.5,0.9,0.5,32,3,1.5513820718746336,11.099896896110373,0.0,0.0,66,0.0,11.099896896110373,0.0,0-15
black-pos-135,0,41,10,T0.9_P0.9,0.9,0.9,32,8,2.8077621623169153,40.85672958813573,0.12664763729358489,0.07556010464064032,66,0.09408387107622539,40.85672958813573,0.0,0-15
black-pos-135,0,41,10,T0.9_P0.95,0.9,0.95,32,10,3.0423658060285153,39.42624502599017,0.1178516362274028,0.07031226287128133,66,0.0875495065355066,39.42624502599017,0.0,0-15
black-pos-135,0,41,10,T0.9_P1,0.9,1.0,32,32,3.2090231582221493,41.67826854352599,0.11981072146221447,0.07356768328077323,66,0.08516214850287783,41.67826854352599,0.0,0-15
black-pos-135,0,41,10,T1_P0.5,1.0,0.5,32,3,1.5578976997504088,11.232615660583466,0.0,0.0,66,0.0,11.232615660583466,0.0,0-15
black-pos-135,0,41,10,T1_P0.9,1.0,0.9,32,9,2.988171278906262,42.15341844848686,0.13008758916542437,0.07638260407643023,66,0.0930453824176183,42.15341844848686,0.0,0-15
black-pos-135,0,41,10,T1_P0.95,1.0,0.95,32,10,3.092033411413307,41.26190650884338,0.12624143689122908,0.07412428621334845,66,0.09029441507719187,41.26190650884338,0.0,0-15
black-pos-135,0,41,10,T1_P1,1.0,1.0,32,32,3.308124634655026,44.4784368897368,0.12919465922880813,0.07902727689328475,66,0.08691638712057351,44.4784368897368,0.0,0-15
black-pos-136,0,61,10,argmax,0.0,0.0,25,1,-0.0,0.0,0.0,0.0,519,1.0,0.0,0.0,0-22
black-pos-136,0,61,10,T0.5_P0.5,0.5,0.5,25,2,0.9763448518248545,16.388165413774168,0.0,0.0,519,0.5902958646556459,16.388165413774168,0.0,0-22
black-pos-136,0,61,10,T0.5_P0.9,0.5,0.9,25,3,1.4047989676783,19.30145018532416,0.0,0.0,519,0.5142427718978474,19.30145018532416,0.0,0-22
black-pos-136,0,61,10,T0.5_P0.95,0.5,0.95,25,3,1.4047989676783,19.30145018532416,0.0,0.0,519,0.5142427718978474,19.30145018532416,0.0,0-22
black-pos-136,0,61,10,T0.5_P1,0.5,1.0,25,25,1.6360615979664366,26.704876237738908,0.021037470423597753,0.021037470423597753,519,0.49607248145334193,26.704876237738908,0.0,0-22
black-pos-136,0,61,10,T0.9_P0.5,0.9,0.5,25,2,0.9926151121552778,17.978105022951713,0.0,0.0,519,0.5505473744262072,17.978105022951713,0.0,0-22
black-pos-136,0,61,10,T0.9_P0.9,0.9,0.9,25,5,1.9428040608968575,45.04937993313183,0.06517362722991311,0.06517362722991311,519,0.3928832128331899,45.04937993313183,0.0,0-22
black-pos-136,0,61,10,T0.9_P0.95,0.9,0.95,25,6,2.0873702192812993,45.04775951261621,0.06303493088216613,0.06303493088216613,519,0.379990606911269,45.04775951261621,0.0,0-22
black-pos-136,0,61,10,T0.9_P1,0.9,1.0,25,25,2.328365425501004,52.766058811555254,0.08594778609472482,0.08594778609472482,519,0.36694069814383246,52.766058811555254,0.0,0-22
black-pos-136,0,61,10,T1_P0.5,1.0,0.5,25,2,0.9940124114513609,18.17911333084785,0.0,0.0,519,0.5455221667288036,18.17911333084785,0.0,0-22
black-pos-136,0,61,10,T1_P0.9,1.0,0.9,25,5,1.996300178408915,48.79136676606106,0.0747046720795063,0.0747046720795063,519,0.37628784174570906,48.79136676606106,0.0,0-22
black-pos-136,0,61,10,T1_P0.95,1.0,0.95,25,6,2.1583756112691592,48.640245762887375,0.0717270005211977,0.0717270005211977,519,0.3612892938247564,48.640245762887375,0.0,0-22
black-pos-136,0,61,10,T1_P1,1.0,1.0,25,25,2.4862423686955286,60.02636311328614,0.10476554308949605,0.10476554308949605,519,0.3432830884186983,60.02636311328614,0.0,0-22
black-pos-137,1,25,10,argmax,0.0,0.0,34,1,-0.0,11.0,0.0,0.0,-138,0.0,11.0,0.0,1-15
black-pos-137,1,25,10,T0.5_P0.5,0.5,0.5,34,2,0.9593998410723901,22.458164272286293,0.0,0.0,-138,0.0,22.458164272286293,0.0,1-15
black-pos-137,1,25,10,T0.5_P0.9,0.5,0.9,34,5,1.830920637328296,34.99015849089171,0.03605013229045398,0.03605013229045398,-138,0.0,34.99015849089171,0.0,1-15
black-pos-137,1,25,10,T0.5_P0.95,0.5,0.95,34,7,2.096185704175975,35.60651114213866,0.03402642991883245,0.03402642991883245,-138,0.0,35.60651114213866,0.0,1-15
black-pos-137,1,25,10,T0.5_P1,0.5,1.0,34,34,2.2891327426682317,37.12150370770274,0.03845807085140157,0.03812269503309063,-138,0.0003012311114106523,37.12150370770274,0.0,1-15
black-pos-137,1,25,10,T0.9_P0.5,0.9,0.5,34,3,1.5149694644091989,27.86721843128495,0.0,0.0,-138,0.0,27.86721843128495,0.0,1-15
black-pos-137,1,25,10,T0.9_P0.9,0.9,0.9,34,10,2.83251573835579,54.20073935799192,0.08839131217237525,0.08839131217237525,-138,0.0,54.20073935799192,0.0,1-15
black-pos-137,1,25,10,T0.9_P0.95,0.9,0.95,34,14,3.1104223875071204,56.74939670781827,0.0945246254512067,0.0945246254512067,-138,0.0,56.74939670781827,0.0,1-15
black-pos-137,1,25,10,T0.9_P1,0.9,1.0,34,34,3.377874446832845,56.93598522920388,0.09890317072577619,0.09081986483194762,-138,0.004548123747890158,56.93598522920388,0.0,1-15
black-pos-137,1,25,10,T1_P0.5,1.0,0.5,34,3,1.527369582115674,28.23588464954917,0.0,0.0,-138,0.0,28.23588464954917,0.0,1-15
black-pos-137,1,25,10,T1_P0.9,1.0,0.9,34,12,3.0865961120311383,55.89245685970391,0.09321323497805085,0.09321323497805085,-138,0.0,55.89245685970391,0.0,1-15
black-pos-137,1,25,10,T1_P0.95,1.0,0.95,34,15,3.270942902919668,60.09127429497061,0.10364707373543289,0.10364707373543289,-138,0.0,60.09127429497061,0.0,1-15
black-pos-137,1,25,10,T1_P1,1.0,1.0,34,34,3.563843801810917,60.30852855328037,0.11093647198187132,0.09906167243194565,-138,0.006130488181758028,60.30852855328037,0.0,1-15
black-pos-138,1,41,10,argmax,0.0,0.0,1,1,-0.0,0.0,0.0,0.0,-9999,1.0,0.0,1.0,1-16
black-pos-138,1,41,10,T0.5_P0.5,0.5,0.5,1,1,-0.0,0.0,0.0,0.0,-9999,1.0,0.0,1.0,1-16
black-pos-138,1,41,10,T0.5_P0.9,0.5,0.9,1,1,-0.0,0.0,0.0,0.0,-9999,1.0,0.0,1.0,1-16
black-pos-138,1,41,10,T0.5_P0.95,0.5,0.95,1,1,-0.0,0.0,0.0,0.0,-9999,1.0,0.0,1.0,1-16
black-pos-138,1,41,10,T0.5_P1,0.5,1.0,1,1,-0.0,0.0,0.0,0.0,-9999,1.0,0.0,1.0,1-16
black-pos-138,1,41,10,T0.9_P0.5,0.9,0.5,1,1,-0.0,0.0,0.0,0.0,-9999,1.0,0.0,1.0,1-16
black-pos-138,1,41,10,T0.9_P0.9,0.9,0.9,1,1,-0.0,0.0,0.0,0.0,-9999,1.0,0.0,1.0,1-16
black-pos-138,1,41,10,T0.9_P0.95,0.9,0.95,1,1,-0.0,0.0,0.0,0.0,-9999,1.0,0.0,1.0,1-16
black-pos-138,1,41,10,T0.9_P1,0.9,1.0,1,1,-0.0,0.0,0.0,0.0,-9999,1.0,0.0,1.0,1-16
black-pos-138,1,41,10,T1_P0.5,1.0,0.5,1,1,-0.0,0.0,0.0,0.0,-9999,1.0,0.0,1.0,1-16
black-pos-138,1,41,10,T1_P0.9,1.0,0.9,1,1,-0.0,0.0,0.0,0.0,-9999,1.0,0.0,1.0,1-16
black-pos-138,1,41,10,T1_P0.95,1.0,0.95,1,1,-0.0,0.0,0.0,0.0,-9999,1.0,0.0,1.0,1-16
black-pos-138,1,41,10,T1_P1,1.0,1.0,1,1,-0.0,0.0,0.0,0.0,-9999,1.0,0.0,1.0,1-16
black-pos-139,1,61,10,argmax,0.0,0.0,2,1,-0.0,0.0,0.0,0.0,-9995,1.0,0.0,1.0,1-28
black-pos-139,1,61,10,T0.5_P0.5,0.5,0.5,2,1,-0.0,0.0,0.0,0.0,-9995,1.0,0.0,1.0,1-28
black-pos-139,1,61,10,T0.5_P0.9,0.5,0.9,2,1,-0.0,0.0,0.0,0.0,-9995,1.0,0.0,1.0,1-28
black-pos-139,1,61,10,T0.5_P0.95,0.5,0.95,2,1,-0.0,0.0,0.0,0.0,-9995,1.0,0.0,1.0,1-28
black-pos-139,1,61,10,T0.5_P1,0.5,1.0,2,2,0.15471494534246638,0.0896023833392393,0.0,0.0,-9995,0.9775994041651902,0.0896023833392393,1.0,1-28
black-pos-139,1,61,10,T0.9_P0.5,0.9,0.5,2,1,-0.0,0.0,0.0,0.0,-9995,1.0,0.0,1.0,1-28
black-pos-139,1,61,10,T0.9_P0.9,0.9,0.9,2,2,0.4978382328858215,0.4372493011320777,0.0,0.0,-9995,0.8906876747169805,0.4372493011320777,1.0,1-28
black-pos-139,1,61,10,T0.9_P0.95,0.9,0.95,2,2,0.4978382328858215,0.4372493011320777,0.0,0.0,-9995,0.8906876747169805,0.4372493011320777,1.0,1-28
black-pos-139,1,61,10,T0.9_P1,0.9,1.0,2,2,0.4978382328858215,0.4372493011320777,0.0,0.0,-9995,0.8906876747169805,0.4372493011320777,1.0,1-28
black-pos-139,1,61,10,T1_P0.5,1.0,0.5,2,1,-0.0,0.0,0.0,0.0,-9995,1.0,0.0,1.0,1-28
black-pos-139,1,61,10,T1_P0.9,1.0,0.9,2,2,0.5614612858117554,0.5258878689766399,0.0,0.0,-9995,0.8685280327558401,0.5258878689766399,1.0,1-28
black-pos-139,1,61,10,T1_P0.95,1.0,0.95,2,2,0.5614612858117554,0.5258878689766399,0.0,0.0,-9995,0.8685280327558401,0.5258878689766399,1.0,1-28
black-pos-139,1,61,10,T1_P1,1.0,1.0,2,2,0.5614612858117554,0.5258878689766399,0.0,0.0,-9995,0.8685280327558401,0.5258878689766399,1.0,1-28
black-pos-140,2,25,10,argmax,0.0,0.0,33,1,-0.0,111.0,1.0,0.0,-49,0.0,111.0,0.0,2-15
black-pos-140,2,25,10,T0.5_P0.5,0.5,0.5,33,1,-0.0,111.0,1.0,0.0,-49,0.0,111.0,0.0,2-15
black-pos-140,2,25,10,T0.5_P0.9,0.5,0.9,33,2,0.8877779187082611,77.1019178099111,0.6946118721613612,0.0,-49,0.3053881278386387,77.1019178099111,0.0,2-15
black-pos-140,2,25,10,T0.5_P0.95,0.5,0.95,33,2,0.8877779187082611,77.1019178099111,0.6946118721613612,0.0,-49,0.3053881278386387,77.1019178099111,0.0,2-15
black-pos-140,2,25,10,T0.5_P1,0.5,1.0,33,33,1.2199150413012385,78.39440145249296,0.6856065389874826,0.008449207273412968,-49,0.2912309519922404,78.39440145249296,0.0,2-15
black-pos-140,2,25,10,T0.9_P0.5,0.9,0.5,33,2,0.9633699034715326,67.95339483175243,0.6121927462320039,0.0,-49,0.38780725376799613,67.95339483175243,0.0,2-15
black-pos-140,2,25,10,T0.9_P0.9,0.9,0.9,33,5,1.6883601783738804,73.6621367707049,0.5954977834864192,0.03832137506319404,-49,0.3252654324341078,73.6621367707049,0.0,2-15
black-pos-140,2,25,10,T0.9_P0.95,0.9,0.95,33,7,1.9364573620457879,78.81183375569387,0.615362074990208,0.03643948929346367,-49,0.30929230026769844,78.81183375569387,0.0,2-15
black-pos-140,2,25,10,T0.9_P1,0.9,1.0,33,33,2.2613737365880926,82.27731276905232,0.6236297420649862,0.05511223033068476,-49,0.2942858207718922,82.27731276905232,0.0,2-15
black-pos-140,2,25,10,T1_P0.5,1.0,0.5,33,2,0.9701850428989358,66.74430355308156,0.6013000320097438,0.0,-49,0.39869996799025614,66.74430355308156,0.0,2-15
black-pos-140,2,25,10,T1_P0.9,1.0,0.9,33,6,1.9371727654260535,78.33112430959089,0.6015611542345302,0.04539895429061447,-49,0.3111451198823392,78.33112430959089,0.0,2-15
black-pos-140,2,25,10,T1_P0.95,1.0,0.95,33,8,2.1840450242584755,83.81559347322954,0.62237506400232,0.06892782871775517,-49,0.2948913170246451,83.81559347322954,0.0,2-15
black-pos-140,2,25,10,T1_P1,1.0,1.0,33,33,2.4925200067628532,85.16532384863068,0.6226215647155119,0.067375142822048,-49,0.2820275586257412,85.16532384863068,0.0,2-15
black-pos-141,2,41,10,argmax,0.0,0.0,36,1,-0.0,0.0,0.0,0.0,224,1.0,0.0,0.0,2-17
black-pos-141,2,41,10,T0.5_P0.5,0.5,0.5,36,1,-0.0,0.0,0.0,0.0,224,1.0,0.0,0.0,2-17
black-pos-141,2,41,10,T0.5_P0.9,0.5,0.9,36,2,0.9348538237531261,26.667077663918985,0.0,0.0,224,0.6491173991589606,26.667077663918985,0.0,2-17
black-pos-141,2,41,10,T0.5_P0.95,0.5,0.95,36,3,1.101004980837867,29.94183920013168,0.029952199815407223,0.0,224,0.629674905115694,29.94183920013168,0.0,2-17
black-pos-141,2,41,10,T0.5_P1,0.5,1.0,36,36,1.4134820236318157,151.14123427742877,0.07703331996901619,0.020400419546555474,224,0.598810991748332,46.6474632364011,0.011331284609636628,2-17
black-pos-141,2,41,10,T0.9_P0.5,0.9,0.5,36,2,0.9792406592027737,31.569095764177433,0.0,0.0,224,0.5846171609976653,31.569095764177433,0.0,2-17
black-pos-141,2,41,10,T0.9_P0.9,0.9,0.9,36,5,1.8434166388995672,60.560733589460035,0.2129850952587651,0.044086524237070414,224,0.46010241927266876,60.560733589460035,0.0,2-17
black-pos-141,2,41,10,T0.9_P0.95,0.9,0.95,36,6,2.0123876280577244,468.55981278574825,0.24458508301931836,0.08246807705427953,224,0.4416285241405331,98.28081886550298,0.040151701791395066,2-17
black-pos-141,2,41,10,T0.9_P1,0.9,1.0,36,36,2.2907874674759006,692.4115817599868,0.26801369137657155,0.11289071833975133,224,0.4216800066771456,121.34954903872814,0.06192643907234722,2-17
black-pos-141,2,41,10,T1_P0.5,1.0,0.5,36,2,0.9831387009726686,32.20160368186671,0.0,0.0,224,0.5762946883964907,32.20160368186671,0.0,2-17
black-pos-141,2,41,10,T1_P0.9,1.0,0.9,36,6,2.1031909296872513,552.9135596818934,0.2790418471614938,0.09834450152066745,224,0.4154843540369765,110.16011474930367,0.04801056657260786,2-17
black-pos-141,2,41,10,T1_P0.95,1.0,0.95,36,7,2.234711393209296,843.7015096981615,0.3007261736934902,0.12546367920305843,224,0.4029877918351319,136.92391311541007,0.07664364277567826,2-17
black-pos-141,2,41,10,T1_P1,1.0,1.0,36,36,2.4625123727606724,822.4189068276312,0.3082288188717356,0.1380466315918488,224,0.38985202087624177,138.67939927806836,0.07414537022907916,2-17
black-pos-142,2,61,10,argmax,0.0,0.0,5,1,-0.0,0.0,0.0,0.0,-399,1.0,0.0,0.0,2-25
black-pos-142,2,61,10,T0.5_P0.5,0.5,0.5,5,1,-0.0,0.0,0.0,0.0,-399,1.0,0.0,0.0,2-25
black-pos-142,2,61,10,T0.5_P0.9,0.5,0.9,5,4,1.6390202471331472,877.2465717735311,0.2795265537828748,0.08611712151789015,-399,0.5686744878993216,136.63932671967578,0.08611712151789015,2-25
black-pos-142,2,61,10,T0.5_P0.95,0.5,0.95,5,5,1.9040967567481213,809.8828639753239,0.2580372313735929,0.0794966464173574,-399,0.524956174733646,126.2117047860503,0.0794966464173574,2-25
black-pos-142,2,61,10,T0.5_P1,0.5,1.0,5,5,1.9040967567481213,809.8828639753239,0.2580372313735929,0.0794966464173574,-399,0.524956174733646,126.2117047860503,0.0794966464173574,2-25
black-pos-142,2,61,10,T0.9_P0.5,0.9,0.5,5,2,0.9380526962686919,70.90690357471476,0.3545345178735738,0.0,-399,0.6454654821264262,70.90690357471476,0.0,2-25
black-pos-142,2,61,10,T0.9_P0.9,0.9,0.9,5,5,2.195561951724538,1289.2395327849727,0.3303105145318327,0.1286491760813302,-399,0.3671445980208638,182.85661848553292,0.1286491760813302,2-25
black-pos-142,2,61,10,T0.9_P0.95,0.9,0.95,5,5,2.195561951724538,1289.2395327849727,0.3303105145318327,0.1286491760813302,-399,0.3671445980208638,182.85661848553292,0.1286491760813302,2-25
black-pos-142,2,61,10,T0.9_P1,0.9,1.0,5,5,2.195561951724538,1289.2395327849727,0.3303105145318327,0.1286491760813302,-399,0.3671445980208638,182.85661848553292,0.1286491760813302,2-25
black-pos-142,2,61,10,T1_P0.5,1.0,0.5,5,2,0.9494062431449004,73.67244070620914,0.3683622035310457,0.0,-399,0.6316377964689543,73.67244070620914,0.0,2-25
black-pos-142,2,61,10,T1_P0.9,1.0,0.9,5,5,2.2204782918052426,1355.6993802483216,0.3385944626434084,0.1355121110919552,-399,0.3482292368926021,190.29522485750684,0.1355121110919552,2-25
black-pos-142,2,61,10,T1_P0.95,1.0,0.95,5,5,2.2204782918052426,1355.6993802483216,0.3385944626434084,0.1355121110919552,-399,0.3482292368926021,190.29522485750684,0.1355121110919552,2-25
black-pos-142,2,61,10,T1_P1,1.0,1.0,5,5,2.2204782918052426,1355.6993802483216,0.3385944626434084,0.1355121110919552,-399,0.3482292368926021,190.29522485750684,0.1355121110919552,2-25
black-pos-143,0,25,10,argmax,0.0,0.0,40,1,-0.0,238.0,1.0,1.0,-80,0.0,238.0,0.0,0-16
black-pos-143,0,25,10,T0.5_P0.5,0.5,0.5,40,2,0.9805642078465843,174.44696154591603,0.5818879049073423,0.5818879049073423,-80,0.0,174.44696154591603,0.0,0-16
black-pos-143,0,25,10,T0.5_P0.9,0.5,0.9,40,3,1.372158309617764,177.36180338031144,0.6277858773126564,0.6277858773126564,-80,0.0,177.36180338031144,0.0,0-16
black-pos-143,0,25,10,T0.5_P0.95,0.5,0.95,40,4,1.605387923507879,167.5137773359375,0.5929280243125471,0.5929280243125471,-80,0.055525067160357724,167.5137773359375,0.0,0-16
black-pos-143,0,25,10,T0.5_P1,0.5,1.0,40,40,1.8677271704038216,167.8041907944104,0.5957126644411219,0.5957126644411219,-80,0.05295062132416747,167.8041907944104,0.0,0-16
black-pos-143,0,25,10,T0.9_P0.5,0.9,0.5,40,2,0.9939447895452242,168.95827771821095,0.5457781428829667,0.5457781428829667,-80,0.0,168.95827771821095,0.0,0-16
black-pos-143,0,25,10,T0.9_P0.9,0.9,0.9,40,5,2.0925616259847777,158.32558826097443,0.5899753633113011,0.5899753633113011,-80,0.10824638248416334,158.32558826097443,0.0,0-16
black-pos-143,0,25,10,T0.9_P0.95,0.9,0.95,40,6,2.2804431992450116,154.23552868566372,0.5587692071322522,0.5587692071322522,-80,0.10252079845526638,154.23552868566372,0.0,0-16
black-pos-143,0,25,10,T0.9_P1,0.9,1.0,40,40,2.5768493736569136,163.8614601785078,0.5791385018342451,0.5791385018342451,-80,0.09778795480388312,163.8614601785078,0.0,0-16
black-pos-143,0,25,10,T1_P0.5,1.0,0.5,40,2,0.9950913617801649,168.26578237163156,0.5412222524449446,0.5412222524449446,-80,0.0,168.26578237163156,0.0,0-16
black-pos-143,0,25,10,T1_P0.9,1.0,0.9,40,6,2.3321233039397304,152.38242439130366,0.5537356081913467,0.5537356081913467,-80,0.10971617536853988,152.38242439130366,0.0,0-16
black-pos-143,0,25,10,T1_P0.95,1.0,0.95,40,7,2.4127127401608885,154.88483902889942,0.5608207225384432,0.5608207225384432,-80,0.10797426706825695,154.88483902889942,0.0,0-16
black-pos-143,0,25,10,T1_P1,1.0,1.0,40,40,2.7202708332696903,165.960911761258,0.5823324624357489,0.5823324624357489,-80,0.10268550580839111,165.960911761258,0.0,0-16
black-pos-144,0,41,10,argmax,0.0,0.0,38,1,-0.0,107.0,1.0,0.0,-213,0.0,107.0,0.0,0-16
black-pos-144,0,41,10,T0.5_P0.5,0.5,0.5,38,1,-0.0,107.0,1.0,0.0,-213,0.0,107.0,0.0,0-16
black-pos-144,0,41,10,T0.5_P0.9,0.5,0.9,38,5,1.7379766461928305,88.01837032450865,0.7797917918637131,0.0,-213,0.15146777141749493,88.01837032450865,0.0,0-16
black-pos-144,0,41,10,T0.5_P0.95,0.5,0.95,38,6,1.886518494665272,89.8387818263378,0.786826858378508,0.0,-213,0.1466287790121332,89.8387818263378,0.0,0-16
black-pos-144,0,41,10,T0.5_P1,0.5,1.0,38,38,2.10303184952357,91.38932978140852,0.7888734881174069,0.0022400702455009146,-213,0.1409927319912414,91.38932978140852,0.0,0-16
black-pos-144,0,41,10,T0.9_P0.5,0.9,0.5,38,3,1.4914525672426606,79.94746539427925,0.7588860015043702,0.0,-213,0.2411139984956297,79.94746539427925,0.0,0-16
black-pos-144,0,41,10,T0.9_P0.9,0.9,0.9,38,7,2.550106188529185,88.57002257837505,0.7301890749845167,0.0,-213,0.1640447484569112,88.57002257837505,0.0,0-16
black-pos-144,0,41,10,T0.9_P0.95,0.9,0.95,38,10,2.779013578049658,94.12039674646884,0.7085912829137526,0.014003538787241884,-213,0.15604653050842068,94.12039674646884,0.0,0-16
black-pos-144,0,41,10,T0.9_P1,0.9,1.0,38,38,3.0803603023684314,99.02109237291504,0.7207261519228351,0.027200253698569137,-213,0.1495484263131331,99.02109237291504,0.0,0-16
black-pos-144,0,41,10,T1_P0.5,1.0,0.5,38,3,1.5095289484363636,78.89885024481089,0.7494948886744046,0.0,-213,0.25050511132559555,78.89885024481089,0.0,0-16
black-pos-144,0,41,10,T1_P0.9,1.0,0.9,38,8,2.7172043840600573,88.85489250211737,0.7027371642426992,0.0,-213,0.15939243770012645,88.85489250211737,0.0,0-16
black-pos-144,0,41,10,T1_P0.95,1.0,0.95,38,12,2.93926181022242,96.3776662999595,0.7029449720860037,0.017409592573138646,-213,0.1524415283679495,96.3776662999595,0.0,0-16
black-pos-144,0,41,10,T1_P1,1.0,1.0,38,38,3.26672128509779,102.87630418759716,0.7172095224695271,0.03769153811273677,-213,0.14512130262655754,102.87630418759716,0.0,0-16
black-pos-145,0,61,10,argmax,0.0,0.0,28,1,-0.0,38.0,0.0,0.0,645,0.0,38.0,0.0,0-23
black-pos-145,0,61,10,T0.5_P0.5,0.5,0.5,28,1,-0.0,38.0,0.0,0.0,645,0.0,38.0,0.0,0-23
black-pos-145,0,61,10,T0.5_P0.9,0.5,0.9,28,2,0.8176450219058142,44.351421785144424,0.0,0.0,645,0.0,44.351421785144424,0.0,0-23
black-pos-145,0,61,10,T0.5_P0.95,0.5,0.95,28,4,1.1083129717920024,45.443176022973695,0.0,0.0,645,0.0,45.443176022973695,0.0,0-23
black-pos-145,0,61,10,T0.5_P1,0.5,1.0,28,28,1.4321492406773801,45.05767767770113,5.537124306921228e-05,5.5342562225375806e-05,645,9.033327362784146e-07,45.05767767770113,0.0,0-23
black-pos-145,0,61,10,T0.9_P0.5,0.9,0.5,28,2,0.9382073046629771,46.86783734759044,0.0,0.0,645,0.0,46.86783734759044,0.0,0-23
black-pos-145,0,61,10,T0.9_P0.9,0.9,0.9,28,8,2.2924730588089757,48.18522850546418,0.0,0.0,645,0.0,48.18522850546418,0.0,0-23
black-pos-145,0,61,10,T0.9_P0.95,0.9,0.95,28,9,2.420688574541558,47.43639160220059,0.0,0.0,645,0.0,47.43639160220059,0.0,0-23
black-pos-145,0,61,10,T0.9_P1,0.9,1.0,28,28,2.7110540178089444,48.053579416753095,0.002901144792567656,0.0028676255589826696,645,0.00022785492848784782,48.053579416753095,0.0,0-23
black-pos-145,0,61,10,T1_P0.5,1.0,0.5,28,2,0.9495335701581294,47.21314939005238,0.0,0.0,645,0.0,47.21314939005238,0.0,0-23
black-pos-145,0,61,10,T1_P0.9,1.0,0.9,28,8,2.416716807243688,48.461972288208436,0.0,0.0,645,0.0,48.461972288208436,0.0,0-23
black-pos-145,0,61,10,T1_P0.95,1.0,0.95,28,11,2.674307380879418,47.34282929044369,0.0,0.0,645,0.0,47.34282929044369,0.0,0-23
black-pos-145,0,61,10,T1_P1,1.0,1.0,28,28,2.929702556596208,48.66826817053976,0.004701690672600222,0.00462446252269841,645,0.00043341460614829515,48.66826817053976,0.0,0-23
black-pos-146,1,25,10,argmax,0.0,0.0,39,1,-0.0,59.0,0.0,0.0,8,0.0,59.0,0.0,1-16
black-pos-146,1,25,10,T0.5_P0.5,0.5,0.5,39,1,-0.0,59.0,0.0,0.0,8,0.0,59.0,0.0,1-16
black-pos-146,1,25,10,T0.5_P0.9,0.5,0.9,39,2,0.9941867842440257,32.14646377234696,0.0,0.0,8,0.45514468182462775,32.14646377234696,0.0,1-16
black-pos-146,1,25,10,T0.5_P0.95,0.5,0.95,39,3,1.2423429225422817,34.81778270134153,0.0,0.0,8,0.43075651007213067,34.81778270134153,0.0,1-16
black-pos-146,1,25,10,T0.5_P1,0.5,1.0,39,39,1.3686474611209647,34.95921373208198,0.0014845989673703541,1.1033138033501707e-05,8,0.42306861452555106,34.95921373208198,0.0,1-16
black-pos-146,1,25,10,T0.9_P0.5,0.9,0.5,39,2,0.9982007824579657,30.972995022072897,0.0,0.0,8,0.4750339826767305,30.972995022072897,0.0,1-16
black-pos-146,1,25,10,T0.9_P0.9,0.9,0.9,39,4,1.6689682862037134,37.07782526538424,0.0,0.0,8,0.3883142806911711,37.07782526538424,0.0,1-16
black-pos-146,1,25,10,T0.9_P0.95,0.9,0.95,39,5,1.7525184412124264,39.31146035525913,0.014143897737150923,0.0,8,0.3828220032151998,39.31146035525913,0.0,1-16
black-pos-146,1,25,10,T0.9_P1,0.9,1.0,39,39,2.1041007463590278,40.96989985820903,0.025437789962436855,0.001210291282712141,8,0.3650232609396808,40.96989985820903,0.0,1-16
black-pos-146,1,25,10,T1_P0.5,1.0,0.5,39,2,0.9985422882946604,30.825904995612603,0.0,0.0,8,0.47752703397266766,30.825904995612603,0.0,1-16
black-pos-146,1,25,10,T1_P0.9,1.0,0.9,39,4,1.7169892253241907,37.54626839145526,0.0,0.0,8,0.3795560015586962,37.54626839145526,0.0,1-16
black-pos-146,1,25,10,T1_P0.95,1.0,0.95,39,7,1.9597454622955688,40.60635537000232,0.018689409723992564,0.0,8,0.36373122941703845,40.60635537000232,0.0,1-16
black-pos-146,1,25,10,T1_P1,1.0,1.0,39,39,2.3086387148542054,43.16019304403642,0.03623662661561546,0.0021733332440900914,8,0.3464761734981897,43.16019304403642,0.0,1-16
black-pos-147,1,41,10,argmax,0.0,0.0,31,1,-0.0,0.0,0.0,0.0,152,1.0,0.0,0.0,1-17
black-pos-147,1,41,10,T0.5_P0.5,0.5,0.5,31,1,-0.0,0.0,0.0,0.0,152,1.0,0.0,0.0,1-17
black-pos-147,1,41,10,T0.5_P0.9,0.5,0.9,31,2,0.5966389413126821,43.72560478990896,0.1447867708275131,0.1447867708275131,152,0.8552132291724869,43.72560478990896,0.0,1-17
black-pos-147,1,41,10,T0.5_P0.95,0.5,0.95,31,3,0.8825014936452673,50.095897260137434,0.194642534236343,0.1363462384025299,152,0.805357465763657,50.095897260137434,0.0,1-17
black-pos-147,1,41,10,T0.5_P1,0.5,1.0,31,31,0.889302390560973,50.244747238869586,0.19505816290152753,0.13679195260445137,152,0.8049418370984727,50.244747238869586,0.0,1-17
black-pos-147,1,41,10,T0.9_P0.5,0.9,0.5,31,1,-0.0,0.0,0.0,0.0,152,1.0,0.0,0.0,1-17
black-pos-147,1,41,10,T0.9_P0.9,0.9,0.9,31,3,1.318282824075229,92.29398036576272,0.3770735755314638,0.23222633093589765,152,0.6229264244685363,92.29398036576272,0.0,1-17
black-pos-147,1,41,10,T0.9_P0.95,0.9,0.95,31,3,1.318282824075229,92.29398036576272,0.3770735755314638,0.23222633093589765,152,0.6229264244685363,92.29398036576272,0.0,1-17
black-pos-147,1,41,10,T0.9_P1,0.9,1.0,31,31,1.4963350730471505,98.02505730731963,0.39012320883915186,0.2483103569958498,152,0.6098767911608484,98.02505730731963,0.0,1-17
black-pos-147,1,41,10,T1_P0.5,1.0,0.5,31,1,-0.0,0.0,0.0,0.0,152,1.0,0.0,0.0,1-17
black-pos-147,1,41,10,T1_P0.9,1.0,0.9,31,3,1.365820264659481,98.4375360395499,0.40494091279124134,0.24484279451335558,152,0.5950590872087587,98.4375360395499,0.0,1-17
black-pos-147,1,41,10,T1_P0.95,1.0,0.95,31,3,1.365820264659481,98.4375360395499,0.40494091279124134,0.24484279451335558,152,0.5950590872087587,98.4375360395499,0.0,1-17
black-pos-147,1,41,10,T1_P1,1.0,1.0,31,31,1.634509011716321,107.67245016021565,0.42508161286408924,0.27040226433827524,152,0.5749183871359106,107.67245016021565,0.0,1-17
black-pos-148,2,25,10,argmax,0.0,0.0,2,1,-0.0,0.0,0.0,0.0,-105,1.0,0.0,0.0,2-16
black-pos-148,2,25,10,T0.5_P0.5,0.5,0.5,2,1,-0.0,0.0,0.0,0.0,-105,1.0,0.0,0.0,2-16
black-pos-148,2,25,10,T0.5_P0.9,0.5,0.9,2,2,0.9760303556198153,19.637242033033715,0.0,0.0,-105,0.5908907909784643,19.637242033033715,0.0,2-16
black-pos-148,2,25,10,T0.5_P0.95,0.5,0.95,2,2,0.9760303556198153,19.637242033033715,0.0,0.0,-105,0.5908907909784643,19.637242033033715,0.0,2-16
black-pos-148,2,25,10,T0.5_P1,0.5,1.0,2,2,0.9760303556198153,19.637242033033715,0.0,0.0,-105,0.5908907909784643,19.637242033033715,0.0,2-16
black-pos-148,2,25,10,T0.9_P0.5,0.9,0.5,2,1,-0.0,0.0,0.0,0.0,-105,1.0,0.0,0.0,2-16
black-pos-148,2,25,10,T0.9_P0.9,0.9,0.9,2,2,0.9925157832555104,21.557491596661578,0.0,0.0,-105,0.5508855917362171,21.557491596661578,0.0,2-16
black-pos-148,2,25,10,T0.9_P0.95,0.9,0.95,2,2,0.9925157832555104,21.557491596661578,0.0,0.0,-105,0.5508855917362171,21.557491596661578,0.0,2-16
black-pos-148,2,25,10,T0.9_P1,0.9,1.0,2,2,0.9925157832555104,21.557491596661578,0.0,0.0,-105,0.5508855917362171,21.557491596661578,0.0,2-16
black-pos-148,2,25,10,T1_P0.5,1.0,0.5,2,1,-0.0,0.0,0.0,0.0,-105,1.0,0.0,0.0,2-16
black-pos-148,2,25,10,T1_P0.9,1.0,0.9,2,2,0.9939317970118287,21.800296310857192,0.0,0.0,-105,0.5458271601904752,21.800296310857192,0.0,2-16
black-pos-148,2,25,10,T1_P0.95,1.0,0.95,2,2,0.9939317970118287,21.800296310857192,0.0,0.0,-105,0.5458271601904752,21.800296310857192,0.0,2-16
black-pos-148,2,25,10,T1_P1,1.0,1.0,2,2,0.9939317970118287,21.800296310857192,0.0,0.0,-105,0.5458271601904752,21.800296310857192,0.0,2-16
black-pos-149,2,41,10,argmax,0.0,0.0,41,1,-0.0,0.0,0.0,0.0,622,1.0,0.0,0.0,2-19
black-pos-149,2,41,10,T0.5_P0.5,0.5,0.5,41,1,-0.0,0.0,0.0,0.0,622,1.0,0.0,0.0,2-19
black-pos-149,2,41,10,T0.5_P0.9,0.5,0.9,41,2,0.9964792422228461,33.951046606364564,0.0,0.0,622,0.5349171697758279,33.951046606364564,0.0,2-19
black-pos-149,2,41,10,T0.5_P0.95,0.5,0.95,41,2,0.9964792422228461,33.951046606364564,0.0,0.0,622,0.5349171697758279,33.951046606364564,0.0,2-19
black-pos-149,2,41,10,T0.5_P1,0.5,1.0,41,41,1.0521921108377303,34.445669042554584,0.002631998910598049,0.001027100069298821,622,0.5316982739334454,34.44537373459888,0.0,2-19
black-pos-149,2,41,10,T0.9_P0.5,0.9,0.5,41,2,0.9989115092187528,35.08231956228141,0.0,0.0,622,0.5194202799687477,35.08231956228141,0.0,2-19
black-pos-149,2,41,10,T0.9_P0.9,0.9,0.9,41,2,0.9989115092187528,35.08231956228141,0.0,0.0,622,0.5194202799687477,35.08231956228141,0.0,2-19
black-pos-149,2,41,10,T0.9_P0.95,0.9,0.95,41,3,1.1647266731810964,34.5335751409715,0.0,0.0,622,0.5036574249895317,34.5335751409715,0.0,2-19
black-pos-149,2,41,10,T0.9_P1,0.9,1.0,41,41,1.4104569660994897,43.61890338817999,0.03748525602093199,0.016697797692446385,622,0.48477769746695587,43.540156796515625,0.0,2-19
black-pos-149,2,41,10,T1_P0.5,1.0,0.5,41,2,0.9991181960396194,35.22396564951702,0.0,0.0,622,0.5174799226093559,35.22396564951702,0.0,2-19
black-pos-149,2,41,10,T1_P0.9,1.0,0.9,41,2,0.9991181960396194,35.22396564951702,0.0,0.0,622,0.5174799226093559,35.22396564951702,0.0,2-19
black-pos-149,2,41,10,T1_P0.95,1.0,0.95,41,4,1.344813379865648,38.776444874578374,0.02647178570517506,0.0,622,0.48380361466535476,38.776444874578374,0.0,2-19
black-pos-149,2,41,10,T1_P1,1.0,1.0,41,41,1.5273690445703856,48.08390106504906,0.052750531501512966,0.02413175022555945,622,0.4707441552491226,47.92357559708846,0.0,2-19
black-pos-150,2,61,10,argmax,0.0,0.0,14,1,-0.0,1.0,0.0,0.0,-9997,0.0,1.0,1.0,2-26
black-pos-150,2,61,10,T0.5_P0.5,0.5,0.5,14,2,0.9518377824789503,1.0,0.0,0.0,-9997,0.0,1.0,1.0,2-26
black-pos-150,2,61,10,T0.5_P0.9,0.5,0.9,14,5,1.6947241204972803,0.9559609060015903,0.0,0.0,-9997,0.0440390939984097,0.9559609060015903,0.9999999999999999,2-26
black-pos-150,2,61,10,T0.5_P0.95,0.5,0.95,14,6,1.8262314777742,0.9571266081905621,0.0,0.0,-9997,0.04287339180943789,0.9571266081905621,0.9999999999999998,2-26
black-pos-150,2,61,10,T0.5_P1,0.5,1.0,14,14,2.0263772924484593,0.9585477798949841,0.0,0.0,-9997,0.04145546198807478,0.9585477798949841,1.0000000000000002,2-26
black-pos-150,2,61,10,T0.9_P0.5,0.9,0.5,14,2,0.9847821394874909,0.9999999999999999,0.0,0.0,-9997,0.0,0.9999999999999999,0.9999999999999999,2-26
black-pos-150,2,61,10,T0.9_P0.9,0.9,0.9,14,7,2.483204731967162,0.9142811047063446,0.0,0.0,-9997,0.08571889529365538,0.9142811047063446,0.9999999999999999,2-26
black-pos-150,2,61,10,T0.9_P0.95,0.9,0.95,14,8,2.6444096227254716,0.918517180399645,0.0,0.0,-9997,0.081482819600355,0.918517180399645,1.0,2-26
black-pos-150,2,61,10,T0.9_P1,0.9,1.0,14,14,2.765267215122394,0.9176672315380205,0.0,0.0,-9997,0.08275128785985726,0.9176672315380205,0.9999999999999996,2-26
black-pos-150,2,61,10,T1_P0.5,1.0,0.5,14,2,0.9876487261215183,1.0,0.0,0.0,-9997,0.0,1.0,1.0,2-26
black-pos-150,2,61,10,T1_P0.9,1.0,0.9,14,7,2.5428023848605332,0.9079387128523904,0.0,0.0,-9997,0.09206128714760954,0.9079387128523904,1.0,2-26
black-pos-150,2,61,10,T1_P0.95,1.0,0.95,14,8,2.7109045100680413,0.9130428388169933,0.0,0.0,-9997,0.08695716118300664,0.9130428388169933,0.9999999999999999,2-26
black-pos-150,2,61,10,T1_P1,1.0,1.0,14,14,2.8677236853956187,0.9119263155938979,0.0,0.0,-9997,0.08882308436146226,0.9119263155938979,0.9999999999999997,2-26
black-pos-151,0,25,10,argmax,0.0,0.0,42,1,-0.0,10.0,0.0,0.0,101,0.0,10.0,0.0,0-17
black-pos-151,0,25,10,T0.5_P0.5,0.5,0.5,42,1,-0.0,10.0,0.0,0.0,101,0.0,10.0,0.0,0-17
black-pos-151,0,25,10,T0.5_P0.9,0.5,0.9,42,1,-0.0,10.0,0.0,0.0,101,0.0,10.0,0.0,0-17
black-pos-151,0,25,10,T0.5_P0.95,0.5,0.95,42,2,0.3237198257346011,10.0,0.0,0.0,101,0.0,10.0,0.0,0-17
black-pos-151,0,25,10,T0.5_P1,0.5,1.0,42,42,0.5942886969637708,10.098981812315635,0.0005723370810387954,0.00022626951770748498,101,0.026479611113362125,10.098981812315635,0.0,0-17
black-pos-151,0,25,10,T0.9_P0.5,0.9,0.5,42,1,-0.0,10.0,0.0,0.0,101,0.0,10.0,0.0,0-17
black-pos-151,0,25,10,T0.9_P0.9,0.9,0.9,42,4,1.2664881906742573,9.21316035072266,0.0,0.0,101,0.09996850787543766,9.21316035072266,0.0,0-17
black-pos-151,0,25,10,T0.9_P0.95,0.9,0.95,42,6,1.5417488033400153,11.055225191096227,0.0,0.0,101,0.09490693195365314,11.055225191096227,0.0,0-17
black-pos-151,0,25,10,T0.9_P1,0.9,1.0,42,42,1.8975171347019792,17.4828587934457,0.019917075019826147,0.009710917117340316,101,0.09056249776212592,17.4828587934457,0.0,0-17
black-pos-151,0,25,10,T1_P0.5,1.0,0.5,42,1,-0.0,10.0,0.0,0.0,101,0.0,10.0,0.0,0-17
black-pos-151,0,25,10,T1_P0.9,1.0,0.9,42,5,1.5544256209955718,9.958082085025044,0.0,0.0,101,0.11062493137477014,9.958082085025044,0.0,0-17
black-pos-151,0,25,10,T1_P0.95,1.0,0.95,42,8,1.846772112953178,12.792041166565486,0.011302510675338821,0.0,101,0.1047769109939796,12.792041166565486,0.0,0-17
black-pos-151,0,25,10,T1_P1,1.0,1.0,42,42,2.19262628969136,21.288582698038184,0.029999101502830135,0.015009726234625582,101,0.09991510502621084,21.288582698038184,0.0,0-17
black-pos-152,0,41,10,argmax,0.0,0.0,45,1,-0.0,103.0,1.0,0.0,242,0.0,103.0,0.0,0-17
black-pos-152,0,41,10,T0.5_P0.5,0.5,0.5,45,1,-0.0,103.0,1.0,0.0,242,0.0,103.0,0.0,0-17
black-pos-152,0,41,10,T0.5_P0.9,0.5,0.9,45,2,0.9256894810207235,67.88598523864428,0.6590872353266435,0.0,242,0.3409127646733565,67.88598523864428,0.0,0-17
black-pos-152,0,41,10,T0.5_P0.95,0.5,0.95,45,2,0.9256894810207235,67.88598523864428,0.6590872353266435,0.0,242,0.3409127646733565,67.88598523864428,0.0,0-17
black-pos-152,0,41,10,T0.5_P1,0.5,1.0,45,45,1.0355993664690333,70.49250708661509,0.664911216333605,0.017083493522284554,242,0.3350887836663951,70.49250708661509,0.0,0-17
black-pos-152,0,41,10,T0.9_P0.5,0.9,0.5,45,1,-0.0,103.0,1.0,0.0,242,0.0,103.0,0.0,0-17
black-pos-152,0,41,10,T0.9_P0.9,0.9,0.9,45,2,0.976210897106035,60.82662454037166,0.5905497528191423,0.0,242,0.4094502471808577,60.82662454037166,0.0,0-17
black-pos-152,0,41,10,T0.9_P0.95,0.9,0.95,45,3,1.2805224841183782,72.36093304054214,0.6202200758415557,0.072463805374888,242,0.37977992415844425,72.36093304054214,0.0,0-17
black-pos-152,0,41,10,T0.9_P1,0.9,1.0,45,45,1.3519294919164813,74.30459780660581,0.6230467652598352,0.07936742660296582,242,0.3769532347401648,74.30459780660581,0.0,0-17
black-pos-152,0,41,10,T1_P0.5,1.0,0.5,45,1,-0.0,103.0,1.0,0.0,242,0.0,103.0,0.0,0-17
black-pos-152,0,41,10,T1_P0.9,1.0,0.9,45,2,0.9806700631456272,59.911557798053835,0.581665609689843,0.0,242,0.4183343903101569,59.911557798053835,0.0,0-17
black-pos-152,0,41,10,T1_P0.95,1.0,0.95,45,3,1.3195284584468685,73.69370259111786,0.6176803591612615,0.08609081707271735,242,0.38231964083873843,73.69370259111786,0.0,0-17
black-pos-152,0,41,10,T1_P1,1.0,1.0,45,45,1.4361464995336848,77.17214339708855,0.6226805225790527,0.09804336874814594,242,0.3773194774209474,77.17214339708855,0.0,0-17
black-pos-153,0,61,10,argmax,0.0,0.0,25,1,-0.0,93.0,0.0,0.0,346,0.0,93.0,0.0,0-24
black-pos-153,0,61,10,T0.5_P0.5,0.5,0.5,25,1,-0.0,93.0,0.0,0.0,346,0.0,93.0,0.0,0-24
black-pos-153,0,61,10,T0.5_P0.9,0.5,0.9,25,4,1.1837251412865657,77.80277135175197,0.0,0.0,346,0.14750320946949808,77.80277135175197,0.0,0-24
black-pos-153,0,61,10,T0.5_P0.95,0.5,0.95,25,5,1.4063901923973772,76.98737687730059,0.0,0.0,346,0.14034526513713455,76.98737687730059,0.0,0-24
black-pos-153,0,61,10,T0.5_P1,0.5,1.0,25,25,1.662348137048861,81.60227797726701,0.04882006525268147,0.008540733514289328,346,0.13343363108801984,81.60227797726701,0.0,0-24
black-pos-153,0,61,10,T0.9_P0.5,0.9,0.5,25,2,0.8679274478369037,66.0870541238341,0.0,0.0,346,0.28938651479748284,66.0870541238341,0.0,0-24
black-pos-153,0,61,10,T0.9_P0.9,0.9,0.9,25,6,2.274520486010975,77.01298279612692,0.08979733803182487,0.0,346,0.176339160027737,77.01298279612692,0.0,0-24
black-pos-153,0,61,10,T0.9_P0.95,0.9,0.95,25,7,2.4181031470012853,81.97287055582794,0.12324131757487164,0.03674344290614274,346,0.16985985216914068,81.97287055582794,0.0,0-24
black-pos-153,0,61,10,T0.9_P1,0.9,1.0,25,25,2.5714581141008903,83.98629582541761,0.135762176211253,0.039714937731755676,346,0.16611051608362534,83.98629582541761,0.0,0-24
black-pos-153,0,61,10,T1_P0.5,1.0,0.5,25,2,0.8910894733064881,64.33702179483728,0.0,0.0,346,0.30820406672217987,64.33702179483728,0.0,0-24
black-pos-153,0,61,10,T1_P0.9,1.0,0.9,25,6,2.337583477093212,76.88926503483208,0.09737941121511169,0.0,346,0.17874912272209217,76.88926503483208,0.0,0-24
black-pos-153,0,61,10,T1_P0.95,1.0,0.95,25,7,2.4932062500588983,82.71527637725364,0.13630065451616918,0.043120269784066696,346,0.17104141232665032,82.71527637725364,0.0,0-24
black-pos-153,0,61,10,T1_P1,1.0,1.0,25,25,2.7019387572853386,85.92636538297658,0.1546383151153443,0.04806853901424399,346,0.16555464975632464,85.92636538297658,0.0,0-24
black-pos-154,1,25,10,argmax,0.0,0.0,33,1,-0.0,0.0,0.0,0.0,-113,1.0,0.0,0.0,1-17
black-pos-154,1,25,10,T0.5_P0.5,0.5,0.5,33,1,-0.0,0.0,0.0,0.0,-113,1.0,0.0,0.0,1-17
black-pos-154,1,25,10,T0.5_P0.9,0.5,0.9,33,1,-0.0,0.0,0.0,0.0,-113,1.0,0.0,0.0,1-17
black-pos-154,1,25,10,T0.5_P0.95,0.5,0.95,33,1,-0.0,0.0,0.0,0.0,-113,1.0,0.0,0.0,1-17
black-pos-154,1,25,10,T0.5_P1,0.5,1.0,33,33,0.007143609218613199,0.08762172482834446,0.0001907514132613711,0.00018199999150035685,-113,0.999536137368041,0.08762172482834446,0.0,1-17
black-pos-154,1,25,10,T0.9_P0.5,0.9,0.5,33,1,-0.0,0.0,0.0,0.0,-113,1.0,0.0,0.0,1-17
black-pos-154,1,25,10,T0.9_P0.9,0.9,0.9,33,1,-0.0,0.0,0.0,0.0,-113,1.0,0.0,0.0,1-17
black-pos-154,1,25,10,T0.9_P0.95,0.9,0.95,33,1,-0.0,0.0,0.0,0.0,-113,1.0,0.0,0.0,1-17
black-pos-154,1,25,10,T0.9_P1,0.9,1.0,33,33,0.3819043322372223,8.809211947093281,0.02143826224250517,0.018880639987958827,-113,0.9613909800534639,8.809211947093281,0.0,1-17
black-pos-154,1,25,10,T1_P0.5,1.0,0.5,33,1,-0.0,0.0,0.0,0.0,-113,1.0,0.0,0.0,1-17
black-pos-154,1,25,10,T1_P0.9,1.0,0.9,33,1,-0.0,0.0,0.0,0.0,-113,1.0,0.0,0.0,1-17
black-pos-154,1,25,10,T1_P0.95,1.0,0.95,33,3,0.16895794704020958,0.7814973856745592,0.0,0.0,-113,0.978728303756065,0.7814973856745592,0.0,1-17
black-pos-154,1,25,10,T1_P1,1.0,1.0,33,33,0.6199312200734718,15.625075339747813,0.038632135107751465,0.03340840972541583,-113,0.9325610605886783,15.625075339747813,0.0,1-17
black-pos-155,1,41,10,argmax,0.0,0.0,32,1,-0.0,22.0,0.0,0.0,-41,0.0,22.0,0.0,1-18
black-pos-155,1,41,10,T0.5_P0.5,0.5,0.5,32,1,-0.0,22.0,0.0,0.0,-41,0.0,22.0,0.0,1-18
black-pos-155,1,41,10,T0.5_P0.9,0.5,0.9,32,4,1.5285444354844686,19.631142038935664,0.0,0.0,-41,0.2133023544882269,19.631142038935664,0.0,1-18
black-pos-155,1,41,10,T0.5_P0.95,0.5,0.95,32,5,1.6912810540864407,20.874702427851084,0.0,0.0,-41,0.20600890691316334,20.874702427851084,0.0,1-18
black-pos-155,1,41,10,T0.5_P1,0.5,1.0,32,32,1.9288474905384243,21.51951761399962,0.00018496930157189294,0.00018492510364266865,-41,0.19894678462333987,21.51951761399962,0.0,1-18
black-pos-155,1,41,10,T0.9_P0.5,0.9,0.5,32,2,0.9428763250439294,14.074876701002623,0.0,0.0,-41,0.3602328772271534,14.074876701002623,0.0,1-18
black-pos-155,1,41,10,T0.9_P0.9,0.9,0.9,32,7,2.4118630744710896,23.44307378694671,0.0,0.0,-41,0.21022547744514525,23.44307378694671,0.0,1-18
black-pos-155,1,41,10,T0.9_P0.95,0.9,0.95,32,9,2.641340355646434,25.036272851799048,0.0,0.0,-41,0.19863673363269238,25.036272851799048,0.0,1-18
black-pos-155,1,41,10,T0.9_P1,0.9,1.0,32,32,2.8947103706340505,27.035813429868597,0.004829325961899681,0.004790912783706443,-41,0.19088748869001787,27.035813429868597,0.0,1-18
black-pos-155,1,41,10,T1_P0.5,1.0,0.5,32,3,1.5117227143309564,19.33979603031983,0.0,0.0,-41,0.2878344937615925,19.33979603031983,0.0,1-18
black-pos-155,1,41,10,T1_P0.9,1.0,0.9,32,8,2.615846391522844,24.726377810521583,0.0,0.0,-41,0.19968944971177857,24.726377810521583,0.0,1-18
black-pos-155,1,41,10,T1_P0.95,1.0,0.95,32,10,2.8025973679218983,26.227864035214033,0.0,0.0,-41,0.19085286814634042,26.227864035214033,0.0,1-18
black-pos-155,1,41,10,T1_P1,1.0,1.0,32,32,3.060339685643498,28.653454388028017,0.007270688481860361,0.007184321206433111,-41,0.18323849688706434,28.653454388028017,0.0,1-18
black-pos-156,2,25,10,argmax,0.0,0.0,31,1,-0.0,0.0,0.0,0.0,135,1.0,0.0,0.0,2-17
black-pos-156,2,25,10,T0.5_P0.5,0.5,0.5,31,1,-0.0,0.0,0.0,0.0,135,1.0,0.0,0.0,2-17
black-pos-156,2,25,10,T0.5_P0.9,0.5,0.9,31,1,-0.0,0.0,0.0,0.0,135,1.0,0.0,0.0,2-17
black-pos-156,2,25,10,T0.5_P0.95,0.5,0.95,31,1,-0.0,0.0,0.0,0.0,135,1.0,0.0,0.0,2-17
black-pos-156,2,25,10,T0.5_P1,0.5,1.0,31,31,0.05011547067781827,1.6529772988461773,0.0056222677780486275,0.0056222677780486275,135,0.9943777322219512,1.6529772988461773,0.0,2-17
black-pos-156,2,25,10,T0.9_P0.5,0.9,0.5,31,1,-0.0,0.0,0.0,0.0,135,1.0,0.0,0.0,2-17
black-pos-156,2,25,10,T0.9_P0.9,0.9,0.9,31,1,-0.0,0.0,0.0,0.0,135,1.0,0.0,0.0,2-17
black-pos-156,2,25,10,T0.9_P0.95,0.9,0.95,31,2,0.3006343604938074,15.697215429128363,0.05339188921472232,0.05339188921472232,135,0.9466081107852777,15.697215429128363,0.0,2-17
black-pos-156,2,25,10,T0.9_P1,0.9,1.0,31,31,0.3064814163805163,15.86856245740329,0.053738728695942276,0.053738728695942276,135,0.9462612713040578,15.86856245740329,0.0,2-17
black-pos-156,2,25,10,T1_P0.5,1.0,0.5,31,1,-0.0,0.0,0.0,0.0,135,1.0,0.0,0.0,2-17
black-pos-156,2,25,10,T1_P0.9,1.0,0.9,31,1,-0.0,0.0,0.0,0.0,135,1.0,0.0,0.0,2-17
black-pos-156,2,25,10,T1_P0.95,1.0,0.95,31,2,0.36567728083409357,20.560594210115195,0.06993399391195644,0.06993399391195644,135,0.9300660060880435,20.560594210115195,0.0,2-17
black-pos-156,2,25,10,T1_P1,1.0,1.0,31,31,0.3803780469408315,21.022857025598682,0.07086932686822471,0.07086932686822471,135,0.9291306731317753,21.022857025598682,0.0,2-17
black-pos-157,2,41,10,argmax,0.0,0.0,36,1,-0.0,173.0,1.0,0.0,-208,0.0,173.0,0.0,2-20
black-pos-157,2,41,10,T0.5_P0.5,0.5,0.5,36,1,-0.0,173.0,1.0,0.0,-208,0.0,173.0,0.0,2-20
black-pos-157,2,41,10,T0.5_P0.9,0.5,0.9,36,3,0.9287916610059103,156.77730813674808,0.8846755811963254,0.0,-208,0.0,156.77730813674808,0.0,2-20
black-pos-157,2,41,10,T0.5_P0.95,0.5,0.95,36,4,1.2386375885419556,145.29662293657316,0.8198914490237174,0.0,-208,0.0732292532421909,145.29662293657316,0.0,2-20
black-pos-157,2,41,10,T0.5_P1,0.5,1.0,36,36,1.3854412707425787,145.54532357670595,0.8215572202736866,0.0004844328545111092,-208,0.07162881517280063,145.54532357670595,0.0,2-20
black-pos-157,2,41,10,T0.9_P0.5,0.9,0.5,36,2,0.8186106778714377,148.04143307804176,0.7453207456943036,0.0,-208,0.0,148.04143307804176,0.0,2-20
black-pos-157,2,41,10,T0.9_P0.9,0.9,0.9,36,5,1.9822032196191977,124.58105185740936,0.697100116602063,0.0,-208,0.13560150625025896,124.58105185740936,0.0,2-20
black-pos-157,2,41,10,T0.9_P0.95,0.9,0.95,36,6,2.0736759273024776,123.65737175948605,0.6850828552448411,0.0,-208,0.13326388113410575,123.65737175948605,0.0,2-20
black-pos-157,2,41,10,T0.9_P1,0.9,1.0,36,36,2.3833215799444685,125.49580920477061,0.6879569197970538,0.011923703611165364,-208,0.12765374845000602,125.49580920477061,0.0,2-20
black-pos-157,2,41,10,T1_P0.5,1.0,0.5,36,2,0.8493761051604737,145.99189592465996,0.7244071012720404,0.0,-208,0.0,145.99189592465996,0.0,2-20
black-pos-157,2,41,10,T1_P0.9,1.0,0.9,36,5,2.046095069347667,121.95247723176041,0.6820359647695112,0.0,-208,0.1439986372091155,121.95247723176041,0.0,2-20
black-pos-157,2,41,10,T1_P0.95,1.0,0.95,36,8,2.2740180551684848,122.07982901486119,0.6735271153092544,0.010088379765910892,-208,0.13793738032127725,122.07982901486119,0.0,2-20
black-pos-157,2,41,10,T1_P1,1.0,1.0,36,36,2.578458546143968,123.83760205067186,0.672716141182047,0.017635644370900296,-208,0.13204388520625035,123.83760205067186,0.0,2-20
black-pos-158,2,61,10,argmax,0.0,0.0,25,1,-0.0,65.0,0.0,0.0,105,0.0,65.0,0.0,2-27
black-pos-158,2,61,10,T0.5_P0.5,0.5,0.5,25,1,-0.0,65.0,0.0,0.0,105,0.0,65.0,0.0,2-27
black-pos-158,2,61,10,T0.5_P0.9,0.5,0.9,25,1,-0.0,65.0,0.0,0.0,105,0.0,65.0,0.0,2-27
black-pos-158,2,61,10,T0.5_P0.95,0.5,0.95,25,1,-0.0,65.0,0.0,0.0,105,0.0,65.0,0.0,2-27
black-pos-158,2,61,10,T0.5_P1,0.5,1.0,25,25,0.0389916051092841,65.0596034180599,7.774131017041545e-05,2.0329565202915237e-05,105,0.00012813263656096858,65.0596034180599,0.0,2-27
black-pos-158,2,61,10,T0.9_P0.5,0.9,0.5,25,1,-0.0,65.0,0.0,0.0,105,0.0,65.0,0.0,2-27
black-pos-158,2,61,10,T0.9_P0.9,0.9,0.9,25,1,-0.0,65.0,0.0,0.0,105,0.0,65.0,0.0,2-27
black-pos-158,2,61,10,T0.9_P0.95,0.9,0.95,25,3,0.29873867120390135,66.06126387995278,0.0,0.0,105,0.0,66.06126387995278,0.0,2-27
black-pos-158,2,61,10,T0.9_P1,0.9,1.0,25,25,0.6574148577438179,67.27989994238439,0.0077591329358191454,0.003477601896143299,105,0.006313912766139795,67.27989994238439,0.0,2-27
black-pos-158,2,61,10,T1_P0.5,1.0,0.5,25,1,-0.0,65.0,0.0,0.0,105,0.0,65.0,0.0,2-27
black-pos-158,2,61,10,T1_P0.9,1.0,0.9,25,2,0.2185213092710795,65.62865971973103,0.0,0.0,105,0.0,65.62865971973103,0.0,2-27
black-pos-158,2,61,10,T1_P0.95,1.0,0.95,25,4,0.553700801107047,66.58692795208562,0.0,0.0,105,0.0,66.58692795208562,0.0,2-27
black-pos-158,2,61,10,T1_P1,1.0,1.0,25,25,0.918709977856547,68.87250661341531,0.013760380581515828,0.006589291606306718,105,0.009922095181989487,68.87250661341531,0.0,2-27
black-pos-159,0,25,10,argmax,0.0,0.0,26,1,-0.0,0.0,0.0,0.0,114,1.0,0.0,0.0,0-18
black-pos-159,0,25,10,T0.5_P0.5,0.5,0.5,26,1,-0.0,0.0,0.0,0.0,114,1.0,0.0,0.0,0-18
black-pos-159,0,25,10,T0.5_P0.9,0.5,0.9,26,1,-0.0,0.0,0.0,0.0,114,1.0,0.0,0.0,0-18
black-pos-159,0,25,10,T0.5_P0.95,0.5,0.95,26,1,-0.0,0.0,0.0,0.0,114,1.0,0.0,0.0,0-18
black-pos-159,0,25,10,T0.5_P1,0.5,1.0,26,26,0.0002521546414621135,0.002663960153665585,1.393414815525012e-05,2.339136836756707e-08,114,0.9999857826242188,0.002663960153665585,0.0,0-18
black-pos-159,0,25,10,T0.9_P0.5,0.9,0.5,26,1,-0.0,0.0,0.0,0.0,114,1.0,0.0,0.0,0-18
black-pos-159,0,25,10,T0.9_P0.9,0.9,0.9,26,1,-0.0,0.0,0.0,0.0,114,1.0,0.0,0.0,0-18
black-pos-159,0,25,10,T0.9_P0.95,0.9,0.95,26,1,-0.0,0.0,0.0,0.0,114,1.0,0.0,0.0,0-18
black-pos-159,0,25,10,T0.9_P1,0.9,1.0,26,26,0.028530669925242176,0.4351229249517883,0.002141142737911935,8.332855808328355e-05,114,0.9974970998034344,0.4351229249517883,0.0,0-18
black-pos-159,0,25,10,T1_P0.5,1.0,0.5,26,1,-0.0,0.0,0.0,0.0,114,1.0,0.0,0.0,0-18
black-pos-159,0,25,10,T1_P0.9,1.0,0.9,26,1,-0.0,0.0,0.0,0.0,114,1.0,0.0,0.0,0-18
black-pos-159,0,25,10,T1_P0.95,1.0,0.95,26,1,-0.0,0.0,0.0,0.0,114,1.0,0.0,0.0,0-18
black-pos-159,0,25,10,T1_P1,1.0,1.0,26,26,0.05406000418397193,0.8597291195293654,0.004127393339740643,0.0002385527876172903,114,0.9949627564397949,0.8597291195293654,0.0,0-18
black-pos-160,0,41,10,argmax,0.0,0.0,36,1,-0.0,51.0,0.0,0.0,12,0.0,51.0,0.0,0-18
black-pos-160,0,41,10,T0.5_P0.5,0.5,0.5,36,1,-0.0,51.0,0.0,0.0,12,0.0,51.0,0.0,0-18
black-pos-160,0,41,10,T0.5_P0.9,0.5,0.9,36,3,1.1466714606086321,59.5710882775222,0.04101963159978694,0.04101963159978694,12,0.0,59.5710882775222,0.0,0-18
black-pos-160,0,41,10,T0.5_P0.95,0.5,0.95,36,4,1.3112109917288346,59.27261821015826,0.039740452905386456,0.039740452905386456,12,0.0,59.27261821015826,0.0,0-18
black-pos-160,0,41,10,T0.5_P1,0.5,1.0,36,36,1.5999135318380924,60.00717105750455,0.058985170506826154,0.03838553560554716,12,0.009280534162155468,60.00717105750455,0.0,0-18
black-pos-160,0,41,10,T0.9_P0.5,0.9,0.5,36,2,0.9803427675262034,48.07645666176728,0.0,0.0,12,0.0,48.07645666176728,0.0,0-18
black-pos-160,0,41,10,T0.9_P0.9,0.9,0.9,36,6,2.1176603639766265,77.23902627532684,0.15516616237080585,0.0923823287124464,12,0.0,77.23902627532684,0.0,0-18
black-pos-160,0,41,10,T0.9_P0.95,0.9,0.95,36,8,2.355798596161443,74.49173178129413,0.14660470188983854,0.08728503401670444,12,0.03987858288985336,74.49173178129413,0.0,0-18
black-pos-160,0,41,10,T0.9_P1,0.9,1.0,36,36,2.6750285449450173,79.99262802944874,0.18405847653120488,0.09431814358136562,12,0.038109036085849736,79.99262802944874,0.0,0-18
black-pos-160,0,41,10,T1_P0.5,1.0,0.5,36,2,0.9840361999494944,48.01970908334074,0.0,0.0,12,0.0,48.01970908334074,0.0,0-18
black-pos-160,0,41,10,T1_P0.9,1.0,0.9,36,7,2.368067722067863,76.23182636651477,0.16405119758977163,0.09614038842410344,12,0.04750352205880589,76.23182636651477,0.0,0-18
black-pos-160,0,41,10,T1_P0.95,1.0,0.95,36,10,2.580722151827023,78.69303587881998,0.17919437925188555,0.09218719494369744,12,0.045550226292298324,78.69303587881998,0.0,0-18
black-pos-160,0,41,10,T1_P1,1.0,1.0,36,36,2.892627864851734,84.8055829852236,0.2143319569235794,0.10501250009435142,12,0.04355898433553925,84.8055829852236,0.0,0-18
black-pos-161,0,61,10,argmax,0.0,0.0,29,1,-0.0,10.0,0.0,0.0,568,0.0,10.0,0.0,0-25
black-pos-161,0,61,10,T0.5_P0.5,0.5,0.5,29,2,0.8975817284776231,6.861376103960417,0.0,0.0,568,0.3138623896039583,6.861376103960417,0.0,0-25
black-pos-161,0,61,10,T0.5_P0.9,0.5,0.9,29,5,2.054504010860828,7.976609326145455,0.0,0.0,568,0.18890063241121904,7.976609326145455,0.0,0-25
black-pos-161,0,61,10,T0.5_P0.95,0.5,0.95,29,7,2.318582876909408,9.447004933510627,0.0,0.0,568,0.1775570293821473,9.447004933510627,0.0,0-25
black-pos-161,0,61,10,T0.5_P1,0.5,1.0,29,29,2.5541065547013084,10.116870967924449,5.128127220271829e-05,7.95761202848896e-06,568,0.17008120919614228,10.116870967924449,0.0,0-25
black-pos-161,0,61,10,T0.9_P0.5,0.9,0.5,29,3,1.5515519813021084,6.330161355735129,0.0,0.0,568,0.2829466801908068,6.330161355735129,0.0,0-25
black-pos-161,0,61,10,T0.9_P0.9,0.9,0.9,29,8,2.7732945224030012,11.916268144692994,0.0,0.0,568,0.16856864747082678,11.916268144692994,0.0,0-25
black-pos-161,0,61,10,T0.9_P0.95,0.9,0.95,29,10,3.009846366586411,13.19665792047541,0.0,0.0,568,0.15720408131224783,13.19665792047541,0.0,0-25
black-pos-161,0,61,10,T0.9_P1,0.9,1.0,29,29,3.205328912342103,15.038504925064068,0.0033056637874913832,0.0011936398299845334,568,0.15205659140219943,15.038504925064068,0.0,0-25
black-pos-161,0,61,10,T1_P0.5,1.0,0.5,29,3,1.5580484383770987,6.26090184146028,0.0,0.0,568,0.2882204212131532,6.26090184146028,0.0,0-25
black-pos-161,0,61,10,T1_P0.9,1.0,0.9,29,9,2.9450499270336716,12.181374713415753,0.0,0.0,568,0.1590721753553826,12.181374713415753,0.0,0-25
black-pos-161,0,61,10,T1_P0.95,1.0,0.95,29,10,3.063894072131529,13.752234071606745,0.0,0.0,568,0.1532363967984495,13.752234071606745,0.0,0-25
black-pos-161,0,61,10,T1_P1,1.0,1.0,29,29,3.315975466253521,16.706851785384153,0.005587881590528229,0.002219988316746308,568,0.14642685774923472,16.706851785384153,0.0,0-25
black-pos-162,1,25,10,argmax,0.0,0.0,39,1,-0.0,0.0,0.0,0.0,-43,1.0,0.0,0.0,1-18
black-pos-162,1,25,10,T0.5_P0.5,0.5,0.5,39,1,-0.0,0.0,0.0,0.0,-43,1.0,0.0,0.0,1-18
black-pos-162,1,25,10,T0.5_P0.9,0.5,0.9,39,1,-0.0,0.0,0.0,0.0,-43,1.0,0.0,0.0,1-18
black-pos-162,1,25,10,T0.5_P0.95,0.5,0.95,39,1,-0.0,0.0,0.0,0.0,-43,1.0,0.0,0.0,1-18
black-pos-162,1,25,10,T0.5_P1,0.5,1.0,39,39,0.12549048142215477,1.5162080211336875,7.420333464259547e-06,7.420333464259547e-06,-43,0.9828062713110435,1.5162080211336875,0.0,1-18
black-pos-162,1,25,10,T0.9_P0.5,0.9,0.5,39,1,-0.0,0.0,0.0,0.0,-43,1.0,0.0,0.0,1-18
black-pos-162,1,25,10,T0.9_P0.9,0.9,0.9,39,1,-0.0,0.0,0.0,0.0,-43,1.0,0.0,0.0,1-18
black-pos-162,1,25,10,T0.9_P0.95,0.9,0.95,39,2,0.45465388345976976,8.406373304072032,0.0,0.0,-43,0.904473030635545,8.406373304072032,0.0,1-18
black-pos-162,1,25,10,T0.9_P1,0.9,1.0,39,39,0.4898485920044441,9.84610595202384,0.0028553874409836012,0.0028553874409836012,-43,0.9018904097031603,9.84610595202384,0.0,1-18
black-pos-162,1,25,10,T1_P0.5,1.0,0.5,39,1,-0.0,0.0,0.0,0.0,-43,1.0,0.0,0.0,1-18
black-pos-162,1,25,10,T1_P0.9,1.0,0.9,39,2,0.5200737392748663,10.277847303928688,0.0,0.0,-43,0.883206280637174,10.277847303928688,0.0,1-18
black-pos-162,1,25,10,T1_P0.95,1.0,0.95,39,2,0.5200737392748663,10.277847303928688,0.0,0.0,-43,0.883206280637174,10.277847303928688,0.0,1-18
black-pos-162,1,25,10,T1_P1,1.0,1.0,39,39,0.5887606427271009,13.329772597943187,0.006068039323707632,0.006068039323707632,-43,0.8778469501953219,13.329772597943187,0.0,1-18
black-pos-163,1,41,10,argmax,0.0,0.0,28,1,-0.0,0.0,0.0,0.0,481,1.0,0.0,0.0,1-19
black-pos-163,1,41,10,T0.5_P0.5,0.5,0.5,28,1,-0.0,0.0,0.0,0.0,481,1.0,0.0,0.0,1-19
black-pos-163,1,41,10,T0.5_P0.9,0.5,0.9,28,1,-0.0,0.0,0.0,0.0,481,1.0,0.0,0.0,1-19
black-pos-163,1,41,10,T0.5_P0.95,0.5,0.95,28,1,-0.0,0.0,0.0,0.0,481,1.0,0.0,0.0,1-19
black-pos-163,1,41,10,T0.5_P1,0.5,1.0,28,28,1.060999386438148e-05,0.00013516553984660638,4.3817695266808006e-07,4.3809738460497557e-07,481,0.9999995618230476,0.00013516553984660638,0.0,1-19
black-pos-163,1,41,10,T0.9_P0.5,0.9,0.5,28,1,-0.0,0.0,0.0,0.0,481,1.0,0.0,0.0,1-19
black-pos-163,1,41,10,T0.9_P0.9,0.9,0.9,28,1,-0.0,0.0,0.0,0.0,481,1.0,0.0,0.0,1-19
black-pos-163,1,41,10,T0.9_P0.95,0.9,0.95,28,1,-0.0,0.0,0.0,0.0,481,1.0,0.0,0.0,1-19
black-pos-163,1,41,10,T0.9_P1,0.9,1.0,28,28,0.008978360351322516,0.18742492751649603,0.0005964116039847905,0.0005939623132710348,481,0.9994035883960156,0.18742492751649603,0.0,1-19
black-pos-163,1,41,10,T1_P0.5,1.0,0.5,28,1,-0.0,0.0,0.0,0.0,481,1.0,0.0,0.0,1-19
black-pos-163,1,41,10,T1_P0.9,1.0,0.9,28,1,-0.0,0.0,0.0,0.0,481,1.0,0.0,0.0,1-19
black-pos-163,1,41,10,T1_P0.95,1.0,0.95,28,1,-0.0,0.0,0.0,0.0,481,1.0,0.0,0.0,1-19
black-pos-163,1,41,10,T1_P1,1.0,1.0,28,28,0.021487941323344962,0.49096172618185896,0.0015436420280961689,0.0015347357023528286,481,0.9984563579719041,0.49096172618185896,0.0,1-19
black-pos-164,2,25,10,argmax,0.0,0.0,24,1,-0.0,0.0,0.0,0.0,-907,1.0,0.0,0.0,2-18
black-pos-164,2,25,10,T0.5_P0.5,0.5,0.5,24,1,-0.0,0.0,0.0,0.0,-907,1.0,0.0,0.0,2-18
black-pos-164,2,25,10,T0.5_P0.9,0.5,0.9,24,2,0.32028519512258874,529.216510782649,0.058206831366327434,0.058206831366327434,-907,0.9417931686336726,58.206831366327435,0.058206831366327434,2-18
black-pos-164,2,25,10,T0.5_P0.95,0.5,0.95,24,3,0.5834269577206221,941.6817226256392,0.10357256078152652,0.10357256078152652,-907,0.8964274392184735,103.57256078152652,0.10357256078152652,2-18
black-pos-164,2,25,10,T0.5_P1,0.5,1.0,24,24,0.7933690734534289,1183.6742455519757,0.1304558604047525,0.13018436139931006,-907,0.8695441395952472,130.2237287550992,0.13018436139931008,2-18
black-pos-164,2,25,10,T0.9_P0.5,0.9,0.5,24,1,-0.0,0.0,0.0,0.0,-907,1.0,0.0,0.0,2-18
black-pos-164,2,25,10,T0.9_P0.9,0.9,0.9,24,4,1.4883915658684626,3212.831082471419,0.3533690147900813,0.3533690147900813,-907,0.6466309852099187,353.3690147900813,0.3533690147900813,2-18
black-pos-164,2,25,10,T0.9_P0.95,0.9,0.95,24,6,1.7229650749138608,3467.386377796084,0.38136859818471164,0.38136859818471164,-907,0.6186314018152883,381.36859818471163,0.38136859818471164,2-18
black-pos-164,2,25,10,T0.9_P1,0.9,1.0,24,24,1.9677541454410465,3602.780391894933,0.40289077908482474,0.3961526273933353,-907,0.5971092209151753,397.12965938860134,0.3961526273933353,2-18
black-pos-164,2,25,10,T1_P0.5,1.0,0.5,24,1,-0.0,0.0,0.0,0.0,-907,1.0,0.0,0.0,2-18
black-pos-164,2,25,10,T1_P0.9,1.0,0.9,24,5,1.7424585486581265,3760.677106107399,0.41362484669021105,0.41362484669021105,-907,0.586375153309789,413.62484669021103,0.41362484669021105,2-18
black-pos-164,2,25,10,T1_P0.95,1.0,0.95,24,7,1.9491371142900116,3966.5565915251673,0.436271302827461,0.436271302827461,-907,0.5637286971725389,436.27130282746106,0.436271302827461,2-18
black-pos-164,2,25,10,T1_P1,1.0,1.0,24,24,2.1872231186556896,4057.0421168750077,0.4556880740850665,0.4460700434702479,-907,0.5443119259149335,447.4646579093966,0.446070043470248,2-18
black-pos-165,2,41,10,argmax,0.0,0.0,35,1,-0.0,19.0,0.0,0.0,49,0.0,19.0,0.0,2-21
black-pos-165,2,41,10,T0.5_P0.5,0.5,0.5,35,2,0.964486294376969,17.44193724346709,0.0,0.0,49,0.0,17.44193724346709,0.0,2-21
black-pos-165,2,41,10,T0.5_P0.9,0.5,0.9,35,5,2.0956193381489197,20.248498803938983,0.0,0.0,49,0.0,20.248498803938983,0.0,2-21
black-pos-165,2,41,10,T0.5_P0.95,0.5,0.95,35,6,2.2517240204593554,19.574813603527904,0.0,0.0,49,0.0,19.574813603527904,0.0,2-21
black-pos-165,2,41,10,T0.5_P1,0.5,1.0,35,35,2.482854872356216,19.69297769693334,4.422361566049189e-05,1.5679949833949344e-05,49,0.0013957996041318902,19.69297769693334,0.0,2-21
black-pos-165,2,41,10,T0.9_P0.5,0.9,0.5,35,3,1.5703929971752557,20.351973317923054,0.0,0.0,49,0.0,20.351973317923054,0.0,2-21
black-pos-165,2,41,10,T0.9_P0.9,0.9,0.9,35,8,2.7481476197873325,19.487043093899445,0.0,0.0,49,0.0,19.487043093899445,0.0,2-21
black-pos-165,2,41,10,T0.9_P0.95,0.9,0.95,35,10,2.889600295068828,18.9917978803059,0.0,0.0,49,0.011309925848263869,18.9917978803059,0.0,2-21
black-pos-165,2,41,10,T0.9_P1,0.9,1.0,35,35,3.1977963398893494,20.622098375133515,0.002557561491520778,0.0013196826466579411,49,0.010744483478487643,20.622098375133515,0.0,2-21
black-pos-165,2,41,10,T1_P0.5,1.0,0.5,35,3,1.5732013841317771,20.382407659290124,0.0,0.0,49,0.0,20.382407659290124,0.0,2-21
black-pos-165,2,41,10,T1_P0.9,1.0,0.9,35,9,2.8835011467959064,19.11822959588087,0.0,0.0,49,0.0,19.11822959588087,0.0,2-21
black-pos-165,2,41,10,T1_P0.95,1.0,0.95,35,12,3.076034755541597,19.13704595302496,0.0,0.0,49,0.014075529779071273,19.13704595302496,0.0,2-21
black-pos-165,2,41,10,T1_P1,1.0,1.0,35,35,3.343205798784213,21.40933571557616,0.0042792250686714646,0.0023520193613991726,49,0.013476736418528775,21.40933571557616,0.0,2-21
black-pos-166,2,61,10,argmax,0.0,0.0,22,1,-0.0,30.0,0.0,0.0,-397,0.0,30.0,0.0,2-28
black-pos-166,2,61,10,T0.5_P0.5,0.5,0.5,22,1,-0.0,30.0,0.0,0.0,-397,0.0,30.0,0.0,2-28
black-pos-166,2,61,10,T0.5_P0.9,0.5,0.9,22,1,-0.0,30.0,0.0,0.0,-397,0.0,30.0,0.0,2-28
black-pos-166,2,61,10,T0.5_P0.95,0.5,0.95,22,2,0.19408555811133685,29.101831766351427,0.0,0.0,-397,0.029938941121619086,29.101831766351427,0.0,2-28
black-pos-166,2,61,10,T0.5_P1,0.5,1.0,22,22,0.4429587830406972,29.534182435755675,0.0029683297779895266,0.0,-397,0.029477430333349885,29.534182435755675,0.0,2-28
black-pos-166,2,61,10,T0.9_P0.5,0.9,0.5,22,1,-0.0,30.0,0.0,0.0,-397,0.0,30.0,0.0,2-28
black-pos-166,2,61,10,T0.9_P0.9,0.9,0.9,22,4,1.158119153940959,26.670823479238667,0.0,0.0,-397,0.10941950089169966,26.670823479238667,0.0,2-28
black-pos-166,2,61,10,T0.9_P0.95,0.9,0.95,22,6,1.3982004079496229,31.070310431628744,0.02836990484336316,0.0,-397,0.10484261742749168,31.070310431628744,0.0,2-28
black-pos-166,2,61,10,T0.9_P1,0.9,1.0,22,22,1.7113707616736775,30.905549680730612,0.033884465100569396,0.0,-397,0.11125645900564635,30.905549680730612,0.0,2-28
black-pos-166,2,61,10,T1_P0.5,1.0,0.5,22,1,-0.0,30.0,0.0,0.0,-397,0.0,30.0,0.0,2-28
black-pos-166,2,61,10,T1_P0.9,1.0,0.9,22,5,1.4676920869372152,31.670528348224387,0.03723414844198821,0.0,-397,0.12074062062319461,31.670528348224387,0.0,2-28
black-pos-166,2,61,10,T1_P0.95,1.0,0.95,22,7,1.6660041602733917,31.382055477440666,0.03596565158687393,0.0,-397,0.1323120187313849,31.382055477440666,0.0,2-28
black-pos-166,2,61,10,T1_P1,1.0,1.0,22,22,1.9973624479899261,31.63334422858831,0.044096566881013745,0.0,-397,0.1260807831561527,31.63334422858831,0.0,2-28
black-pos-167,0,25,10,argmax,0.0,0.0,35,1,-0.0,0.0,0.0,0.0,-221,1.0,0.0,0.0,0-19
black-pos-167,0,25,10,T0.5_P0.5,0.5,0.5,35,1,-0.0,0.0,0.0,0.0,-221,1.0,0.0,0.0,0-19
black-pos-167,0,25,10,T0.5_P0.9,0.5,0.9,35,1,-0.0,0.0,0.0,0.0,-221,1.0,0.0,0.0,0-19
black-pos-167,0,25,10,T0.5_P0.95,0.5,0.95,35,1,-0.0,0.0,0.0,0.0,-221,1.0,0.0,0.0,0-19
black-pos-167,0,25,10,T0.5_P1,0.5,1.0,35,35,0.2935569688235845,3.8634955512214746,0.009577298493626981,0.0034104741760671935,-221,0.9582107566064838,3.8634955512214746,0.0,0-19
black-pos-167,0,25,10,T0.9_P0.5,0.9,0.5,35,1,-0.0,0.0,0.0,0.0,-221,1.0,0.0,0.0,0-19
black-pos-167,0,25,10,T0.9_P0.9,0.9,0.9,35,2,0.5619432658012334,9.347078296556518,0.0,0.0,-221,0.8683510099076548,9.347078296556518,0.0,0-19
black-pos-167,0,25,10,T0.9_P0.95,0.9,0.95,35,3,0.8202398415780503,14.379636506997008,0.04999912695299652,0.0,-221,0.8249342175235193,14.379636506997008,0.0,0-19
black-pos-167,0,25,10,T0.9_P1,0.9,1.0,35,35,1.121188728452082,25.081537234997054,0.08939376238294677,0.04141765806944792,-221,0.7866975989041978,25.081537234997054,0.0,0-19
black-pos-167,0,25,10,T1_P0.5,1.0,0.5,35,1,-0.0,0.0,0.0,0.0,-221,1.0,0.0,0.0,0-19
black-pos-167,0,25,10,T1_P0.9,1.0,0.9,35,3,0.923320084411485,17.274749475742645,0.0635010036110142,0.0,-221,0.7915745023251677,17.274749475742645,0.0,0-19
black-pos-167,0,25,10,T1_P0.95,1.0,0.95,35,4,1.1447174141746008,28.204470426734744,0.10515595229690569,0.0444794376144634,-221,0.7563657136317955,28.204470426734744,0.0,0-19
black-pos-167,0,25,10,T1_P1,1.0,1.0,35,35,1.3215706265677176,31.873164427360535,0.11680463465722662,0.05674002571837606,-221,0.7403540767371123,31.873164427360535,0.0,0-19
black-pos-168,0,41,10,argmax,0.0,0.0,39,1,-0.0,40.0,0.0,0.0,-282,0.0,40.0,0.0,0-19
black-pos-168,0,41,10,T0.5_P0.5,0.5,0.5,39,1,-0.0,40.0,0.0,0.0,-282,0.0,40.0,0.0,0-19
black-pos-168,0,41,10,T0.5_P0.9,0.5,0.9,39,2,0.6466850819746799,90.23112222439785,0.16523395468551924,0.16523395468551924,-282,0.0,90.23112222439785,0.0,0-19
black-pos-168,0,41,10,T0.5_P0.95,0.5,0.95,39,2,0.6466850819746799,90.23112222439785,0.16523395468551924,0.16523395468551924,-282,0.0,90.23112222439785,0.0,0-19
black-pos-168,0,41,10,T0.5_P1,0.5,1.0,39,39,0.8972386529804033,91.85470665123441,0.16891418667634042,0.16891418667634042,-282,0.01974473431636972,91.85470665123441,0.0,0-19
black-pos-168,0,41,10,T0.9_P0.5,0.9,0.5,39,1,-0.0,40.0,0.0,0.0,-282,0.0,40.0,0.0,0-19
black-pos-168,0,41,10,T0.9_P0.9,0.9,0.9,39,4,1.4245053625003863,135.38933570632543,0.299523607776328,0.299523607776328,-282,0.07911451016431119,135.38933570632543,0.0,0-19
black-pos-168,0,41,10,T0.9_P0.95,0.9,0.95,39,6,1.6616799271500078,134.28991855745204,0.2991248419195388,0.2991248419195388,-282,0.07560781510310867,134.28991855745204,0.0,0-19
black-pos-168,0,41,10,T0.9_P1,0.9,1.0,39,39,1.9925747516484982,141.13687431515768,0.31545449766845407,0.31545449766845407,-282,0.07233822825001165,141.13687431515768,0.0,0-19
black-pos-168,0,41,10,T1_P0.5,1.0,0.5,39,1,-0.0,40.0,0.0,0.0,-282,0.0,40.0,0.0,0-19
black-pos-168,0,41,10,T1_P0.9,1.0,0.9,39,5,1.6923538432247476,139.19914459442563,0.3065256018859326,0.3065256018859326,-282,0.08839456391003113,139.19914459442563,0.0,0-19
black-pos-168,0,41,10,T1_P0.95,1.0,0.95,39,7,1.881070077410783,139.06595913085138,0.31360304361441643,0.31360304361441643,-282,0.08542722293614272,139.06595913085138,0.0,0-19
black-pos-168,0,41,10,T1_P1,1.0,1.0,39,39,2.249831362402008,151.09855380597932,0.34355446920799565,0.34355446920799565,-282,0.08119765723019445,151.09855380597932,0.0,0-19
black-pos-169,0,61,10,argmax,0.0,0.0,24,1,-0.0,0.0,0.0,0.0,74,1.0,0.0,0.0,0-27
black-pos-169,0,61,10,T0.5_P0.5,0.5,0.5,24,1,-0.0,0.0,0.0,0.0,74,1.0,0.0,0.0,0-27
black-pos-169,0,61,10,T0.5_P0.9,0.5,0.9,24,4,1.4261099438237057,8.864599239320432,0.0,0.0,74,0.6744365357095584,8.864599239320432,0.0,0-27
black-pos-169,0,61,10,T0.5_P0.95,0.5,0.95,24,5,1.662410528581553,10.37603571449956,0.0,0.0,74,0.6354331934765781,10.37603571449956,0.0,0-27
black-pos-169,0,61,10,T0.5_P1,0.5,1.0,24,24,1.8297873628467691,11.658926350142039,0.000147448291798444,0.000147448291798444,74,0.6189484401957136,11.658926350142039,0.0,0-27
black-pos-169,0,61,10,T0.9_P0.5,0.9,0.5,24,2,0.8394629380500533,9.669958583291425,0.0,0.0,74,0.7313900393530159,9.669958583291425,0.0,0-27
black-pos-169,0,61,10,T0.9_P0.9,0.9,0.9,24,6,2.2982182082868094,16.79470866268216,0.0,0.0,74,0.405619326465164,16.79470866268216,0.0,0-27
black-pos-169,0,61,10,T0.9_P0.95,0.9,0.95,24,7,2.4555597389342054,20.340229230195405,0.0,0.0,74,0.38812493357186545,20.340229230195405,0.0,0-27
black-pos-169,0,61,10,T0.9_P1,0.9,1.0,24,24,2.673590065752482,23.797868864436687,0.0068770198509822845,0.0068770198509822845,74,0.37587304754583456,23.797868864436687,0.0,0-27
black-pos-169,0,61,10,T1_P0.5,1.0,0.5,24,3,1.4399268433708006,10.977257655706374,0.0,0.0,74,0.5521970318398147,10.977257655706374,0.0,0-27
black-pos-169,0,61,10,T1_P0.9,1.0,0.9,24,6,2.3514079302220425,17.570286747237514,0.0,0.0,74,0.37781800918266983,17.570286747237514,0.0,0-27
black-pos-169,0,61,10,T1_P0.95,1.0,0.95,24,7,2.5196672368301747,21.61747473322781,0.0,0.0,74,0.3590398452106507,21.61747473322781,0.0,0-27
black-pos-169,0,61,10,T1_P1,1.0,1.0,24,24,2.8114550645673835,27.118265818655622,0.01095378826143174,0.01095378826143174,74,0.3427231967293269,27.118265818655622,0.0,0-27
black-pos-170,1,25,10,argmax,0.0,0.0,44,1,-0.0,0.0,0.0,0.0,174,1.0,0.0,0.0,1-19
black-pos-170,1,25,10,T0.5_P0.5,0.5,0.5,44,1,-0.0,0.0,0.0,0.0,174,1.0,0.0,0.0,1-19
black-pos-170,1,25,10,T0.5_P0.9,0.5,0.9,44,2,0.992666810922663,117.80294627903095,0.4496295659504998,0.4496295659504998,174,0.5503704340495003,117.80294627903095,0.0,1-19
black-pos-170,1,25,10,T0.5_P0.95,0.5,0.95,44,2,0.992666810922663,117.80294627903095,0.4496295659504998,0.4496295659504998,174,0.5503704340495003,117.80294627903095,0.0,1-19
black-pos-170,1,25,10,T0.5_P1,0.5,1.0,44,44,1.1062689166782507,118.14945272470939,0.45787331249759894,0.4459457935523253,174,0.5421266875024009,118.14945272470939,0.0,1-19
black-pos-170,1,25,10,T0.9_P0.5,0.9,0.5,44,2,0.9977286823445954,123.65107267224677,0.471950659054377,0.471950659054377,174,0.5280493409456231,123.65107267224677,0.0,1-19
black-pos-170,1,25,10,T0.9_P0.9,0.9,0.9,44,3,1.2584315718640773,123.55579187016492,0.5024235543967907,0.44471513024111764,174,0.49757644560320946,123.55579187016492,0.0,1-19
black-pos-170,1,25,10,T0.9_P0.95,0.9,0.95,44,4,1.4029717037019316,125.82288263502235,0.515782090045597,0.4596229756455042,174,0.4842179099544031,125.82288263502235,0.0,1-19
black-pos-170,1,25,10,T0.9_P1,0.9,1.0,44,44,1.6116862371860041,127.27612040067349,0.52811182062399,0.4534933168764511,174,0.4718881793760101,127.27612040067349,0.0,1-19
black-pos-170,1,25,10,T1_P0.5,1.0,0.5,44,2,0.998159682034156,124.38464598908824,0.47475055721026044,0.47475055721026044,174,0.5252494427897396,124.38464598908824,0.0,1-19
black-pos-170,1,25,10,T1_P0.9,1.0,0.9,44,3,1.2949059197390922,124.21711495351438,0.5116514571710127,0.4413974084189346,174,0.4883485428289874,124.21711495351438,0.0,1-19
black-pos-170,1,25,10,T1_P0.95,1.0,0.95,44,4,1.4680989268933193,127.14080729144186,0.5286928957907853,0.4608904363332377,174,0.4713071042092146,127.14080729144186,0.0,1-19
black-pos-170,1,25,10,T1_P1,1.0,1.0,44,44,1.7775868551590062,129.67982812788506,0.547655035741847,0.45217412679684654,174,0.45234496425815274,129.67982812788506,0.0,1-19
black-pos-171,1,41,10,argmax,0.0,0.0,21,1,-0.0,0.0,0.0,0.0,-2,1.0,0.0,0.0,1-20
black-pos-171,1,41,10,T0.5_P0.5,0.5,0.5,21,1,-0.0,0.0,0.0,0.0,-2,1.0,0.0,0.0,1-20
black-pos-171,1,41,10,T0.5_P0.9,0.5,0.9,21,2,0.5566195414694233,7.7821022887687805,0.0,0.0,-2,0.8702982951871869,7.7821022887687805,0.0,1-20
black-pos-171,1,41,10,T0.5_P0.95,0.5,0.95,21,2,0.5566195414694233,7.7821022887687805,0.0,0.0,-2,0.8702982951871869,7.7821022887687805,0.0,1-20
black-pos-171,1,41,10,T0.5_P1,0.5,1.0,21,21,0.558663007400124,7.846376241483771,0.00013332297679642218,0.00013332297679642218,-2,0.8701822644277719,7.846376241483771,0.0,1-20
black-pos-171,1,41,10,T0.9_P0.5,0.9,0.5,21,1,-0.0,0.0,0.0,0.0,-2,1.0,0.0,0.0,1-20
black-pos-171,1,41,10,T0.9_P0.9,0.9,0.9,21,2,0.8233732691445995,15.466619842061556,0.0,0.0,-2,0.7422230026323074,15.466619842061556,0.0,1-20
black-pos-171,1,41,10,T0.9_P0.95,0.9,0.95,21,2,0.8233732691445995,15.466619842061556,0.0,0.0,-2,0.7422230026323074,15.466619842061556,0.0,1-20
black-pos-171,1,41,10,T0.9_P1,0.9,1.0,21,21,0.914280117111947,20.22413131633811,0.009717516641075966,0.009717516641075966,-2,0.7350104382528386,20.22413131633811,0.0,1-20
black-pos-171,1,41,10,T1_P0.5,1.0,0.5,21,1,-0.0,0.0,0.0,0.0,-2,1.0,0.0,0.0,1-20
black-pos-171,1,41,10,T1_P0.9,1.0,0.9,21,2,0.8534306088935235,16.71138561534722,0.0,0.0,-2,0.7214769064108797,16.71138561534722,0.0,1-20
black-pos-171,1,41,10,T1_P0.95,1.0,0.95,21,2,0.8534306088935235,16.71138561534722,0.0,0.0,-2,0.7214769064108797,16.71138561534722,0.0,1-20
black-pos-171,1,41,10,T1_P1,1.0,1.0,21,21,0.9987674161436442,24.958461600986418,0.016752579124745468,0.016752579124745468,-2,0.7093903074495548,24.958461600986418,0.0,1-20
black-pos-172,2,25,10,argmax,0.0,0.0,41,1,-0.0,32.0,0.0,0.0,726,0.0,32.0,0.0,2-19
black-pos-172,2,25,10,T0.5_P0.5,0.5,0.5,41,1,-0.0,32.0,0.0,0.0,726,0.0,32.0,0.0,2-19
black-pos-172,2,25,10,T0.5_P0.9,0.5,0.9,41,2,0.926493875406134,26.53182442496099,0.0,0.0,726,0.0,26.53182442496099,0.0,2-19
black-pos-172,2,25,10,T0.5_P0.95,0.5,0.95,41,2,0.926493875406134,26.53182442496099,0.0,0.0,726,0.0,26.53182442496099,0.0,2-19
black-pos-172,2,25,10,T0.5_P1,0.5,1.0,41,41,1.138384218004447,26.682251324281705,2.457195685314317e-08,1.8814358004462097e-08,726,3.2883496481289787e-09,26.682250463127204,0.0,2-19
black-pos-172,2,25,10,T0.9_P0.5,0.9,0.5,41,2,0.9764779625552809,25.440685617539277,0.0,0.0,726,0.0,25.440685617539277,0.0,2-19
black-pos-172,2,25,10,T0.9_P0.9,0.9,0.9,41,3,1.298918238821921,26.358093687847575,0.0,0.0,726,0.0,26.358093687847575,0.0,2-19
black-pos-172,2,25,10,T0.9_P0.95,0.9,0.95,41,4,1.4781674427817677,25.57445247377752,0.0,0.0,726,0.0,25.57445247377752,0.0,2-19
black-pos-172,2,25,10,T0.9_P1,0.9,1.0,41,41,1.75159123281572,26.139260012992672,8.596042317865207e-05,6.442813470751694e-05,726,1.2405129077643763e-05,26.134996129091586,0.0,2-19
black-pos-172,2,25,10,T1_P0.5,1.0,0.5,41,2,0.9808877471775631,25.2993044456623,0.0,0.0,726,0.0,25.2993044456623,0.0,2-19
black-pos-172,2,25,10,T1_P0.9,1.0,0.9,41,4,1.5444130318455227,25.407633364852046,0.0,0.0,726,0.0,25.407633364852046,0.0,2-19
black-pos-172,2,25,10,T1_P0.95,1.0,0.95,41,5,1.7362422469522487,25.915470264473953,0.0,0.0,726,0.0,25.915470264473953,0.0,2-19
black-pos-172,2,25,10,T1_P1,1.0,1.0,41,41,1.9002369185196903,26.270373553703884,0.0002366100968764047,0.00017755482308205506,726,3.3827751975146505e-05,26.258291892898143,0.0,2-19
black-pos-173,2,41,10,argmax,0.0,0.0,35,1,-0.0,0.0,0.0,0.0,-289,1.0,0.0,0.0,2-22
black-pos-173,2,41,10,T0.5_P0.5,0.5,0.5,35,1,-0.0,0.0,0.0,0.0,-289,1.0,0.0,0.0,2-22
black-pos-173,2,41,10,T0.5_P0.9,0.5,0.9,35,1,-0.0,0.0,0.0,0.0,-289,1.0,0.0,0.0,2-22
black-pos-173,2,41,10,T0.5_P0.95,0.5,0.95,35,1,-0.0,0.0,0.0,0.0,-289,1.0,0.0,0.0,2-22
black-pos-173,2,41,10,T0.5_P1,0.5,1.0,35,35,0.0007749486765954536,0.00603312377357863,1.3977348445544022e-05,1.3744624522246113e-05,-289,0.9999539647062037,0.00603312377357863,0.0,2-22
black-pos-173,2,41,10,T0.9_P0.5,0.9,0.5,35,1,-0.0,0.0,0.0,0.0,-289,1.0,0.0,0.0,2-22
black-pos-173,2,41,10,T0.9_P0.9,0.9,0.9,35,1,-0.0,0.0,0.0,0.0,-289,1.0,0.0,0.0,2-22
black-pos-173,2,41,10,T0.9_P0.95,0.9,0.95,35,1,-0.0,0.0,0.0,0.0,-289,1.0,0.0,0.0,2-22
black-pos-173,2,41,10,T0.9_P1,0.9,1.0,35,35,0.06390224577087367,0.9713953801857595,0.002781337693256671,0.0025760648369561046,-289,0.9940511563185794,0.9713953801857595,0.0,2-22
black-pos-173,2,41,10,T1_P0.5,1.0,0.5,35,1,-0.0,0.0,0.0,0.0,-289,1.0,0.0,0.0,2-22
black-pos-173,2,41,10,T1_P0.9,1.0,0.9,35,1,-0.0,0.0,0.0,0.0,-289,1.0,0.0,0.0,2-22
black-pos-173,2,41,10,T1_P0.95,1.0,0.95,35,1,-0.0,0.0,0.0,0.0,-289,1.0,0.0,0.0,2-22
black-pos-173,2,41,10,T1_P1,1.0,1.0,35,35,0.11505250179108993,1.9599100877340152,0.005789093263260099,0.005312160728464064,-289,0.9886132755974176,1.9599100877340152,0.0,2-22
black-pos-174,2,61,10,argmax,0.0,0.0,40,1,-0.0,123.0,1.0,0.0,668,0.0,123.0,0.0,2-29
black-pos-174,2,61,10,T0.5_P0.5,0.5,0.5,40,2,0.9996895373600025,101.45639355705835,0.5103725808422352,0.0,668,0.0,101.45639355705835,0.0,2-29
black-pos-174,2,61,10,T0.5_P0.9,0.5,0.9,40,2,0.9996895373600025,101.45639355705835,0.5103725808422352,0.0,668,0.0,101.45639355705835,0.0,2-29
black-pos-174,2,61,10,T0.5_P0.95,0.5,0.95,40,2,0.9996895373600025,101.45639355705835,0.5103725808422352,0.0,668,0.0,101.45639355705835,0.0,2-29
black-pos-174,2,61,10,T0.5_P1,0.5,1.0,40,40,1.280215634782723,100.38218000031665,0.48611726002509786,1.2168406624645778e-05,668,1.9300364487260966e-09,100.38218000031665,0.0,2-29
black-pos-174,2,61,10,T0.9_P0.5,0.9,0.5,40,2,0.9999041639388175,101.25357712808325,0.5057631165473464,0.0,668,0.0,101.25357712808325,0.0,2-29
black-pos-174,2,61,10,T0.9_P0.9,0.9,0.9,40,3,1.3994368347820192,98.81262806885599,0.4476768002492376,0.0,668,0.0,98.81262806885599,0.0,2-29
black-pos-174,2,61,10,T0.9_P0.95,0.9,0.95,40,5,1.6480430519027518,97.39448473973191,0.4268483413224791,0.0,668,0.0,97.39448473973191,0.0,2-29
black-pos-174,2,61,10,T0.9_P1,0.9,1.0,40,40,2.019602814014423,99.25891640979006,0.43793736799079486,0.0014723754744207492,668,8.746565587833721e-06,99.25891640979006,0.0,2-29
black-pos-174,2,61,10,T1_P0.5,1.0,0.5,40,2,0.9999223718106516,101.22822133560396,0.5051868485364536,0.0,668,0.0,101.22822133560396,0.0,2-29
black-pos-174,2,61,10,T1_P0.9,1.0,0.9,40,4,1.61258416911796,96.80839566521911,0.42210751196746726,0.0,668,0.0,96.80839566521911,0.0,2-29
black-pos-174,2,61,10,T1_P0.95,1.0,0.95,40,7,1.8871104732338606,97.18358129350898,0.4135325991802868,0.0,668,0.0,97.18358129350898,0.0,2-29
black-pos-174,2,61,10,T1_P1,1.0,1.0,40,40,2.245010527381461,99.79571319054858,0.4326260004677493,0.0026766676879231505,668,2.4181365717248797e-05,99.79571319054858,0.0,2-29
black-pos-175,0,41,10,argmax,0.0,0.0,39,1,-0.0,2.0,0.0,0.0,-484,0.0,2.0,0.0,0-20
black-pos-175,0,41,10,T0.5_P0.5,0.5,0.5,39,1,-0.0,2.0,0.0,0.0,-484,0.0,2.0,0.0,0-20
black-pos-175,0,41,10,T0.5_P0.9,0.5,0.9,39,3,1.4057032585767986,73.77680951117061,0.1568721941205857,0.1568721941205857,-484,0.0,73.77680951117061,0.0,0-20
black-pos-175,0,41,10,T0.5_P0.95,0.5,0.95,39,4,1.6745116667728523,739.7465335110949,0.21635776627486558,0.21635776627486558,-484,0.0,139.12504739940204,0.07055344603684867,0-20
black-pos-175,0,41,10,T0.5_P1,0.5,1.0,39,39,1.751528311339576,747.3353234609083,0.22161451279651032,0.2199731567530698,-484,0.0013802898845898376,140.39268607385765,0.07129668509051393,0-20
black-pos-175,0,41,10,T0.9_P0.5,0.9,0.5,39,2,0.9756015511520704,12.207610179471487,0.0,0.0,-484,0.0,12.207610179471487,0.0,0-20
black-pos-175,0,41,10,T0.9_P0.9,0.9,0.9,39,4,1.8870266809701497,1339.2753530286643,0.32798071052467936,0.32798071052467936,-484,0.0,220.96748972968854,0.13136472022776646,0-20
black-pos-175,0,41,10,T0.9_P0.95,0.9,0.95,39,7,2.16813934611761,1274.7621648851086,0.34957650552674674,0.33410744356254635,-484,0.014049735539136075,215.77205885886548,0.12439681734127137,0-20
black-pos-175,0,41,10,T0.9_P1,0.9,1.0,39,39,2.4297434524203188,1475.8535606583841,0.3739718578546918,0.3590829920549997,-484,0.01352277387261563,237.34325439851904,0.14549774757515427,0-20
black-pos-175,0,41,10,T1_P0.5,1.0,0.5,39,2,0.9801733294750852,12.432413121077007,0.0,0.0,-484,0.0,12.432413121077007,0.0,0-20
black-pos-175,0,41,10,T1_P0.9,1.0,0.9,39,5,2.046353863023545,1396.8995431789117,0.36396572574677477,0.36396572574677477,-484,0.0,232.47978699719891,0.13678136452269618,0-20
black-pos-175,0,41,10,T1_P0.95,1.0,0.95,39,8,2.3117292771986238,1449.1264633745411,0.37808550309878936,0.35819977535454584,-484,0.018235817723388562,235.47075187949025,0.14257247244758528,0-20
black-pos-175,0,41,10,T1_P1,1.0,1.0,39,39,2.594110071466166,1633.6140104949186,0.4041483924980908,0.3850960261329521,-484,0.01747159996869939,256.3559985821982,0.16180189260416922,0-20
black-pos-176,0,61,10,argmax,0.0,0.0,23,1,-0.0,13.0,0.0,0.0,394,0.0,13.0,0.0,0-28
black-pos-176,0,61,10,T0.5_P0.5,0.5,0.5,23,1,-0.0,13.0,0.0,0.0,394,0.0,13.0,0.0,0-28
black-pos-176,0,61,10,T0.5_P0.9,0.5,0.9,23,3,1.2803841426604232,45.56298522544007,0.09020915273701292,0.0,394,0.0,45.56298522544007,0.0,0-28
black-pos-176,0,61,10,T0.5_P0.95,0.5,0.95,23,4,1.4893674932341308,43.48582120268819,0.08609662135520985,0.0,394,0.045588848326647724,43.48582120268819,0.0,0-28
black-pos-176,0,61,10,T0.5_P1,0.5,1.0,23,23,1.657537655830939,46.21510347145719,0.11391754424850754,0.0026757381916347705,394,0.04420103877946048,46.21510347145719,0.0,0-28
black-pos-176,0,61,10,T0.9_P0.5,0.9,0.5,23,2,0.9765877198859276,42.12180878386656,0.0,0.0,394,0.0,42.12180878386656,0.0,0-28
black-pos-176,0,61,10,T0.9_P0.9,0.9,0.9,23,5,2.0549978295640505,54.77323498998272,0.217374774803963,0.0,394,0.09898578195146515,54.77323498998272,0.0,0-28
black-pos-176,0,61,10,T0.9_P0.95,0.9,0.95,23,5,2.0549978295640505,54.77323498998272,0.217374774803963,0.0,394,0.09898578195146515,54.77323498998272,0.0,0-28
black-pos-176,0,61,10,T0.9_P1,0.9,1.0,23,23,2.315889026750076,71.73545753669245,0.24763350693636496,0.038663118895538535,394,0.0951586828949078,71.73545753669245,0.0,0-28
black-pos-176,0,61,10,T1_P0.5,1.0,0.5,23,2,0.9809772054618715,42.74778603061324,0.0,0.0,394,0.0,42.74778603061324,0.0,0-28
black-pos-176,0,61,10,T1_P0.9,1.0,0.9,23,5,2.101621003529887,56.0042142432295,0.2340147087272199,0.0,394,0.1079991174478193,56.0042142432295,0.0,0-28
black-pos-176,0,61,10,T1_P0.95,1.0,0.95,23,6,2.2081777497917163,64.21738220149834,0.25092663647389685,0.022078658610501078,394,0.1056146418034535,64.21738220149834,0.0,0-28
black-pos-176,0,61,10,T1_P1,1.0,1.0,23,23,2.4528961488930796,80.50076644656107,0.2762064624189981,0.05508167607457761,394,0.10205034504421827,80.50076644656107,0.0,0-28
black-pos-177,1,25,10,argmax,0.0,0.0,35,1,-0.0,0.0,0.0,0.0,118,1.0,0.0,0.0,1-20
black-pos-177,1,25,10,T0.5_P0.5,0.5,0.5,35,1,-0.0,0.0,0.0,0.0,118,1.0,0.0,0.0,1-20
black-pos-177,1,25,10,T0.5_P0.9,0.5,0.9,35,1,-0.0,0.0,0.0,0.0,118,1.0,0.0,0.0,1-20
black-pos-177,1,25,10,T0.5_P0.95,0.5,0.95,35,1,-0.0,0.0,0.0,0.0,118,1.0,0.0,0.0,1-20
black-pos-177,1,25,10,T0.5_P1,0.5,1.0,35,35,0.020398819907548674,0.27154216401750003,0.001577980249318079,5.946240482364684e-05,118,0.998422019750682,0.27154216401750003,0.0,1-20
black-pos-177,1,25,10,T0.9_P0.5,0.9,0.5,35,1,-0.0,0.0,0.0,0.0,118,1.0,0.0,0.0,1-20
black-pos-177,1,25,10,T0.9_P0.9,0.9,0.9,35,1,-0.0,0.0,0.0,0.0,118,1.0,0.0,0.0,1-20
black-pos-177,1,25,10,T0.9_P0.95,0.9,0.95,35,2,0.11929059683482146,2.714623584390648,0.016158473716611,0.0,118,0.9838415262833891,2.714623584390648,0.0,1-20
black-pos-177,1,25,10,T0.9_P1,0.9,1.0,35,35,0.5050136149234693,11.951522060114296,0.059028081083177406,0.008685619160357592,118,0.9409719189168225,11.951522060114296,0.0,1-20
black-pos-177,1,25,10,T1_P0.5,1.0,0.5,35,1,-0.0,0.0,0.0,0.0,118,1.0,0.0,0.0,1-20
black-pos-177,1,25,10,T1_P0.9,1.0,0.9,35,1,-0.0,0.0,0.0,0.0,118,1.0,0.0,0.0,1-20
black-pos-177,1,25,10,T1_P0.95,1.0,0.95,35,4,0.41323932256782697,9.495713602253687,0.0586595817880724,0.0,118,0.9413404182119276,9.495713602253687,0.0,1-20
black-pos-177,1,25,10,T1_P1,1.0,1.0,35,35,0.7527645300636062,19.699950110190684,0.09344291726590345,0.016306552033564382,118,0.9065570827340964,19.699950110190684,0.0,1-20
black-pos-178,1,41,10,argmax,0.0,0.0,52,1,-0.0,0.0,0.0,0.0,394,1.0,0.0,0.0,1-21
black-pos-178,1,41,10,T0.5_P0.5,0.5,0.5,52,1,-0.0,0.0,0.0,0.0,394,1.0,0.0,0.0,1-21
black-pos-178,1,41,10,T0.5_P0.9,0.5,0.9,52,1,-0.0,0.0,0.0,0.0,394,1.0,0.0,0.0,1-21
black-pos-178,1,41,10,T0.5_P0.95,0.5,0.95,52,2,0.30117803871788307,2.943765876388116,0.0,0.0,394,0.9464769840656706,2.943765876388116,0.0,1-21
black-pos-178,1,41,10,T0.5_P1,0.5,1.0,52,52,0.3092136017852707,9.570966023365827,0.000638356249714965,0.000638356249714965,394,0.9458727945676809,3.5800271070653826,0.0006378768009928089,1-21
black-pos-178,1,41,10,T0.9_P0.5,0.9,0.5,52,1,-0.0,0.0,0.0,0.0,394,1.0,0.0,0.0,1-21
black-pos-178,1,41,10,T0.9_P0.9,0.9,0.9,52,2,0.6543868454951886,9.27048471807446,0.0,0.0,394,0.831445732398646,9.27048471807446,0.0,1-21
black-pos-178,1,41,10,T0.9_P0.95,0.9,0.95,52,2,0.6543868454951886,9.27048471807446,0.0,0.0,394,0.831445732398646,9.27048471807446,0.0,1-21
black-pos-178,1,41,10,T0.9_P1,0.9,1.0,52,52,0.8066146862769523,208.17730779537249,0.019531768125329533,0.019531768125329533,394,0.815206127144641,28.451203125089258,0.019136083004330298,1-21
black-pos-178,1,41,10,T1_P0.5,1.0,0.5,52,1,-0.0,0.0,0.0,0.0,394,1.0,0.0,0.0,1-21
black-pos-178,1,41,10,T1_P0.9,1.0,0.9,52,2,0.7058775823061492,10.566394373198714,0.0,0.0,394,0.8078837386691142,10.566394373198714,0.0,1-21
black-pos-178,1,41,10,T1_P0.95,1.0,0.95,52,2,0.7058775823061492,10.566394373198714,0.0,0.0,394,0.8078837386691142,10.566394373198714,0.0,1-21
black-pos-178,1,41,10,T1_P1,1.0,1.0,52,52,0.9261146763413602,314.18225566288345,0.030125406547038474,0.030125406547038474,394,0.7835459125989659,39.97723255271145,0.029195590144388845,1-21
black-pos-179,2,25,10,argmax,0.0,0.0,27,1,-0.0,220.0,1.0,1.0,-4,0.0,220.0,0.0,2-20
black-pos-179,2,25,10,T0.5_P0.5,0.5,0.5,27,2,0.7829653923366262,191.82382134384048,0.7671390193705826,0.7671390193705826,-4,0.0,191.82382134384048,0.0,2-20
black-pos-179,2,25,10,T0.5_P0.9,0.5,0.9,27,5,1.9817598954677917,136.17288760852296,0.4994747451082363,0.4994747451082363,-4,0.1445365576707569,136.17288760852296,0.0,2-20
black-pos-179,2,25,10,T0.5_P0.95,0.5,0.95,27,5,1.9817598954677917,136.17288760852296,0.4994747451082363,0.4994747451082363,-4,0.1445365576707569,136.17288760852296,0.0,2-20
black-pos-179,2,25,10,T0.5_P1,0.5,1.0,27,27,2.157728420940914,135.3972570854434,0.48617674821045326,0.4861424538850135,-4,0.1401910042240712,135.3972570854434,0.0,2-20
black-pos-179,2,25,10,T0.9_P0.5,0.9,0.5,27,3,1.5042823400056342,134.33087724767842,0.4955976013708046,0.4955976013708046,-4,0.24885285371908006,134.33087724767842,0.0,2-20
black-pos-179,2,25,10,T0.9_P0.9,0.9,0.9,27,6,2.418205689935044,110.49775031584679,0.3307138605807163,0.3307138605807163,-4,0.16606030324264887,110.49775031584679,0.0,2-20
black-pos-179,2,25,10,T0.9_P0.95,0.9,0.95,27,7,2.5067394226183337,109.39097951907604,0.3245619566677954,0.3245619566677954,-4,0.16297126721765304,109.39097951907604,0.0,2-20
black-pos-179,2,25,10,T0.9_P1,0.9,1.0,27,27,2.8100259536978007,115.89738750834529,0.32936945855144356,0.3273384563159619,-4,0.15484870477845705,115.89738750834529,0.0,2-20
black-pos-179,2,25,10,T1_P0.5,1.0,0.5,27,3,1.51991588211069,131.4307458606287,0.4787238978291373,0.4787238978291373,-4,0.25752369471411035,131.4307458606287,0.0,2-20
black-pos-179,2,25,10,T1_P0.9,1.0,0.9,27,6,2.448427031087665,107.6949117902568,0.3120573468209964,0.3120573468209964,-4,0.1678674519497412,107.6949117902568,0.0,2-20
black-pos-179,2,25,10,T1_P0.95,1.0,0.95,27,9,2.705721962221898,113.26413463904561,0.3112040656183954,0.3112040656183954,-4,0.1587076205652672,113.26413463904561,0.0,2-20
black-pos-179,2,25,10,T1_P1,1.0,1.0,27,27,2.9384935607577747,115.39975176428007,0.31356157768681625,0.3101613928323142,-4,0.15288792818569122,115.39975176428007,0.0,2-20
black-pos-180,2,41,10,argmax,0.0,0.0,41,1,-0.0,77.0,0.0,0.0,119,0.0,77.0,0.0,2-23
black-pos-180,2,41,10,T0.5_P0.5,0.5,0.5,41,1,-0.0,77.0,0.0,0.0,119,0.0,77.0,0.0,2-23
black-pos-180,2,41,10,T0.5_P0.9,0.5,0.9,41,2,0.9060078254681221,52.244312336886374,0.0,0.0,119,0.32150243718329374,52.244312336886374,0.0,2-23
black-pos-180,2,41,10,T0.5_P0.95,0.5,0.95,41,4,1.2239977897022658,59.24317800250484,0.05791532342654444,0.017629809508262793,119,0.302882519551401,59.24317800250484,0.0,2-23
black-pos-180,2,41,10,T0.5_P1,0.5,1.0,41,41,1.5345740245681185,62.62553564205474,0.08569699991863935,0.02148958998806315,119,0.2899168049856858,62.62553564205474,0.0,2-23
black-pos-180,2,41,10,T0.9_P0.5,0.9,0.5,41,2,0.9696074453740078,46.374762568742874,0.0,0.0,119,0.3977303562500926,46.374762568742874,0.0,2-23
black-pos-180,2,41,10,T0.9_P0.9,0.9,0.9,41,7,2.2030217498990328,75.54747946739231,0.24960380770712454,0.05837462265497898,119,0.28336745478011427,75.54747946739231,0.0,2-23
black-pos-180,2,41,10,T0.9_P0.95,0.9,0.95,41,10,2.4781821887649382,82.49017175727417,0.2604851725526011,0.08004169704457878,119,0.2673849620414543,82.49017175727417,0.0,2-23
black-pos-180,2,41,10,T0.9_P1,0.9,1.0,41,41,2.784438640060646,86.81266853808982,0.2764857735853095,0.09095425826948897,119,0.25560763712544127,86.81266853808982,0.0,2-23
black-pos-180,2,41,10,T1_P0.5,1.0,0.5,41,2,0.9752826705396074,45.60628609972512,0.0,0.0,119,0.4077105701334401,45.60628609972512,0.0,2-23
black-pos-180,2,41,10,T1_P0.9,1.0,0.9,41,9,2.5390171600409936,86.74893157652954,0.29614048534140547,0.09345827292092475,119,0.2599028489912594,86.74893157652954,0.0,2-23
black-pos-180,2,41,10,T1_P0.95,1.0,0.95,41,12,2.7356287660474976,86.95646056812139,0.28482852397945513,0.08988835788206298,119,0.24997509128443815,86.95646056812139,0.0,2-23
black-pos-180,2,41,10,T1_P1,1.0,1.0,41,41,3.0234666368191543,93.12964663166674,0.3138454793290842,0.10729816013328099,119,0.2395115874113505,93.12964663166674,0.0,2-23
black-pos-181,0,25,10,argmax,0.0,0.0,37,1,-0.0,0.0,0.0,0.0,-53,1.0,0.0,0.0,0-21
black-pos-181,0,25,10,T0.5_P0.5,0.5,0.5,37,1,-0.0,0.0,0.0,0.0,-53,1.0,0.0,0.0,0-21
black-pos-181,0,25,10,T0.5_P0.9,0.5,0.9,37,2,0.5327115625658194,1.2116891314863278,0.0,0.0,-53,0.8788310868513672,1.2116891314863278,0.0,0-21
black-pos-181,0,25,10,T0.5_P0.95,0.5,0.95,37,2,0.5327115625658194,1.2116891314863278,0.0,0.0,-53,0.8788310868513672,1.2116891314863278,0.0,0-21
black-pos-181,0,25,10,T0.5_P1,0.5,1.0,37,37,0.8193333413821324,9.966790983923289,0.025651144433565212,0.025651144433565212,-53,0.842446830752512,9.966790983923289,0.0,0-21
black-pos-181,0,25,10,T0.9_P0.5,0.9,0.5,37,1,-0.0,0.0,0.0,0.0,-53,1.0,0.0,0.0,0-21
black-pos-181,0,25,10,T0.9_P0.9,0.9,0.9,37,4,1.4567991945809162,29.48442035749031,0.08499019632642078,0.08499019632642078,-53,0.6352599325741609,29.48442035749031,0.0,0-21
black-pos-181,0,25,10,T0.9_P0.95,0.9,0.95,37,5,1.5851739843020594,41.95178265986762,0.10694864989286738,0.10694864989286738,-53,0.6200149311806785,41.95178265986762,0.0,0-21
black-pos-181,0,25,10,T0.9_P1,0.9,1.0,37,37,1.8270345868253859,48.688454501523765,0.12629577089814997,0.12629577089814997,-53,0.6000531738272377,48.688454501523765,0.0,0-21
black-pos-181,0,25,10,T1_P0.5,1.0,0.5,37,1,-0.0,0.0,0.0,0.0,-53,1.0,0.0,0.0,0-21
black-pos-181,0,25,10,T1_P0.9,1.0,0.9,37,4,1.5465686218806713,33.79874313336004,0.09798793180341982,0.09798793180341982,-53,0.5989588134879584,33.79874313336004,0.0,0-21
black-pos-181,0,25,10,T1_P0.95,1.0,0.95,37,5,1.6983281462276973,49.81835673405212,0.1260350000181829,0.1260350000181829,-53,0.5803348512461702,49.81835673405212,0.0,0-21
black-pos-181,0,25,10,T1_P1,1.0,1.0,37,37,2.034180705810427,59.909247959114005,0.15505785161914096,0.15505785161914096,-53,0.5523520753446017,59.909247959114005,0.0,0-21
black-pos-182,0,41,10,argmax,0.0,0.0,48,1,-0.0,0.0,0.0,0.0,-127,1.0,0.0,0.0,0-21
black-pos-182,0,41,10,T0.5_P0.5,0.5,0.5,48,1,-0.0,0.0,0.0,0.0,-127,1.0,0.0,0.0,0-21
black-pos-182,0,41,10,T0.5_P0.9,0.5,0.9,48,1,-0.0,0.0,0.0,0.0,-127,1.0,0.0,0.0,0-21
black-pos-182,0,41,10,T0.5_P0.95,0.5,0.95,48,2,0.32347350971199185,7.021329828357843,0.059002771666872636,0.0,-127,0.9409972283331274,7.021329828357843,0.0,0-21
black-pos-182,0,41,10,T0.5_P1,0.5,1.0,48,48,0.4562052176980276,7.8832029528321925,0.06022569380470394,0.0006221597210064739,-127,0.9250388588768188,7.8832029528321925,0.0,0-21
black-pos-182,0,41,10,T0.9_P0.5,0.9,0.5,48,1,-0.0,0.0,0.0,0.0,-127,1.0,0.0,0.0,0-21
black-pos-182,0,41,10,T0.9_P0.9,0.9,0.9,48,3,1.0104630755303896,22.555826722949416,0.16326978685366103,0.0,-127,0.7604686988203938,22.555826722949416,0.0,0-21
black-pos-182,0,41,10,T0.9_P0.95,0.9,0.95,48,4,1.114851255520468,24.043547361039398,0.17703320313033016,0.0,-127,0.7479597119297633,24.043547361039398,0.0,0-21
black-pos-182,0,41,10,T0.9_P1,0.9,1.0,48,48,1.4457539606216814,32.54167057382885,0.21063397377873683,0.02303040171481547,-127,0.717421392728557,32.54167057382885,0.0,0-21
black-pos-182,0,41,10,T1_P0.5,1.0,0.5,48,1,-0.0,0.0,0.0,0.0,-127,1.0,0.0,0.0,0-21
black-pos-182,0,41,10,T1_P0.9,1.0,0.9,48,3,1.098271901313966,25.40491635010553,0.18189844528729712,0.0,-127,0.7264185946903328,25.40491635010553,0.0,0-21
black-pos-182,0,41,10,T1_P0.95,1.0,0.95,48,5,1.3294926604284107,30.120676048212374,0.2134679309211028,0.0,-127,0.6983870364356133,30.120676048212374,0.0,0-21
black-pos-182,0,41,10,T1_P1,1.0,1.0,48,48,1.712872911402345,40.70140804576421,0.25133699259081094,0.03697328207670393,-127,0.6647618826855861,40.70140804576421,0.0,0-21
black-pos-183,0,61,10,argmax,0.0,0.0,55,1,-0.0,8730.0,1.0,1.0,9997,0.0,1000.0,0.0,0-29
black-pos-183,0,61,10,T0.5_P0.5,0.5,0.5,55,1,-0.0,8730.0,1.0,1.0,9997,0.0,1000.0,0.0,0-29
black-pos-183,0,61,10,T0.5_P0.9,0.5,0.9,55,2,0.8266670465526256,8779.390013370294,0.9999999999999999,0.9999999999999999,9997,0.0,999.9999999999999,0.0,0-29
black-pos-183,0,61,10,T0.5_P0.95,0.5,0.95,55,2,0.8266670465526256,8779.390013370294,0.9999999999999999,0.9999999999999999,9997,0.0,999.9999999999999,0.0,0-29
black-pos-183,0,61,10,T0.5_P1,0.5,1.0,55,55,1.1032527618478196,8561.03962855385,0.9749735198204943,0.9749735198204943,9997,0.010312790955677146,974.9896511648415,0.02502648017950531,0-29
black-pos-183,0,61,10,T0.9_P0.5,0.9,0.5,55,2,0.941553585401762,8798.142753750544,1.0,1.0,9997,0.0,1000.0000000000001,0.0,0-29
black-pos-183,0,61,10,T0.9_P0.9,0.9,0.9,55,5,1.664070687870415,7820.993904467566,0.8883590231766362,0.8883590231766362,9997,0.051455665169456294,888.41920848829,0.11164097682336385,0-29
black-pos-183,0,61,10,T0.9_P0.95,0.9,0.95,55,8,1.9006229188561479,7767.688037929269,0.8821289591142099,0.8821289591142099,9997,0.04940877635472936,882.2080924827933,0.11787104088579017,0-29
black-pos-183,0,61,10,T0.9_P1,0.9,1.0,55,55,2.2647157292890365,7744.224357319392,0.8791135120360991,0.8791135120360991,9997,0.04712941638186214,879.2134040144401,0.12088648796390102,0-29
black-pos-183,0,61,10,T1_P0.5,1.0,0.5,55,2,0.952288068785239,8800.703323942347,1.0,1.0,9997,0.0,1000.0,0.0,0-29
black-pos-183,0,61,10,T1_P0.9,1.0,0.9,55,6,1.881313604607415,7672.830782044598,0.8708967392954836,0.8708967392954836,9997,0.06000707725976816,870.9658354789284,0.12910326070451655,0-29
black-pos-183,0,61,10,T1_P0.95,1.0,0.95,55,10,2.1794223257750915,7509.357546131447,0.8523303980741466,0.8523303980741466,9997,0.056915791504240636,852.4572577732129,0.14766960192585327,0-29
black-pos-183,0,61,10,T1_P1,1.0,1.0,55,55,2.563467006626777,7563.465282171186,0.8580015377332363,0.8580015377332363,9997,0.0541087018173412,858.1253645705968,0.14199846226676371,0-29
black-pos-184,1,25,10,argmax,0.0,0.0,39,1,-0.0,0.0,0.0,0.0,135,1.0,0.0,0.0,1-21
black-pos-184,1,25,10,T0.5_P0.5,0.5,0.5,39,1,-0.0,0.0,0.0,0.0,135,1.0,0.0,0.0,1-21
black-pos-184,1,25,10,T0.5_P0.9,0.5,0.9,39,2,0.7945958631818962,3.835726822473969,0.0,0.0,135,0.7602670735953768,3.835726822473969,0.0,1-21
black-pos-184,1,25,10,T0.5_P0.95,0.5,0.95,39,2,0.7945958631818962,3.835726822473969,0.0,0.0,135,0.7602670735953768,3.835726822473969,0.0,1-21
black-pos-184,1,25,10,T0.5_P1,0.5,1.0,39,39,0.7949303301825518,3.8407400634842865,1.891835032819902e-05,5.134541705840666e-06,135,0.7602526905965359,3.8407400634842865,0.0,1-21
black-pos-184,1,25,10,T0.9_P0.5,0.9,0.5,39,1,-0.0,0.0,0.0,0.0,135,1.0,0.0,0.0,1-21
black-pos-184,1,25,10,T0.9_P0.9,0.9,0.9,39,2,0.9295021899940822,5.519636811359036,0.0,0.0,135,0.6550226992900603,5.519636811359036,0.0,1-21
black-pos-184,1,25,10,T0.9_P0.95,0.9,0.95,39,2,0.9295021899940822,5.519636811359036,0.0,0.0,135,0.6550226992900603,5.519636811359036,0.0,1-21
black-pos-184,1,25,10,T0.9_P1,0.9,1.0,39,39,0.9685380003469672,6.686966716853451,0.003417459084568641,0.0019019670323043142,135,0.6527841860157728,6.686966716853451,0.0,1-21
black-pos-184,1,25,10,T1_P0.5,1.0,0.5,39,1,-0.0,0.0,0.0,0.0,135,1.0,0.0,0.0,1-21
black-pos-184,1,25,10,T1_P0.9,1.0,0.9,39,2,0.9423561292244895,5.753705140528409,0.0,0.0,135,0.6403934287169744,5.753705140528409,0.0,1-21
black-pos-184,1,25,10,T1_P0.95,1.0,0.95,39,2,0.9423561292244895,5.753705140528409,0.0,0.0,135,0.6403934287169744,5.753705140528409,0.0,1-21
black-pos-184,1,25,10,T1_P1,1.0,1.0,39,39,1.015585922906994,8.193183662255757,0.0068624525478141055,0.004154369972661969,135,0.6359987592004721,8.193183662255757,0.0,1-21
black-pos-185,1,41,10,argmax,0.0,0.0,26,1,-0.0,22.0,0.0,0.0,-188,0.0,22.0,0.0,1-22
black-pos-185,1,41,10,T0.5_P0.5,0.5,0.5,26,1,-0.0,22.0,0.0,0.0,-188,0.0,22.0,0.0,1-22
black-pos-185,1,41,10,T0.5_P0.9,0.5,0.9,26,4,1.293086160882831,16.442726423524135,0.0,0.0,-188,0.25500664704890175,16.442726423524135,0.0,1-22
black-pos-185,1,41,10,T0.5_P0.95,0.5,0.95,26,5,1.3962932803968249,16.83086835738269,0.0,0.0,-188,0.25061875979839787,16.83086835738269,0.0,1-22
black-pos-185,1,41,10,T0.5_P1,0.5,1.0,26,26,1.7263055294754643,19.139804661484384,0.015502130949830828,0.00012184637723942687,-188,0.2388112599149375,19.139804661484384,0.0,1-22
black-pos-185,1,41,10,T0.9_P0.5,0.9,0.5,26,2,0.9516653173933401,13.83139196459599,0.0,0.0,-188,0.37130036524563687,13.83139196459599,0.0,1-22
black-pos-185,1,41,10,T0.9_P0.9,0.9,0.9,26,8,2.4392144098510653,19.116037442725997,0.0,0.0,-188,0.23895289927275373,19.116037442725997,0.0,1-22
black-pos-185,1,41,10,T0.9_P0.95,0.9,0.95,26,10,2.6847485274949894,26.229245407095757,0.061782336148322695,0.0,-188,0.22418983092626815,26.229245407095757,0.0,1-22
black-pos-185,1,41,10,T0.9_P1,0.9,1.0,26,26,2.9295974316008,30.08395623526862,0.08492706957642707,0.004632586609382629,-188,0.21534626487435268,30.08395623526862,0.0,1-22
black-pos-185,1,41,10,T1_P0.5,1.0,0.5,26,2,0.9605963475419712,13.5591471952185,0.0,0.0,-188,0.3836751274900682,13.5591471952185,0.0,1-22
black-pos-185,1,41,10,T1_P0.9,1.0,0.9,26,9,2.67725058172582,24.391652504424222,0.038319839329102094,0.0,-188,0.22309949673861149,24.391652504424222,0.0,1-22
black-pos-185,1,41,10,T1_P0.95,1.0,0.95,26,11,2.877225158638775,29.273082239514803,0.08732336645367642,0.0,-188,0.21173120332151274,29.273082239514803,0.0,1-22
black-pos-185,1,41,10,T1_P1,1.0,1.0,26,26,3.115104119891867,33.32528264383805,0.10311564328194919,0.007106325535755792,-188,0.203592614614481,33.32528264383805,0.0,1-22
black-pos-186,2,25,10,argmax,0.0,0.0,36,1,-0.0,16.0,0.0,0.0,-5,0.0,16.0,0.0,2-21
black-pos-186,2,25,10,T0.5_P0.5,0.5,0.5,36,3,1.581433298463538,42.67961567714799,0.0,0.0,-5,0.0,42.67961567714799,0.0,2-21
black-pos-186,2,25,10,T0.5_P0.9,0.5,0.9,36,9,2.90348267530076,33.85010504758802,0.0,0.0,-5,0.14844199815970519,33.85010504758802,0.0,2-21
black-pos-186,2,25,10,T0.5_P0.95,0.5,0.95,36,11,3.059650120196105,36.58761312827444,0.01403465779362717,0.0,-5,0.14296141219215452,36.58761312827444,0.0,2-21
black-pos-186,2,25,10,T0.5_P1,0.5,1.0,36,36,3.3023119089788717,37.62057268369155,0.014504409134662315,0.0010733910144472187,-5,0.1368116664048856,37.62057268369155,0.0,2-21
black-pos-186,2,25,10,T0.9_P0.5,0.9,0.5,36,5,2.3160246732729055,30.992538685756948,0.0,0.0,-5,0.1895629149845932,30.992538685756948,0.0,2-21
black-pos-186,2,25,10,T0.9_P0.9,0.9,0.9,36,13,3.4922431241015706,41.14388620957941,0.03272099224516529,0.0,-5,0.1188053260100006,41.14388620957941,0.0,2-21
black-pos-186,2,25,10,T0.9_P0.95,0.9,0.95,36,16,3.68911048175503,41.91825371377483,0.031000720095382538,0.0,-5,0.11255925950781309,41.91825371377483,0.0,2-21
black-pos-186,2,25,10,T0.9_P1,0.9,1.0,36,36,3.8754075062921087,46.919480205852246,0.037591575578812784,0.007726022073186985,-5,0.10829595725673764,46.919480205852246,0.0,2-21
black-pos-186,2,25,10,T1_P0.5,1.0,0.5,36,5,2.3171316379703923,30.937555957409426,0.0,0.0,-5,0.19065193869314256,30.937555957409426,0.0,2-21
black-pos-186,2,25,10,T1_P0.9,1.0,0.9,36,14,3.603365948958083,42.460395202766406,0.0353058184558008,0.0,-5,0.11268206173181196,42.460395202766406,0.0,2-21
black-pos-186,2,25,10,T1_P0.95,1.0,0.95,36,16,3.740365961609659,42.74716556826096,0.03391384697905796,0.0,-5,0.10823944511133568,42.74716556826096,0.0,2-21
black-pos-186,2,25,10,T1_P1,1.0,1.0,36,36,3.963127867652035,49.10505440145596,0.04230853887644168,0.009932000328145011,-5,0.1030710677444476,49.10505440145596,0.0,2-21
black-pos-187,2,41,10,argmax,0.0,0.0,36,1,-0.0,27.0,0.0,0.0,-471,0.0,27.0,0.0,2-24
black-pos-187,2,41,10,T0.5_P0.5,0.5,0.5,36,1,-0.0,27.0,0.0,0.0,-471,0.0,27.0,0.0,2-24
black-pos-187,2,41,10,T0.5_P0.9,0.5,0.9,36,3,1.2054104002361654,52.5433540505335,0.0,0.0,-471,0.0,52.5433540505335,0.0,2-24
black-pos-187,2,41,10,T0.5_P0.95,0.5,0.95,36,5,1.534634728993202,49.67895292493162,0.0,0.0,-471,0.042114002567388786,49.67895292493162,0.0,2-24
black-pos-187,2,41,10,T0.5_P1,0.5,1.0,36,36,1.7831879582543553,56.310652578190435,0.0009675073516575563,0.0008726465247933326,-471,0.04062958744441095,50.53754936954472,0.0006770380214196919,2-24
black-pos-187,2,41,10,T0.9_P0.5,0.9,0.5,36,2,0.9923409724031016,53.01442721332873,0.0,0.0,-471,0.0,53.01442721332873,0.0,2-24
black-pos-187,2,41,10,T0.9_P0.9,0.9,0.9,36,7,2.322439471742558,50.009707734811386,0.0,0.0,-471,0.09040524128771439,50.009707734811386,0.0,2-24
black-pos-187,2,41,10,T0.9_P0.95,0.9,0.95,36,10,2.6407436166989458,50.08942112864885,0.0,0.0,-471,0.08395059347037946,50.08942112864885,0.0,2-24
black-pos-187,2,41,10,T0.9_P1,0.9,1.0,36,36,2.8511822476434734,131.9105020456796,0.019650674163509997,0.014503232457312554,-471,0.08148952669447858,60.12795124970011,0.008418265602906004,2-24
black-pos-187,2,41,10,T1_P0.5,1.0,0.5,36,2,0.9937899169564568,53.31117550020794,0.0,0.0,-471,0.0,53.31117550020794,0.0,2-24
black-pos-187,2,41,10,T1_P0.9,1.0,0.9,36,8,2.532769164349574,50.34039173109105,0.0,0.0,-471,0.094435554671134,50.34039173109105,0.0,2-24
black-pos-187,2,41,10,T1_P0.95,1.0,0.95,36,10,2.757174266610546,49.9880212384268,0.0,0.0,-471,0.08918725072781238,49.9880212384268,0.0,2-24
black-pos-187,2,41,10,T1_P1,1.0,1.0,36,36,3.0425367987462746,158.41809941959616,0.02860913228687576,0.020372185643357982,-471,0.08535384237435291,63.71297305384968,0.011106500101530019,2-24
black-pos-188,0,41,10,argmax,0.0,0.0,26,1,-0.0,0.0,0.0,0.0,475,1.0,0.0,0.0,0-22
black-pos-188,0,41,10,T0.5_P0.5,0.5,0.5,26,1,-0.0,0.0,0.0,0.0,475,1.0,0.0,0.0,0-22
black-pos-188,0,41,10,T0.5_P0.9,0.5,0.9,26,3,1.1254216444627823,9.911734356822942,0.0,0.0,475,0.6808808469706898,9.911734356822942,0.0,0-22
black-pos-188,0,41,10,T0.5_P0.95,0.5,0.95,26,4,1.2634012222022504,10.157794068922795,0.0,0.0,475,0.6642736965341605,10.157794068922795,0.0,0-22
black-pos-188,0,41,10,T0.5_P1,0.5,1.0,26,26,1.5549051163370131,12.936154307705433,0.01059899327447753,1.5931897965126802e-07,475,0.6362815508978255,12.936154307705433,0.0,0-22
black-pos-188,0,41,10,T0.9_P0.5,0.9,0.5,26,2,0.9499583744982947,10.703143887533004,0.0,0.0,475,0.6309260728436894,10.703143887533004,0.0,0-22
black-pos-188,0,41,10,T0.9_P0.9,0.9,0.9,26,7,2.258869334809048,25.01242345317578,0.04343072150774828,0.0,475,0.4290024176478064,25.01242345317578,0.0,0-22
black-pos-188,0,41,10,T0.9_P0.95,0.9,0.95,26,8,2.342149145534996,24.995929059223037,0.042723148576724816,0.0,475,0.4220131140504195,24.995929059223037,0.0,0-22
black-pos-188,0,41,10,T0.9_P1,0.9,1.0,26,26,2.6433817474381236,26.973550597345408,0.046255441642461266,8.789129146687116e-05,475,0.40100251606895737,26.973550597345408,0.0,0-22
black-pos-188,0,41,10,T1_P0.5,1.0,0.5,26,2,0.9591954410510826,11.067700301744363,0.0,0.0,475,0.6183551620088151,11.067700301744363,0.0,0-22
black-pos-188,0,41,10,T1_P0.9,1.0,0.9,26,7,2.3538483971819124,27.218751331172943,0.05064399848062946,0.0,475,0.3978546267311904,27.218751331172943,0.0,0-22
black-pos-188,0,41,10,T1_P0.95,1.0,0.95,26,9,2.540950842157611,27.39923911280942,0.04863406240527052,0.0,475,0.38206475249127736,27.39923911280942,0.0,0-22
black-pos-188,0,41,10,T1_P1,1.0,1.0,26,26,2.8285315785713556,29.735581742398693,0.05419112216832942,0.00018740856980979426,475,0.3634153859678685,29.735581742398693,0.0,0-22
black-pos-189,1,25,10,argmax,0.0,0.0,38,1,-0.0,0.0,0.0,0.0,-356,1.0,0.0,0.0,1-22
black-pos-189,1,25,10,T0.5_P0.5,0.5,0.5,38,1,-0.0,0.0,0.0,0.0,-356,1.0,0.0,0.0,1-22
black-pos-189,1,25,10,T0.5_P0.9,0.5,0.9,38,2,0.4223867948548301,6.00792017755417,0.0,0.0,-356,0.9141725688920834,6.00792017755417,0.0,1-22
black-pos-189,1,25,10,T0.5_P0.95,0.5,0.95,38,2,0.4223867948548301,6.00792017755417,0.0,0.0,-356,0.9141725688920834,6.00792017755417,0.0,1-22
black-pos-189,1,25,10,T0.5_P1,0.5,1.0,38,38,0.6921998218912564,7.952153817127281,0.000303085512381483,3.37218785912378e-05,-356,0.8824176063144947,7.952153817127281,0.0,1-22
black-pos-189,1,25,10,T0.9_P0.5,0.9,0.5,38,1,-0.0,0.0,0.0,0.0,-356,1.0,0.0,0.0,1-22
black-pos-189,1,25,10,T0.9_P0.9,0.9,0.9,38,4,1.3525802923389048,21.90699769374382,0.0,0.0,-356,0.681093590614805,21.90699769374382,0.0,1-22
black-pos-189,1,25,10,T0.9_P0.95,0.9,0.95,38,6,1.623595265055697,22.85576806585378,0.0,0.0,-356,0.646522076916148,22.85576806585378,0.0,1-22
black-pos-189,1,25,10,T0.9_P1,0.9,1.0,38,38,2.0059132029228537,26.75316568012056,0.014249444450661695,0.004581353526274373,-356,0.6148710891122833,26.75316568012056,0.0,1-22
black-pos-189,1,25,10,T1_P0.5,1.0,0.5,38,1,-0.0,0.0,0.0,0.0,-356,1.0,0.0,0.0,1-22
black-pos-189,1,25,10,T1_P0.9,1.0,0.9,38,6,1.7741984750071218,25.66463428162334,0.0,0.0,-356,0.6002125121122339,25.66463428162334,0.0,1-22
black-pos-189,1,25,10,T1_P0.95,1.0,0.95,38,8,1.9291855371648223,26.817630839340975,0.0,0.0,-356,0.584422686179942,26.817630839340975,0.0,1-22
black-pos-189,1,25,10,T1_P1,1.0,1.0,38,38,2.306507493123602,31.71921425996677,0.022979180196931705,0.00821992794003601,-356,0.5558362810689683,31.71921425996677,0.0,1-22
black-pos-190,1,41,10,argmax,0.0,0.0,43,1,-0.0,37.0,0.0,0.0,541,0.0,37.0,0.0,1-23
black-pos-190,1,41,10,T0.5_P0.5,0.5,0.5,43,1,-0.0,37.0,0.0,0.0,541,0.0,37.0,0.0,1-23
black-pos-190,1,41,10,T0.5_P0.9,0.5,0.9,43,2,0.47043257609533945,37.100453837590145,0.0,0.0,541,0.0,37.100453837590145,0.0,1-23
black-pos-190,1,41,10,T0.5_P0.95,0.5,0.95,43,2,0.47043257609533945,37.100453837590145,0.0,0.0,541,0.0,37.100453837590145,0.0,1-23
black-pos-190,1,41,10,T0.5_P1,0.5,1.0,43,43,0.7296147452929427,37.76762811334191,0.00013893418359154085,2.2788168949857792e-06,541,0.00021738884493329277,37.76762811334191,0.0,1-23
black-pos-190,1,41,10,T0.9_P0.5,0.9,0.5,43,1,-0.0,37.0,0.0,0.0,541,0.0,37.0,0.0,1-23
black-pos-190,1,41,10,T0.9_P0.9,0.9,0.9,43,3,1.2391465207068153,39.07116445856092,0.0,0.0,541,0.0,39.07116445856092,0.0,1-23
black-pos-190,1,41,10,T0.9_P0.95,0.9,0.95,43,3,1.2391465207068153,39.07116445856092,0.0,0.0,541,0.0,39.07116445856092,0.0,1-23
black-pos-190,1,41,10,T0.9_P1,0.9,1.0,43,43,1.4283819046238073,39.97873479351554,0.009471252971669751,0.0007139001472521948,541,0.006576000185015453,39.97873479351554,0.0,1-23
black-pos-190,1,41,10,T1_P0.5,1.0,0.5,43,1,-0.0,37.0,0.0,0.0,541,0.0,37.0,0.0,1-23
black-pos-190,1,41,10,T1_P0.9,1.0,0.9,43,3,1.299774251575338,39.31056224173136,0.0,0.0,541,0.0,39.31056224173136,0.0,1-23
black-pos-190,1,41,10,T1_P0.95,1.0,0.95,43,3,1.299774251575338,39.31056224173136,0.0,0.0,541,0.0,39.31056224173136,0.0,1-23
black-pos-190,1,41,10,T1_P1,1.0,1.0,43,43,1.586843112827343,40.97584484194632,0.016201632804003004,0.001505762547960635,541,0.009790179894909287,40.97584484194632,0.0,1-23
black-pos-191,2,25,10,argmax,0.0,0.0,38,1,-0.0,0.0,0.0,0.0,-2,1.0,0.0,0.0,2-22
black-pos-191,2,25,10,T0.5_P0.5,0.5,0.5,38,1,-0.0,0.0,0.0,0.0,-2,1.0,0.0,0.0,2-22
black-pos-191,2,25,10,T0.5_P0.9,0.5,0.9,38,2,0.7000201605443939,1.7037658136589124,0.0,0.0,-2,0.810692687371232,1.7037658136589124,0.0,2-22
black-pos-191,2,25,10,T0.5_P0.95,0.5,0.95,38,3,0.9919219508178563,2.2180537460910754,0.0,0.0,-2,0.760437420142583,2.2180537460910754,0.0,2-22
black-pos-191,2,25,10,T0.5_P1,0.5,1.0,38,38,1.1667213716745122,2.731029301731798,7.565570477778537e-07,2.152956810938703e-09,-2,0.744186386739635,2.731029301731798,0.0,2-22
black-pos-191,2,25,10,T0.9_P0.5,0.9,0.5,38,1,-0.0,0.0,0.0,0.0,-2,1.0,0.0,0.0,2-22
black-pos-191,2,25,10,T0.9_P0.9,0.9,0.9,38,5,1.7256893524690649,5.666842492988964,0.0,0.0,-2,0.5446253645433444,5.666842492988964,0.0,2-22
black-pos-191,2,25,10,T0.9_P0.95,0.9,0.95,38,6,1.8756859628148286,6.064963528645025,0.0,0.0,-2,0.5270445614073028,6.064963528645025,0.0,2-22
black-pos-191,2,25,10,T0.9_P1,0.9,1.0,38,38,2.1764377669700794,7.6565239072551,0.00029579596880508076,1.4945763150001346e-05,-2,0.5020544395402213,7.6565239072551,0.0,2-22
black-pos-191,2,25,10,T1_P0.5,1.0,0.5,38,2,0.9105739876352708,2.932169208810015,0.0,0.0,-2,0.6742034212433317,2.932169208810015,0.0,2-22
black-pos-191,2,25,10,T1_P0.9,1.0,0.9,38,6,1.983310316669012,6.7900327767379505,0.0,0.0,-2,0.4914977186870531,6.7900327767379505,0.0,2-22
black-pos-191,2,25,10,T1_P0.95,1.0,0.95,38,7,2.1044247305905137,8.025175512889007,0.0,0.0,-2,0.47890551271728415,8.025175512889007,0.0,2-22
black-pos-191,2,25,10,T1_P1,1.0,1.0,38,38,2.375461740214006,8.962499319401797,0.000616002305538381,4.388069184330089e-05,-2,0.45932730000236366,8.962499319401797,0.0,2-22
black-pos-192,2,41,10,argmax,0.0,0.0,37,1,-0.0,20.0,0.0,0.0,213,0.0,20.0,0.0,2-25
black-pos-192,2,41,10,T0.5_P0.5,0.5,0.5,37,1,-0.0,20.0,0.0,0.0,213,0.0,20.0,0.0,2-25
black-pos-192,2,41,10,T0.5_P0.9,0.5,0.9,37,2,0.8490473550461055,65.15858977829825,0.27535725474572104,0.0,213,0.0,65.15858977829825,0.0,2-25
black-pos-192,2,41,10,T0.5_P0.95,0.5,0.95,37,2,0.8490473550461055,65.15858977829825,0.27535725474572104,0.0,213,0.0,65.15858977829825,0.0,2-25
black-pos-192,2,41,10,T0.5_P1,0.5,1.0,37,37,1.1191638879979757,63.17804483487794,0.2646749553716094,7.766509087362346e-07,213,0.01008768455427086,63.17804483487794,0.0,2-25
black-pos-192,2,41,10,T0.9_P0.5,0.9,0.5,37,2,0.949711496306466,80.4758509996357,0.3687551890221689,0.0,213,0.0,80.4758509996357,0.0,2-25
black-pos-192,2,41,10,T0.9_P0.9,0.9,0.9,37,4,1.521085633899904,70.97202884944474,0.3191561715190807,0.0,213,0.051972975618058456,70.97202884944474,0.0,2-25
black-pos-192,2,41,10,T0.9_P0.95,0.9,0.95,37,6,1.756026768830865,68.93256445999917,0.3052642109929254,0.0,213,0.049710739790763056,68.93256445999917,0.0,2-25
black-pos-192,2,41,10,T0.9_P1,0.9,1.0,37,37,2.1088606104553236,68.7703007024961,0.29539602617489785,0.0003995024906478614,213,0.04754279363123347,68.7703007024961,0.0,2-25
black-pos-192,2,41,10,T1_P0.5,1.0,0.5,37,2,0.9589927718212061,82.54207296933299,0.38135410347154264,0.0,213,0.0,82.54207296933299,0.0,2-25
black-pos-192,2,41,10,T1_P0.9,1.0,0.9,37,5,1.744602634363717,69.73942332259861,0.3107557518423548,0.0,213,0.06067587916410591,69.73942332259861,0.0,2-25
black-pos-192,2,41,10,T1_P0.95,1.0,0.95,37,8,1.9858584064369582,68.33269734644695,0.2974415867930856,0.0,213,0.058076253365030625,68.33269734644695,0.0,2-25
black-pos-192,2,41,10,T1_P1,1.0,1.0,37,37,2.3677959850201926,68.25406746797985,0.28830722055890445,0.0008653375684512445,213,0.05520510356472851,68.25406746797985,0.0,2-25
black-pos-193,0,41,10,argmax,0.0,0.0,39,1,-0.0,0.0,0.0,0.0,324,1.0,0.0,0.0,0-23
black-pos-193,0,41,10,T0.5_P0.5,0.5,0.5,39,1,-0.0,0.0,0.0,0.0,324,1.0,0.0,0.0,0-23
black-pos-193,0,41,10,T0.5_P0.9,0.5,0.9,39,1,-0.0,0.0,0.0,0.0,324,1.0,0.0,0.0,0-23
black-pos-193,0,41,10,T0.5_P0.95,0.5,0.95,39,1,-0.0,0.0,0.0,0.0,324,1.0,0.0,0.0,0-23
black-pos-193,0,41,10,T0.5_P1,0.5,1.0,39,39,0.3068352508203221,0.8874399408501453,0.000845893341836177,2.5962348772221624e-05,324,0.9569014525162177,0.8874399408501453,0.0,0-23
black-pos-193,0,41,10,T0.9_P0.5,0.9,0.5,39,1,-0.0,0.0,0.0,0.0,324,1.0,0.0,0.0,0-23
black-pos-193,0,41,10,T0.9_P0.9,0.9,0.9,39,3,0.8777924096028255,4.0169478126100815,0.0,0.0,324,0.811838948386158,4.0169478126100815,0.0,0-23
black-pos-193,0,41,10,T0.9_P0.95,0.9,0.95,39,3,0.8777924096028255,4.0169478126100815,0.0,0.0,324,0.811838948386158,4.0169478126100815,0.0,0-23
black-pos-193,0,41,10,T0.9_P1,0.9,1.0,39,39,1.2319300589507334,8.856042217047676,0.018746559105696954,0.0029342672849668114,324,0.7733448269609852,8.856042217047676,0.0,0-23
black-pos-193,0,41,10,T1_P0.5,1.0,0.5,39,1,-0.0,0.0,0.0,0.0,324,1.0,0.0,0.0,0-23
black-pos-193,0,41,10,T1_P0.9,1.0,0.9,39,3,0.9804882769674257,4.889943178760442,0.0,0.0,324,0.7771511330702517,4.889943178760442,0.0,0-23
black-pos-193,0,41,10,T1_P0.95,1.0,0.95,39,4,1.1124890762916722,8.071676417726374,0.02223277182357822,0.0,324,0.7598729092562655,8.071676417726374,0.0,0-23
black-pos-193,0,41,10,T1_P1,1.0,1.0,39,39,1.4702526566174967,12.244454305153,0.027620349680330735,0.005321487095257451,324,0.7225209012785521,12.244454305153,0.0,0-23
black-pos-194,1,25,10,argmax,0.0,0.0,33,1,-0.0,14.0,0.0,0.0,412,0.0,14.0,0.0,1-23
black-pos-194,1,25,10,T0.5_P0.5,0.5,0.5,33,2,0.9296707080306021,16.41611711929871,0.0,0.0,412,0.0,16.41611711929871,0.0,1-23
black-pos-194,1,25,10,T0.5_P0.9,0.5,0.9,33,3,1.4532267797415266,16.52641568434257,0.0,0.0,412,0.0,16.52641568434257,0.0,1-23
black-pos-194,1,25,10,T0.5_P0.95,0.5,0.95,33,4,1.7274199301564468,16.040311825139476,0.0,0.0,412,0.0,16.040311825139476,0.0,1-23
black-pos-194,1,25,10,T0.5_P1,0.5,1.0,33,33,1.8785412851797294,15.908829669437868,0.000948454160425632,1.7532031208635377e-06,412,0.018516639174983637,15.908757961023266,0.0,1-23
black-pos-194,1,25,10,T0.9_P0.5,0.9,0.5,33,2,0.9775305646103565,16.883888646759633,0.0,0.0,412,0.0,16.883888646759633,0.0,1-23
black-pos-194,1,25,10,T0.9_P0.9,0.9,0.9,33,5,2.116291389733861,15.04250388461328,0.0,0.0,412,0.059015494548914166,15.04250388461328,0.0,1-23
black-pos-194,1,25,10,T0.9_P0.95,0.9,0.95,33,6,2.2189740451738698,15.209856939396442,0.0,0.0,412,0.05777434744069221,15.209856939396442,0.0,1-23
black-pos-194,1,25,10,T0.9_P1,0.9,1.0,33,33,2.494015257313128,17.686635226827846,0.011135370853427752,0.0004581265983579301,412,0.05543363652465589,17.669462060252446,0.0,1-23
black-pos-194,1,25,10,T1_P0.5,1.0,0.5,33,2,0.9817455680637175,16.944402121898666,0.0,0.0,412,0.0,16.944402121898666,0.0,1-23
black-pos-194,1,25,10,T1_P0.9,1.0,0.9,33,5,2.1491217343304827,14.88163044310957,0.0,0.0,412,0.06755347422128907,14.88163044310957,0.0,1-23
black-pos-194,1,25,10,T1_P0.95,1.0,0.95,33,7,2.345661634173509,16.501821656148376,0.01465200104683425,0.0,412,0.06480074036428717,16.501821656148376,0.0,1-23
black-pos-194,1,25,10,T1_P1,1.0,1.0,33,33,2.634459239414885,18.77813528160759,0.01504953393563975,0.0009093833985179951,412,0.06197153153454443,18.744926537530787,0.0,1-23
black-pos-195,1,41,10,argmax,0.0,0.0,28,1,-0.0,0.0,0.0,0.0,-75,1.0,0.0,0.0,1-24
black-pos-195,1,41,10,T0.5_P0.5,0.5,0.5,28,1,-0.0,0.0,0.0,0.0,-75,1.0,0.0,0.0,1-24
black-pos-195,1,41,10,T0.5_P0.9,0.5,0.9,28,3,1.3672619698999007,45.76789809761428,0.41410453119204654,0.0,-75,0.5858954688079534,45.76789809761428,0.0,1-24
black-pos-195,1,41,10,T0.5_P0.95,0.5,0.95,28,3,1.3672619698999007,45.76789809761428,0.41410453119204654,0.0,-75,0.5858954688079534,45.76789809761428,0.0,1-24
black-pos-195,1,41,10,T0.5_P1,0.5,1.0,28,28,1.5857361268360306,48.913788369178484,0.43428719893902445,0.00037725562479574493,-75,0.5657128010609755,48.913788369178484,0.0,1-24
black-pos-195,1,41,10,T0.9_P0.5,0.9,0.5,28,2,0.9664418541498445,40.04275639848929,0.392576043122444,0.0,-75,0.607423956877556,40.04275639848929,0.0,1-24
black-pos-195,1,41,10,T0.9_P0.9,0.9,0.9,28,4,1.7882931890889933,64.01073645405111,0.5624900835751949,0.0,-75,0.437509916424805,64.01073645405111,0.0,1-24
black-pos-195,1,41,10,T0.9_P0.95,0.9,0.95,28,6,2.039265498771943,69.10591497679944,0.5849096078180073,0.0,-75,0.4150903921819928,69.10591497679944,0.0,1-24
black-pos-195,1,41,10,T0.9_P1,0.9,1.0,28,28,2.321779339957795,74.68368746062183,0.6017514169724794,0.01049288013235187,-75,0.39824858302752064,74.68368746062183,0.0,1-24
black-pos-195,1,41,10,T1_P0.5,1.0,0.5,28,2,0.9726966594332752,41.1092759317425,0.40303211697786767,0.0,-75,0.5969678830221323,41.1092759317425,0.0,1-24
black-pos-195,1,41,10,T1_P0.9,1.0,0.9,28,5,1.9785209329515445,69.90528366137943,0.5956141584437881,0.0,-75,0.4043858415562118,69.90528366137943,0.0,1-24
black-pos-195,1,41,10,T1_P0.95,1.0,0.95,28,7,2.20203157801462,73.5051230119899,0.6143860130798122,0.0,-75,0.3856139869201878,73.5051230119899,0.0,1-24
black-pos-195,1,41,10,T1_P1,1.0,1.0,28,28,2.4920735534447718,80.54549380571254,0.6304555962975236,0.015861489300855746,-75,0.36954440370247627,80.54549380571254,0.0,1-24
black-pos-196,2,25,10,argmax,0.0,0.0,30,1,-0.0,0.0,0.0,0.0,-32,1.0,0.0,0.0,2-23
black-pos-196,2,25,10,T0.5_P0.5,0.5,0.5,30,1,-0.0,0.0,0.0,0.0,-32,1.0,0.0,0.0,2-23
black-pos-196,2,25,10,T0.5_P0.9,0.5,0.9,30,1,-0.0,0.0,0.0,0.0,-32,1.0,0.0,0.0,2-23
black-pos-196,2,25,10,T0.5_P0.95,0.5,0.95,30,1,-0.0,0.0,0.0,0.0,-32,1.0,0.0,0.0,2-23
black-pos-196,2,25,10,T0.5_P1,0.5,1.0,30,30,0.025916283950169698,0.5963012966418061,0.002310386966781613,0.002310386966781613,-32,0.9975258628173268,0.5963012966418061,0.0,2-23
black-pos-196,2,25,10,T0.9_P0.5,0.9,0.5,30,1,-0.0,0.0,0.0,0.0,-32,1.0,0.0,0.0,2-23
black-pos-196,2,25,10,T0.9_P0.9,0.9,0.9,30,1,-0.0,0.0,0.0,0.0,-32,1.0,0.0,0.0,2-23
black-pos-196,2,25,10,T0.9_P0.95,0.9,0.95,30,1,-0.0,0.0,0.0,0.0,-32,1.0,0.0,0.0,2-23
black-pos-196,2,25,10,T0.9_P1,0.9,1.0,30,30,0.2977520812901826,9.35425293465357,0.03482043751121918,0.03482043751121918,-32,0.9576189301280568,9.35425293465357,0.0,2-23
black-pos-196,2,25,10,T1_P0.5,1.0,0.5,30,1,-0.0,0.0,0.0,0.0,-32,1.0,0.0,0.0,2-23
black-pos-196,2,25,10,T1_P0.9,1.0,0.9,30,1,-0.0,0.0,0.0,0.0,-32,1.0,0.0,0.0,2-23
black-pos-196,2,25,10,T1_P0.95,1.0,0.95,30,2,0.2685756460570425,11.650325150160544,0.04586742185102576,0.04586742185102576,-32,0.9541325781489742,11.650325150160544,0.0,2-23
black-pos-196,2,25,10,T1_P1,1.0,1.0,30,30,0.41064847696288453,13.437760864238573,0.04943753825116238,0.04943753825116238,-32,0.9385375878998443,13.437760864238573,0.0,2-23
black-pos-197,2,41,10,argmax,0.0,0.0,26,1,-0.0,0.0,0.0,0.0,-543,1.0,0.0,0.0,2-26
black-pos-197,2,41,10,T0.5_P0.5,0.5,0.5,26,2,0.8523256190718579,17.77408463035297,0.0,0.0,-543,0.7222799276507349,17.77408463035297,0.0,2-26
black-pos-197,2,41,10,T0.5_P0.9,0.5,0.9,26,4,1.73301601915315,18.991144377781804,0.0,0.0,-543,0.5268273397649144,18.991144377781804,0.0,2-26
black-pos-197,2,41,10,T0.5_P0.95,0.5,0.95,26,5,1.9027806154666038,21.480052065005335,0.0,0.0,-543,0.5063422896412362,21.480052065005335,0.0,2-26
black-pos-197,2,41,10,T0.5_P1,0.5,1.0,26,26,2.141223953636248,22.641637675285462,0.0006313364053799122,0.0,-543,0.48840544956458987,22.641637675285462,0.0,2-26
black-pos-197,2,41,10,T0.9_P0.5,0.9,0.5,26,3,1.5155001386892697,24.006619962880837,0.0,0.0,-543,0.4805114685374864,24.006619962880837,0.0,2-26
black-pos-197,2,41,10,T0.9_P0.9,0.9,0.9,26,6,2.3727090767258954,30.571929975801787,0.0,0.0,-543,0.34036321076385373,30.571929975801787,0.0,2-26
black-pos-197,2,41,10,T0.9_P0.95,0.9,0.95,26,8,2.628017260763709,30.098330589044537,0.0,0.0,-543,0.33662126574296836,30.098330589044537,0.0,2-26
black-pos-197,2,41,10,T0.9_P1,0.9,1.0,26,26,2.8639046565109156,32.331034204715316,0.015309464607449768,0.0,-543,0.32508451990737836,32.331034204715316,0.0,2-26
black-pos-197,2,41,10,T1_P0.5,1.0,0.5,26,3,1.5288371578302333,24.620015095126057,0.0,0.0,-543,0.4652656506988314,24.620015095126057,0.0,2-26
black-pos-197,2,41,10,T1_P0.9,1.0,0.9,26,7,2.5860202244699,31.790213962843552,0.0,0.0,-543,0.30321754776247295,31.790213962843552,0.0,2-26
black-pos-197,2,41,10,T1_P0.95,1.0,0.95,26,8,2.686935157049927,31.031460067571658,0.0,0.0,-543,0.3198480240596838,31.031460067571658,0.0,2-26
black-pos-197,2,41,10,T1_P1,1.0,1.0,26,26,3.0010552741335026,34.22026361949254,0.022509458169003974,0.0,-543,0.3041193782325617,34.22026361949254,0.0,2-26
black-pos-198,0,25,10,argmax,0.0,0.0,37,1,-0.0,11.0,0.0,0.0,270,0.0,11.0,0.0,0-24
black-pos-198,0,25,10,T0.5_P0.5,0.5,0.5,37,1,-0.0,11.0,0.0,0.0,270,0.0,11.0,0.0,0-24
black-pos-198,0,25,10,T0.5_P0.9,0.5,0.9,37,2,0.9461865069620543,30.67164771818791,0.0,0.0,270,0.0,30.67164771818791,0.0,0-24
black-pos-198,0,25,10,T0.5_P0.95,0.5,0.95,37,2,0.9461865069620543,30.67164771818791,0.0,0.0,270,0.0,30.67164771818791,0.0,0-24
black-pos-198,0,25,10,T0.5_P1,0.5,1.0,37,37,1.0664187981946296,30.653306954378834,2.446331539531348e-06,2.4378289277427405e-06,270,0.00015204653011284856,30.653306954378834,0.0,0-24
black-pos-198,0,25,10,T0.9_P0.5,0.9,0.5,37,1,-0.0,11.0,0.0,0.0,270,0.0,11.0,0.0,0-24
black-pos-198,0,25,10,T0.9_P0.9,0.9,0.9,37,3,1.2416506283636335,33.58127318379811,0.0,0.0,270,0.0,33.58127318379811,0.0,0-24
black-pos-198,0,25,10,T0.9_P0.95,0.9,0.95,37,4,1.4199526531980098,33.453001476399315,0.0,0.0,270,0.0,33.453001476399315,0.0,0-24
black-pos-198,0,25,10,T0.9_P1,0.9,1.0,37,37,1.5546921703466021,34.445661290752064,0.001094590952000627,0.0010590951156620324,270,0.005071537930220101,34.445661290752064,0.0,0-24
black-pos-198,0,25,10,T1_P0.5,1.0,0.5,37,2,0.9861573028251542,34.26573330776531,0.0,0.0,270,0.0,34.26573330776531,0.0,0-24
black-pos-198,0,25,10,T1_P0.9,1.0,0.9,37,3,1.2811334659169344,33.9007971600878,0.0,0.0,270,0.0,33.9007971600878,0.0,0-24
black-pos-198,0,25,10,T1_P0.95,1.0,0.95,37,4,1.4887879221942715,33.72458636498591,0.0,0.0,270,0.0,33.72458636498591,0.0,0-24
black-pos-198,0,25,10,T1_P1,1.0,1.0,37,37,1.698129864313647,35.80958494939004,0.0023851675820725964,0.0022853134226743076,270,0.007685744803811101,35.80958494939004,0.0,0-24
black-pos-199,0,41,10,argmax,0.0,0.0,31,1,-0.0,1.0,0.0,0.0,249,0.0,1.0,0.0,0-24
black-pos-199,0,41,10,T0.5_P0.5,0.5,0.5,31,1,-0.0,1.0,0.0,0.0,249,0.0,1.0,0.0,0-24
black-pos-199,0,41,10,T0.5_P0.9,0.5,0.9,31,3,1.2447667882788256,32.85897389742889,0.07872870195333134,0.0,249,0.0,32.85897389742889,0.0,0-24
black-pos-199,0,41,10,T0.5_P0.95,0.5,0.95,31,5,1.505365943565839,33.79211501358876,0.09708087275637761,0.0,249,0.0246547416203559,33.79211501358876,0.0,0-24
black-pos-199,0,41,10,T0.5_P1,0.5,1.0,31,31,1.8005659415400217,34.6142750852038,0.09329690690360914,1.3432305650796268e-05,249,0.023615923394977367,34.6142750852038,0.0,0-24
black-pos-199,0,41,10,T0.9_P0.5,0.9,0.5,31,2,0.974139182062999,31.015327376363324,0.0,0.0,249,0.0,31.015327376363324,0.0,0-24
black-pos-199,0,41,10,T0.9_P0.9,0.9,0.9,31,8,2.441880633841069,46.43328935788985,0.18225021382590684,0.0,249,0.06519672309565906,46.43328935788985,0.0,0-24
black-pos-199,0,41,10,T0.9_P0.95,0.9,0.95,31,11,2.7208488833303544,47.204665138209094,0.17111333176586696,0.0,249,0.0612127046378754,47.204665138209094,0.0,0-24
black-pos-199,0,41,10,T0.9_P1,0.9,1.0,31,31,2.94599855554144,48.433334424359174,0.17153116590065448,0.0014601658512409315,249,0.058997485317386675,48.433334424359174,0.0,0-24
black-pos-199,0,41,10,T1_P0.5,1.0,0.5,31,2,0.9789808887326074,31.699465158632318,0.0,0.0,249,0.0,31.699465158632318,0.0,0-24
black-pos-199,0,41,10,T1_P0.9,1.0,0.9,31,9,2.650558992320151,48.7959421909712,0.1883967805164729,0.0,249,0.0700366407689852,48.7959421909712,0.0,0-24
black-pos-199,0,41,10,T1_P0.95,1.0,0.95,31,11,2.8470701014959774,48.75275915945085,0.17948262543596533,0.0,249,0.06672279710657747,48.75275915945085,0.0,0-24
black-pos-199,0,41,10,T1_P1,1.0,1.0,31,31,3.1325481781887383,50.58631188747251,0.18022068870988886,0.0025760814681664956,249,0.06341339368070309,50.58631188747251,0.0,0-24
black-pos-200,1,25,10,argmax,0.0,0.0,27,1,-0.0,0.0,0.0,0.0,3,1.0,0.0,0.0,1-24
black-pos-200,1,25,10,T0.5_P0.5,0.5,0.5,27,1,-0.0,0.0,0.0,0.0,3,1.0,0.0,0.0,1-24
black-pos-200,1,25,10,T0.5_P0.9,0.5,0.9,27,1,-0.0,0.0,0.0,0.0,3,1.0,0.0,0.0,1-24
black-pos-200,1,25,10,T0.5_P0.95,0.5,0.95,27,1,-0.0,0.0,0.0,0.0,3,1.0,0.0,0.0,1-24
black-pos-200,1,25,10,T0.5_P1,0.5,1.0,27,27,0.15446382497601546,1.3937826694853608,0.004610225752814734,0.00045399803893598866,3,0.9845448137332595,1.3937826694853608,0.0,1-24
black-pos-200,1,25,10,T0.9_P0.5,0.9,0.5,27,1,-0.0,0.0,0.0,0.0,3,1.0,0.0,0.0,1-24
black-pos-200,1,25,10,T0.9_P0.9,0.9,0.9,27,4,0.718257232174544,10.477343610060059,0.04132245392520286,0.0,3,0.8795341534513823,10.477343610060059,0.0,1-24
black-pos-200,1,25,10,T0.9_P0.95,0.9,0.95,27,7,1.0465960320730843,14.211198124840083,0.03926334813914466,0.0,3,0.8357067982878746,14.211198124840083,0.0,1-24
black-pos-200,1,25,10,T0.9_P1,0.9,1.0,27,27,1.3528015858115616,19.07341081711983,0.05939357946286908,0.011337077951865362,3,0.8030833514130163,19.07341081711983,0.0,1-24
black-pos-200,1,25,10,T1_P0.5,1.0,0.5,27,1,-0.0,0.0,0.0,0.0,3,1.0,0.0,0.0,1-24
black-pos-200,1,25,10,T1_P0.9,1.0,0.9,27,6,1.1669558689050465,17.040491730202007,0.05106217419305296,0.0,3,0.8004961483976931,17.040491730202007,0.0,1-24
black-pos-200,1,25,10,T1_P0.95,1.0,0.95,27,8,1.3878560075158768,19.875473837146362,0.049186465917603915,0.0,3,0.7710908738722124,19.875473837146362,0.0,1-24
black-pos-200,1,25,10,T1_P1,1.0,1.0,27,27,1.7077693345976575,25.6762227258943,0.08011813033592288,0.016065571677728274,3,0.7381996438125724,25.6762227258943,0.0,1-24
black-pos-201,1,41,10,argmax,0.0,0.0,40,1,-0.0,0.0,0.0,0.0,601,1.0,0.0,0.0,1-25
black-pos-201,1,41,10,T0.5_P0.5,0.5,0.5,40,1,-0.0,0.0,0.0,0.0,601,1.0,0.0,0.0,1-25
black-pos-201,1,41,10,T0.5_P0.9,0.5,0.9,40,1,-0.0,0.0,0.0,0.0,601,1.0,0.0,0.0,1-25
black-pos-201,1,41,10,T0.5_P0.95,0.5,0.95,40,1,-0.0,0.0,0.0,0.0,601,1.0,0.0,0.0,1-25
black-pos-201,1,41,10,T0.5_P1,0.5,1.0,40,40,0.24875998977036795,5.209289474688933,0.03025037649103118,0.01589442872814835,601,0.9694248020528792,5.209262071244953,0.0,1-25
black-pos-201,1,41,10,T0.9_P0.5,0.9,0.5,40,1,-0.0,0.0,0.0,0.0,601,1.0,0.0,0.0,1-25
black-pos-201,1,41,10,T0.9_P0.9,0.9,0.9,40,3,0.7477028705339477,25.332313177555054,0.14746807737986756,0.08655558240630438,601,0.8525319226201323,25.332313177555054,0.0,1-25
black-pos-201,1,41,10,T0.9_P0.95,0.9,0.95,40,4,0.9808432898736198,30.783642379724487,0.18630422679467437,0.08261263852135774,601,0.8136957732053256,30.783642379724487,0.0,1-25
black-pos-201,1,41,10,T0.9_P1,0.9,1.0,40,40,1.3209415268415028,36.238535028555404,0.207915484153284,0.08556526833819193,601,0.7802933164136829,36.20617431919441,0.0,1-25
black-pos-201,1,41,10,T1_P0.5,1.0,0.5,40,1,-0.0,0.0,0.0,0.0,601,1.0,0.0,0.0,1-25
black-pos-201,1,41,10,T1_P0.9,1.0,0.9,40,4,1.1278225803851354,37.50834274277287,0.22799920719075878,0.09852438578337429,601,0.7720007928092412,37.50834274277287,0.0,1-25
black-pos-201,1,41,10,T1_P0.95,1.0,0.95,40,5,1.22590942633069,39.87826846776424,0.2399971392186477,0.09699318413859759,601,0.7600028607813524,39.87826846776424,0.0,1-25
black-pos-201,1,41,10,T1_P1,1.0,1.0,40,40,1.618327971996484,45.97812025433698,0.2599296266195084,0.10263769178068385,601,0.7223968350751862,45.901330478422416,0.0,1-25
black-pos-202,2,25,10,argmax,0.0,0.0,41,1,-0.0,0.0,0.0,0.0,-137,1.0,0.0,0.0,2-24
black-pos-202,2,25,10,T0.5_P0.5,0.5,0.5,41,1,-0.0,0.0,0.0,0.0,-137,1.0,0.0,0.0,2-24
black-pos-202,2,25,10,T0.5_P0.9,0.5,0.9,41,2,0.8757271603159236,68.26175066815182,0.29550541414784337,0.29550541414784337,-137,0.7044945858521567,68.26175066815182,0.0,2-24
black-pos-202,2,25,10,T0.5_P0.95,0.5,0.95,41,4,1.2386317311328994,82.90281150883752,0.3427320750970619,0.3071079829119993,-137,0.6572679249029382,82.90281150883752,0.0,2-24
black-pos-202,2,25,10,T0.5_P1,0.5,1.0,41,41,1.398596602240819,81.54423754122314,0.3348473778644776,0.3002139752971658,-137,0.6389896062331105,81.54423754122314,0.0,2-24
black-pos-202,2,25,10,T0.9_P0.5,0.9,0.5,41,2,0.959180571904056,88.15502447323576,0.3816234825681202,0.3816234825681202,-137,0.6183765174318798,88.15502447323576,0.0,2-24
black-pos-202,2,25,10,T0.9_P0.9,0.9,0.9,41,5,1.9360382509831617,118.14914501258617,0.4608932234211037,0.3696150239995698,-137,0.46099863383981293,118.14914501258617,0.0,2-24
black-pos-202,2,25,10,T0.9_P0.95,0.9,0.95,41,5,1.9360382509831617,118.14914501258617,0.4608932234211037,0.3696150239995698,-137,0.46099863383981293,118.14914501258617,0.0,2-24
black-pos-202,2,25,10,T0.9_P1,0.9,1.0,41,41,2.1404239606206206,126.85187461887465,0.4766217462601109,0.38800660229748923,-137,0.4475489280373494,126.85187461887465,0.0,2-24
black-pos-202,2,25,10,T1_P0.5,1.0,0.5,41,2,0.9667565133526033,90.80076850706331,0.393076919943997,0.393076919943997,-137,0.606923080056003,90.80076850706331,0.0,2-24
black-pos-202,2,25,10,T1_P0.9,1.0,0.9,41,5,2.0026414288076935,123.43070682060261,0.4775642130898191,0.3764053969300072,-137,0.4345132804416082,123.43070682060261,0.0,2-24
black-pos-202,2,25,10,T1_P0.95,1.0,0.95,41,5,2.0026414288076935,123.43070682060261,0.4775642130898191,0.3764053969300072,-137,0.4345132804416082,123.43070682060261,0.0,2-24
black-pos-202,2,25,10,T1_P1,1.0,1.0,41,41,2.283872708656801,136.41791347894895,0.49976365994268585,0.40290330460677737,-137,0.4160498544709701,136.41791347894895,0.0,2-24
black-pos-203,2,41,10,argmax,0.0,0.0,21,1,-0.0,0.0,0.0,0.0,132,1.0,0.0,0.0,2-27
black-pos-203,2,41,10,T0.5_P0.5,0.5,0.5,21,1,-0.0,0.0,0.0,0.0,132,1.0,0.0,0.0,2-27
black-pos-203,2,41,10,T0.5_P0.9,0.5,0.9,21,1,-0.0,0.0,0.0,0.0,132,1.0,0.0,0.0,2-27
black-pos-203,2,41,10,T0.5_P0.95,0.5,0.95,21,1,-0.0,0.0,0.0,0.0,132,1.0,0.0,0.0,2-27
black-pos-203,2,41,10,T0.5_P1,0.5,1.0,21,21,0.0013365329488856156,0.010883925957978848,8.738310081456099e-05,4.681296391059557e-10,132,0.9999126168991855,0.010883925957978848,0.0,2-27
black-pos-203,2,41,10,T0.9_P0.5,0.9,0.5,21,1,-0.0,0.0,0.0,0.0,132,1.0,0.0,0.0,2-27
black-pos-203,2,41,10,T0.9_P0.9,0.9,0.9,21,1,-0.0,0.0,0.0,0.0,132,1.0,0.0,0.0,2-27
black-pos-203,2,41,10,T0.9_P0.95,0.9,0.95,21,1,-0.0,0.0,0.0,0.0,132,1.0,0.0,0.0,2-27
black-pos-203,2,41,10,T0.9_P1,0.9,1.0,21,21,0.06648693137238457,0.8771334864428532,0.006882231285477034,7.367064027518107e-06,132,0.993117768714523,0.8771334864428532,0.0,2-27
black-pos-203,2,41,10,T1_P0.5,1.0,0.5,21,1,-0.0,0.0,0.0,0.0,132,1.0,0.0,0.0,2-27
black-pos-203,2,41,10,T1_P0.9,1.0,0.9,21,1,-0.0,0.0,0.0,0.0,132,1.0,0.0,0.0,2-27
black-pos-203,2,41,10,T1_P0.95,1.0,0.95,21,1,-0.0,0.0,0.0,0.0,132,1.0,0.0,0.0,2-27
black-pos-203,2,41,10,T1_P1,1.0,1.0,21,21,0.10930450941033967,1.5659724158601247,0.012160700441404125,2.523693754665645e-05,132,0.9878392995585957,1.5659724158601247,0.0,2-27
black-pos-204,0,25,10,argmax,0.0,0.0,23,1,-0.0,0.0,0.0,0.0,45,1.0,0.0,0.0,0-25
black-pos-204,0,25,10,T0.5_P0.5,0.5,0.5,23,1,-0.0,0.0,0.0,0.0,45,1.0,0.0,0.0,0-25
black-pos-204,0,25,10,T0.5_P0.9,0.5,0.9,23,1,-0.0,0.0,0.0,0.0,45,1.0,0.0,0.0,0-25
black-pos-204,0,25,10,T0.5_P0.95,0.5,0.95,23,1,-0.0,0.0,0.0,0.0,45,1.0,0.0,0.0,0-25
black-pos-204,0,25,10,T0.5_P1,0.5,1.0,23,23,3.814769180379297e-05,0.0010805517496083282,1.8179986312013442e-06,1.8179986312013442e-06,45,0.9999981820013688,0.0010805517496083282,0.0,0-25
black-pos-204,0,25,10,T0.9_P0.5,0.9,0.5,23,1,-0.0,0.0,0.0,0.0,45,1.0,0.0,0.0,0-25
black-pos-204,0,25,10,T0.9_P0.9,0.9,0.9,23,1,-0.0,0.0,0.0,0.0,45,1.0,0.0,0.0,0-25
black-pos-204,0,25,10,T0.9_P0.95,0.9,0.95,23,1,-0.0,0.0,0.0,0.0,45,1.0,0.0,0.0,0-25
black-pos-204,0,25,10,T0.9_P1,0.9,1.0,23,23,0.01211464233378499,0.5807823833518165,0.0009098385199951867,0.0009098385199951867,45,0.9990901614800048,0.5807823833518165,0.0,0-25
black-pos-204,0,25,10,T1_P0.5,1.0,0.5,23,1,-0.0,0.0,0.0,0.0,45,1.0,0.0,0.0,0-25
black-pos-204,0,25,10,T1_P0.9,1.0,0.9,23,1,-0.0,0.0,0.0,0.0,45,1.0,0.0,0.0,0-25
black-pos-204,0,25,10,T1_P0.95,1.0,0.95,23,1,-0.0,0.0,0.0,0.0,45,1.0,0.0,0.0,0-25
black-pos-204,0,25,10,T1_P1,1.0,1.0,23,23,0.02596876129669604,1.3574972243373873,0.0020914979255085594,0.0020914979255085594,45,0.9979085020744917,1.3574972243373873,0.0,0-25
black-pos-205,0,41,10,argmax,0.0,0.0,36,1,-0.0,0.0,0.0,0.0,323,1.0,0.0,0.0,0-25
black-pos-205,0,41,10,T0.5_P0.5,0.5,0.5,36,2,0.8224479642577863,24.688457920336546,0.0,0.0,323,0.7428285633298277,24.688457920336546,0.0,0-25
black-pos-205,0,41,10,T0.5_P0.9,0.5,0.9,36,5,1.844690959287543,50.65342104005882,0.11896912649859256,0.0647443094472574,323,0.5329545117022728,50.65342104005882,0.0,0-25
black-pos-205,0,41,10,T0.5_P0.95,0.5,0.95,36,6,1.9602021728721837,51.121224288622166,0.11623381930201865,0.0632557251331548,323,0.5207009602624124,51.121224288622166,0.0,0-25
black-pos-205,0,41,10,T0.5_P1,0.5,1.0,36,36,2.2697109982765564,54.767781406243984,0.12200250827196922,0.06770170944429545,323,0.4956453282597294,54.767781406243984,0.0,0-25
black-pos-205,0,41,10,T0.9_P0.5,0.9,0.5,36,3,1.516403071502516,44.19747378844724,0.0,0.0,323,0.48227164342026557,44.19747378844724,0.0,0-25
black-pos-205,0,41,10,T0.9_P0.9,0.9,0.9,36,9,2.784767240352436,80.96554967767642,0.2122763533045248,0.12462821860262642,323,0.31198028388980265,80.96554967767642,0.0,0-25
black-pos-205,0,41,10,T0.9_P0.95,0.9,0.95,36,12,3.0382313127797307,81.7165218246038,0.21790750011421411,0.11723278797795697,323,0.2934673935376726,81.7165218246038,0.0,0-25
black-pos-205,0,41,10,T0.9_P1,0.9,1.0,36,36,3.2766383401983994,87.67672608118653,0.23778819569059373,0.1318130642658458,323,0.28290946431937813,87.67672608118653,0.0,0-25
black-pos-205,0,41,10,T1_P0.5,1.0,0.5,36,3,1.5296919462385787,45.50114009297843,0.0,0.0,323,0.46677075910607674,45.50114009297843,0.0,0-25
black-pos-205,0,41,10,T1_P0.9,1.0,0.9,36,10,2.9528639022360204,84.77706324289494,0.21933341295208497,0.12979877816121851,323,0.28069656000275445,84.77706324289494,0.0,0-25
black-pos-205,0,41,10,T1_P0.95,1.0,0.95,36,13,3.175042442915159,87.35642979275983,0.23765225938771548,0.131147243191533,323,0.26561151452678095,87.35642979275983,0.0,0-25
black-pos-205,0,41,10,T1_P1,1.0,1.0,36,36,3.4427255339015637,93.87770171868027,0.25869693100327507,0.14414644817036423,323,0.25426713143113694,93.87770171868027,0.0,0-25
black-pos-206,1,25,10,argmax,0.0,0.0,18,1,-0.0,0.0,0.0,0.0,-136,1.0,0.0,0.0,1-25
black-pos-206,1,25,10,T0.5_P0.5,0.5,0.5,18,1,-0.0,0.0,0.0,0.0,-136,1.0,0.0,0.0,1-25
black-pos-206,1,25,10,T0.5_P0.9,0.5,0.9,18,2,0.6951517614680478,32.911869218374534,0.18699925692258257,0.0,-136,0.8130007430774173,32.911869218374534,0.0,1-25
black-pos-206,1,25,10,T0.5_P0.95,0.5,0.95,18,2,0.6951517614680478,32.911869218374534,0.18699925692258257,0.0,-136,0.8130007430774173,32.911869218374534,0.0,1-25
black-pos-206,1,25,10,T0.5_P1,0.5,1.0,18,18,0.9465046331029691,398.70517193767944,0.21725650121658155,0.03721674863354674,-136,0.7827434987834185,68.90374508816086,0.037216748633546716,1-25
black-pos-206,1,25,10,T0.9_P0.5,0.9,0.5,18,1,-0.0,0.0,0.0,0.0,-136,1.0,0.0,0.0,1-25
black-pos-206,1,25,10,T0.9_P0.9,0.9,0.9,18,3,1.2333910279429081,888.784886438116,0.3655434250855826,0.08511761755348476,-136,0.6344565749144174,134.47255967913398,0.08511761755348476,1-25
black-pos-206,1,25,10,T0.9_P0.95,0.9,0.95,18,4,1.498531751435163,1466.2608526247836,0.406378761617849,0.14400191547361374,-136,0.593621238382151,190.18024039499915,0.14400191547361374,1-25
black-pos-206,1,25,10,T0.9_P1,0.9,1.0,18,18,1.752641345014946,1770.065945414378,0.4278585777596408,0.1749756749763288,-136,0.5721414222403594,219.4830658661917,0.1749756749763288,1-25
black-pos-206,1,25,10,T1_P0.5,1.0,0.5,18,1,-0.0,0.0,0.0,0.0,-136,1.0,0.0,0.0,1-25
black-pos-206,1,25,10,T1_P0.9,1.0,0.9,18,4,1.5768581459684274,1707.1307766207165,0.437885613037822,0.16829847386983005,-136,0.562114386962178,215.74581036339663,0.16829847386983005,1-25
black-pos-206,1,25,10,T1_P0.95,1.0,0.95,18,5,1.6852853890209174,1867.276509379102,0.4489230902126693,0.18462946774557495,-136,0.5510769097873307,231.14514529978356,0.18462946774557495,1-25
black-pos-206,1,25,10,T1_P1,1.0,1.0,18,18,1.9191621835527324,2134.3235371911474,0.46733108697122283,0.21186584409919842,-136,0.5326689130287772,256.8277268446747,0.21186584409919842,1-25
black-pos-207,1,41,10,argmax,0.0,0.0,44,1,-0.0,0.0,0.0,0.0,526,1.0,0.0,0.0,1-27
black-pos-207,1,41,10,T0.5_P0.5,0.5,0.5,44,1,-0.0,0.0,0.0,0.0,526,1.0,0.0,0.0,1-27
black-pos-207,1,41,10,T0.5_P0.9,0.5,0.9,44,2,0.9133968796170301,10.183812440741779,0.0,0.0,526,0.6714899212663942,10.183812440741779,0.0,1-27
black-pos-207,1,41,10,T0.5_P0.95,0.5,0.95,44,2,0.9133968796170301,10.183812440741779,0.0,0.0,526,0.6714899212663942,10.183812440741779,0.0,1-27
black-pos-207,1,41,10,T0.5_P1,0.5,1.0,44,44,1.0960896720268105,13.654627665841872,0.03371382328216793,4.232883907716193e-07,526,0.6488174183239268,13.654626031376704,0.0,1-27
black-pos-207,1,41,10,T0.9_P0.5,0.9,0.5,44,1,-0.0,0.0,0.0,0.0,526,1.0,0.0,0.0,1-27
black-pos-207,1,41,10,T0.9_P0.9,0.9,0.9,44,3,1.3518501455169332,22.884626990665573,0.10367155582557037,0.0,526,0.5360142124848774,22.884626990665573,0.0,1-27
black-pos-207,1,41,10,T0.9_P0.95,0.9,0.95,44,3,1.3518501455169332,22.884626990665573,0.10367155582557037,0.0,526,0.5360142124848774,22.884626990665573,0.0,1-27
black-pos-207,1,41,10,T0.9_P1,0.9,1.0,44,44,1.3986668456819353,23.472786134853525,0.10416836128292595,0.00037574632424777776,526,0.5335595580479582,23.46779190494567,0.0,1-27
black-pos-207,1,41,10,T1_P0.5,1.0,0.5,44,1,-0.0,0.0,0.0,0.0,526,1.0,0.0,0.0,1-27
black-pos-207,1,41,10,T1_P0.9,1.0,0.9,44,3,1.386093798339755,24.61402121429984,0.11826722972287755,0.0,526,0.5188352136443911,24.61402121429984,0.0,1-27
black-pos-207,1,41,10,T1_P0.95,1.0,0.95,44,3,1.386093798339755,24.61402121429984,0.11826722972287755,0.0,526,0.5188352136443911,24.61402121429984,0.0,1-27
black-pos-207,1,41,10,T1_P1,1.0,1.0,44,44,1.4678997612162623,25.835138110813737,0.11953785540543471,0.0008943278570495249,526,0.5144373509528765,25.821666619746775,0.0,1-27
black-pos-208,2,25,10,argmax,0.0,0.0,35,1,-0.0,0.0,0.0,0.0,187,1.0,0.0,0.0,2-25
black-pos-208,2,25,10,T0.5_P0.5,0.5,0.5,35,1,-0.0,0.0,0.0,0.0,187,1.0,0.0,0.0,2-25
black-pos-208,2,25,10,T0.5_P0.9,0.5,0.9,35,2,0.5625930060072187,1.3188785854776723,0.0,0.0,187,0.8681121414522327,1.3188785854776723,0.0,2-25
black-pos-208,2,25,10,T0.5_P0.95,0.5,0.95,35,2,0.5625930060072187,1.3188785854776723,0.0,0.0,187,0.8681121414522327,1.3188785854776723,0.0,2-25
black-pos-208,2,25,10,T0.5_P1,0.5,1.0,35,35,0.8569970189580592,2.4830123140675306,0.0001546317814279301,1.0979374230493471e-05,187,0.8365834851617892,2.4830123140675306,0.0,2-25
black-pos-208,2,25,10,T0.9_P0.5,0.9,0.5,35,1,-0.0,0.0,0.0,0.0,187,1.0,0.0,0.0,2-25
black-pos-208,2,25,10,T0.9_P0.9,0.9,0.9,35,7,1.7267880737665515,7.194394802300268,0.0,0.0,187,0.6090513533372438,7.194394802300268,0.0,2-25
black-pos-208,2,25,10,T0.9_P0.95,0.9,0.95,35,10,1.9931609843986091,7.130611747548731,0.0,0.0,187,0.5804874893229591,7.130611747548731,0.0,2-25
black-pos-208,2,25,10,T0.9_P1,0.9,1.0,35,35,2.2930328489751095,9.869698559838287,0.00806780076875257,0.0011048258920154394,187,0.5559814480245592,9.869698559838287,0.0,2-25
black-pos-208,2,25,10,T1_P0.5,1.0,0.5,35,2,0.8560758918708867,2.8045930547892945,0.0,0.0,187,0.7195406945210705,2.8045930547892945,0.0,2-25
black-pos-208,2,25,10,T1_P0.9,1.0,0.9,35,8,1.9974117736884678,7.9952802625712724,0.0,0.0,187,0.5520049269236639,7.9952802625712724,0.0,2-25
black-pos-208,2,25,10,T1_P0.95,1.0,0.95,35,11,2.2933865797902917,8.350699450805717,0.0,0.0,187,0.5199177767411829,8.350699450805717,0.0,2-25
black-pos-208,2,25,10,T1_P1,1.0,1.0,35,35,2.5970346093790595,12.23679443953028,0.012588628281537968,0.0018734237267086994,187,0.4975755908788488,12.23679443953028,0.0,2-25
black-pos-209,2,41,10,argmax,0.0,0.0,41,1,-0.0,60.0,0.0,0.0,96,0.0,60.0,0.0,2-28
black-pos-209,2,41,10,T0.5_P0.5,0.5,0.5,41,1,-0.0,60.0,0.0,0.0,96,0.0,60.0,0.0,2-28
black-pos-209,2,41,10,T0.5_P0.9,0.5,0.9,41,3,1.375306211508336,41.38055667835311,0.0,0.0,96,0.26454399595236155,41.38055667835311,0.0,2-28
black-pos-209,2,41,10,T0.5_P0.95,0.5,0.95,41,3,1.375306211508336,41.38055667835311,0.0,0.0,96,0.26454399595236155,41.38055667835311,0.0,2-28
black-pos-209,2,41,10,T0.5_P1,0.5,1.0,41,41,1.406868416580045,43.10571737545037,0.003844577152265249,0.003844577152265249,96,0.26352693614975414,43.10571737545037,0.0,2-28
black-pos-209,2,41,10,T0.9_P0.5,0.9,0.5,41,2,0.966087422505709,36.47911636386234,0.0,0.0,96,0.392014727268961,36.47911636386234,0.0,2-28
black-pos-209,2,41,10,T0.9_P0.9,0.9,0.9,41,3,1.5171445038376306,37.71617016352799,0.0,0.0,96,0.304176739755748,37.71617016352799,0.0,2-28
black-pos-209,2,41,10,T0.9_P0.95,0.9,0.95,41,3,1.5171445038376306,37.71617016352799,0.0,0.0,96,0.304176739755748,37.71617016352799,0.0,2-28
black-pos-209,2,41,10,T0.9_P1,0.9,1.0,41,41,1.729960547949897,53.9840968756851,0.034471132901753694,0.034471132901753694,96,0.29369142293400546,53.9840968756851,0.0,2-28
black-pos-209,2,41,10,T1_P0.5,1.0,0.5,41,2,0.9724069830563384,35.84865714586464,0.0,0.0,96,0.40252238090225595,35.84865714586464,0.0,2-28
black-pos-209,2,41,10,T1_P0.9,1.0,0.9,41,3,1.5298840310912867,37.28891325934573,0.0,0.0,96,0.30827705371850084,37.28891325934573,0.0,2-28
black-pos-209,2,41,10,T1_P0.95,1.0,0.95,41,3,1.5298840310912867,37.28891325934573,0.0,0.0,96,0.30827705371850084,37.28891325934573,0.0,2-28
black-pos-209,2,41,10,T1_P1,1.0,1.0,41,41,1.821340067910479,60.23375277930672,0.04777864619519705,0.04777864619519705,96,0.2935479934387868,60.23375277930672,0.0,2-28
black-pos-210,0,25,10,argmax,0.0,0.0,30,1,-0.0,6.0,0.0,0.0,-20,0.0,6.0,0.0,0-26
black-pos-210,0,25,10,T0.5_P0.5,0.5,0.5,30,2,0.9918272367593206,4.659511759744571,0.0,0.0,-20,0.0,4.659511759744571,0.0,0-26
black-pos-210,0,25,10,T0.5_P0.9,0.5,0.9,30,5,2.123236523130328,7.7837699070743565,0.0,0.0,-20,0.09605468336350802,7.7837699070743565,0.0,0-26
black-pos-210,0,25,10,T0.5_P0.95,0.5,0.95,30,6,2.286821733293497,7.750399045435332,0.0,0.0,-20,0.09196492753163489,7.750399045435332,0.0,0-26
black-pos-210,0,25,10,T0.5_P1,0.5,1.0,30,30,2.3848654995946954,8.516929439816707,0.006294924933154021,3.782341678918614e-06,-20,0.09075195180877138,8.516929439816707,0.0,0-26
black-pos-210,0,25,10,T0.9_P0.5,0.9,0.5,30,3,1.5752218897833516,8.120704279344402,0.0,0.0,-20,0.0,8.120704279344402,0.0,0-26
black-pos-210,0,25,10,T0.9_P0.9,0.9,0.9,30,6,2.4777421276407785,8.11417215749255,0.0,0.0,-20,0.1265987925543607,8.11417215749255,0.0,0-26
black-pos-210,0,25,10,T0.9_P0.95,0.9,0.95,30,8,2.669985578338788,11.071036185925713,0.027483589266831174,0.0,-20,0.12106889702864847,11.071036185925713,0.0,0-26
black-pos-210,0,25,10,T0.9_P1,0.9,1.0,30,30,2.922432631463089,11.898502235112574,0.026964904184879006,0.0006478482188067634,-20,0.1159301613744769,11.898502235112574,0.0,0-26
black-pos-210,0,25,10,T1_P0.5,1.0,0.5,30,3,1.5770520951158937,8.172889936766518,0.0,0.0,-20,0.0,8.172889936766518,0.0,0-26
black-pos-210,0,25,10,T1_P0.9,1.0,0.9,30,7,2.624405349992688,11.686843119548021,0.0333432677755622,0.0,-20,0.12664014027869408,11.686843119548021,0.0,0-26
black-pos-210,0,25,10,T1_P0.95,1.0,0.95,30,9,2.7997065711878,12.145366997464864,0.03203208313324248,0.0,-20,0.12166016626557895,12.145366997464864,0.0,0-26
black-pos-210,0,25,10,T1_P1,1.0,1.0,30,30,3.0382673427629623,12.894266262988477,0.03203431797414118,0.001239091269568628,-20,0.11696249617860068,12.894266262988477,0.0,0-26
black-pos-211,0,41,10,argmax,0.0,0.0,34,1,-0.0,0.0,0.0,0.0,162,1.0,0.0,0.0,0-26
black-pos-211,0,41,10,T0.5_P0.5,0.5,0.5,34,1,-0.0,0.0,0.0,0.0,162,1.0,0.0,0.0,0-26
black-pos-211,0,41,10,T0.5_P0.9,0.5,0.9,34,2,0.7733063762902292,56.602150944578845,0.22731787527943312,0.22731787527943312,162,0.7726821247205669,56.602150944578845,0.0,0-26
black-pos-211,0,41,10,T0.5_P0.95,0.5,0.95,34,2,0.7733063762902292,56.602150944578845,0.22731787527943312,0.22731787527943312,162,0.7726821247205669,56.602150944578845,0.0,0-26
black-pos-211,0,41,10,T0.5_P1,0.5,1.0,34,34,1.0225981340460164,64.16814489664648,0.25285032599191765,0.2424589206070116,162,0.7471496740080825,64.16814489664648,0.0,0-26
black-pos-211,0,41,10,T0.9_P0.5,0.9,0.5,34,1,-0.0,0.0,0.0,0.0,162,1.0,0.0,0.0,0-26
black-pos-211,0,41,10,T0.9_P0.9,0.9,0.9,34,4,1.4534589403150378,104.12843316292229,0.4146216976742506,0.36062994974521206,162,0.5853783023257494,104.12843316292229,0.0,0-26
black-pos-211,0,41,10,T0.9_P0.95,0.9,0.95,34,6,1.744550813322756,118.1137942320471,0.4486952566377891,0.3978462473433999,162,0.5513047433622109,118.1137942320471,0.0,0-26
black-pos-211,0,41,10,T0.9_P1,0.9,1.0,34,34,2.0233017931593533,125.37430300094091,0.46797957999744966,0.4127683569970339,162,0.5320204200025501,125.37430300094091,0.0,0-26
black-pos-211,0,41,10,T1_P0.5,1.0,0.5,34,2,0.9355400873847047,87.56284408488678,0.3516580083730393,0.3516580083730393,162,0.6483419916269607,87.56284408488678,0.0,0-26
black-pos-211,0,41,10,T1_P0.9,1.0,0.9,34,5,1.7305901674256379,122.77809140528288,0.4688982971758528,0.40672850953205963,162,0.5311017028241471,122.77809140528288,0.0,0-26
black-pos-211,0,41,10,T1_P0.95,1.0,0.95,34,7,1.9408288577856796,130.67658127886045,0.4903171223601218,0.4306545829631422,162,0.5096828776398782,130.67658127886045,0.0,0-26
black-pos-211,0,41,10,T1_P1,1.0,1.0,34,34,2.262762131460087,138.97560906097112,0.5115751410332524,0.444994778095281,162,0.4884248589667478,138.97560906097112,0.0,0-26
black-pos-212,1,25,10,argmax,0.0,0.0,39,1,-0.0,155.0,1.0,0.0,154,0.0,155.0,0.0,1-27
black-pos-212,1,25,10,T0.5_P0.5,0.5,0.5,39,2,0.9996048270603307,126.19043613866474,0.5117023074349953,0.0,154,0.0,126.19043613866474,0.0,1-27
black-pos-212,1,25,10,T0.5_P0.9,0.5,0.9,39,3,1.405117282779979,111.3078329773173,0.45135334113193437,0.0,154,0.11793764739027959,111.3078329773173,0.0,1-27
black-pos-212,1,25,10,T0.5_P0.95,0.5,0.95,39,4,1.6397949553014421,115.31993053860467,0.48249149992322926,0.0,154,0.11124415690318384,115.31993053860467,0.0,1-27
black-pos-212,1,25,10,T0.5_P1,0.5,1.0,39,39,1.8597130117173306,128.1903984645702,0.5009073309125881,0.03432429783987768,154,0.10728547102308943,128.1903984645702,0.0,1-27
black-pos-212,1,25,10,T0.9_P0.5,0.9,0.5,39,2,0.9998780099408955,125.88362406645928,0.5065021028213439,0.0,154,0.0,125.88362406645928,0.0,1-27
black-pos-212,1,25,10,T0.9_P0.9,0.9,0.9,39,5,2.0965453311394033,137.65832511770427,0.5148242370771888,0.07061392210998854,154,0.1588860781750983,137.65832511770427,0.0,1-27
black-pos-212,1,25,10,T0.9_P0.95,0.9,0.95,39,8,2.384104398433651,158.04032694103194,0.5428606474095216,0.12431950970964596,154,0.14970467295201664,158.04032694103194,0.0,1-27
black-pos-212,1,25,10,T0.9_P1,0.9,1.0,39,39,2.6540342189315704,167.32324171352937,0.5607414937492039,0.1463862632216869,154,0.14384902688212897,167.32324171352937,0.0,1-27
black-pos-212,1,25,10,T1_P0.5,1.0,0.5,39,2,0.9999011864645756,125.84526535782807,0.5058519552174245,0.0,154,0.0,125.84526535782807,0.0,1-27
black-pos-212,1,25,10,T1_P0.9,1.0,0.9,39,6,2.2596786392637163,151.59984595992916,0.5335097621566909,0.1055545753781694,154,0.16024962845284985,151.59984595992916,0.0,1-27
black-pos-212,1,25,10,T1_P0.95,1.0,0.95,39,9,2.5476538443301027,165.93498950121756,0.5619274792246192,0.14372579646669453,154,0.15048751934062585,165.93498950121756,0.0,1-27
black-pos-212,1,25,10,T1_P1,1.0,1.0,39,39,2.832760342509962,179.69411659627346,0.5797018897395373,0.17846837557208317,154,0.1443816194740978,179.69411659627346,0.0,1-27
black-pos-213,1,41,10,argmax,0.0,0.0,48,1,-0.0,189.0,1.0,0.0,-282,0.0,189.0,0.0,1-28
black-pos-213,1,41,10,T0.5_P0.5,0.5,0.5,48,2,0.9983754256693607,141.84866559271848,0.5237238948759441,0.0,-282,0.0,141.84866559271848,0.0,1-28
black-pos-213,1,41,10,T0.5_P0.9,0.5,0.9,48,5,1.9736086475738464,121.95137280187657,0.49467117668011107,0.0,-282,0.08983195605556636,121.95137280187657,0.0,1-28
black-pos-213,1,41,10,T0.5_P0.95,0.5,0.95,48,7,2.229354848390505,123.18041102137998,0.5232247121020377,0.0,-282,0.08475601377623622,123.18041102137998,0.0,1-28
black-pos-213,1,41,10,T0.5_P1,0.5,1.0,48,48,2.4939013736298814,123.47635901368488,0.528646832132295,0.002792548647985168,-282,0.08145865688450883,123.47635901368488,0.0,1-28
black-pos-213,1,41,10,T0.9_P0.5,0.9,0.5,48,3,1.5234206751742077,139.83521761435117,0.6114789813758249,0.0,-282,0.0,139.83521761435117,0.0,1-28
black-pos-213,1,41,10,T0.9_P0.9,0.9,0.9,48,11,3.0344107015829853,113.88800516000379,0.531146141839151,0.0,-282,0.10567979310176985,113.88800516000379,0.0,1-28
black-pos-213,1,41,10,T0.9_P0.95,0.9,0.95,48,16,3.254184609995393,117.00849890394117,0.5507019268173583,0.018180518996433817,-282,0.10127191360058285,117.00849890394117,0.0,1-28
black-pos-213,1,41,10,T0.9_P1,0.9,1.0,48,48,3.536694396888761,120.4652603057885,0.5649084739361905,0.029180622985026997,-282,0.09675445347553485,120.4652603057885,0.0,1-28
black-pos-213,1,41,10,T1_P0.5,1.0,0.5,48,4,1.9250417075687185,116.96531859361733,0.5157451484303399,0.0,-282,0.16261150997676635,116.96531859361733,0.0,1-28
black-pos-213,1,41,10,T1_P0.9,1.0,0.9,48,13,3.2211486825042073,114.50180810825705,0.5443492638683687,0.012160125383726572,-282,0.1042951956345603,114.50180810825705,0.0,1-28
black-pos-213,1,41,10,T1_P0.95,1.0,0.95,48,18,3.4461683728759165,117.32505908043152,0.5570555236989689,0.022746375316681597,-282,0.09956667933639994,117.32505908043152,0.0,1-28
black-pos-213,1,41,10,T1_P1,1.0,1.0,48,48,3.7250326942919347,121.84906311908514,0.5773505258904036,0.038778708595879535,-282,0.09500469452015217,121.84906311908514,0.0,1-28
black-pos-214,2,25,10,argmax,0.0,0.0,33,1,-0.0,0.0,0.0,0.0,-27,1.0,0.0,0.0,2-26
black-pos-214,2,25,10,T0.5_P0.5,0.5,0.5,33,1,-0.0,0.0,0.0,0.0,-27,1.0,0.0,0.0,2-26
black-pos-214,2,25,10,T0.5_P0.9,0.5,0.9,33,1,-0.0,0.0,0.0,0.0,-27,1.0,0.0,0.0,2-26
black-pos-214,2,25,10,T0.5_P0.95,0.5,0.95,33,2,0.22249471474413463,1.2157867898717942,0.0,0.0,-27,0.9642415650037707,1.2157867898717942,0.0,2-26
black-pos-214,2,25,10,T0.5_P1,0.5,1.0,33,33,0.367360100951819,1.834541484645727,2.947896206017298e-06,2.947896206017298e-06,-27,0.9435427851565288,1.834541484645727,0.0,2-26
black-pos-214,2,25,10,T0.9_P0.5,0.9,0.5,33,1,-0.0,0.0,0.0,0.0,-27,1.0,0.0,0.0,2-26
black-pos-214,2,25,10,T0.9_P0.9,0.9,0.9,33,2,0.5795092584624054,4.698851069936416,0.0,0.0,-27,0.8617984979430466,4.698851069936416,0.0,2-26
black-pos-214,2,25,10,T0.9_P0.95,0.9,0.95,33,3,0.9782020476024043,7.110075720000019,0.0,0.0,-27,0.7796682441995524,7.110075720000019,0.0,2-26
black-pos-214,2,25,10,T0.9_P1,0.9,1.0,33,33,0.9935639141750222,7.561545845127336,0.0012038365172981746,0.0012038365172981746,-27,0.7787296510958072,7.561545845127336,0.0,2-26
black-pos-214,2,25,10,T1_P0.5,1.0,0.5,33,1,-0.0,0.0,0.0,0.0,-27,1.0,0.0,0.0,2-26
black-pos-214,2,25,10,T1_P0.9,1.0,0.9,33,3,1.072948117011339,8.241942137321848,0.0,0.0,-27,0.7443816781275902,8.241942137321848,0.0,2-26
black-pos-214,2,25,10,T1_P0.95,1.0,0.95,33,3,1.072948117011339,8.241942137321848,0.0,0.0,-27,0.7443816781275902,8.241942137321848,0.0,2-26
black-pos-214,2,25,10,T1_P1,1.0,1.0,33,33,1.1042826507846775,9.267625408613547,0.002652180645704164,0.002652180645704164,-27,0.7424074434478434,9.267625408613547,0.0,2-26
black-pos-215,2,41,10,argmax,0.0,0.0,32,1,-0.0,0.0,0.0,0.0,240,1.0,0.0,0.0,2-29
black-pos-215,2,41,10,T0.5_P0.5,0.5,0.5,32,1,-0.0,0.0,0.0,0.0,240,1.0,0.0,0.0,2-29
black-pos-215,2,41,10,T0.5_P0.9,0.5,0.9,32,1,-0.0,0.0,0.0,0.0,240,1.0,0.0,0.0,2-29
black-pos-215,2,41,10,T0.5_P0.95,0.5,0.95,32,1,-0.0,0.0,0.0,0.0,240,1.0,0.0,0.0,2-29
black-pos-215,2,41,10,T0.5_P1,0.5,1.0,32,32,0.06082218843650836,1.398472180613592,0.004310112797443536,0.004310112797443536,240,0.9945622810958065,1.398472180613592,0.0,2-29
black-pos-215,2,41,10,T0.9_P0.5,0.9,0.5,32,1,-0.0,0.0,0.0,0.0,240,1.0,0.0,0.0,2-29
black-pos-215,2,41,10,T0.9_P0.9,0.9,0.9,32,2,0.19341610548800664,11.057884449367755,0.029805618461907695,0.029805618461907695,240,0.9701943815380922,11.057884449367755,0.0,2-29
black-pos-215,2,41,10,T0.9_P0.95,0.9,0.95,32,4,0.49080304233804645,16.004217961147507,0.05148738276601272,0.05148738276601272,240,0.9272090742182386,16.004217961147507,0.0,2-29
black-pos-215,2,41,10,T0.9_P1,0.9,1.0,32,32,0.7576817832288556,27.777732407750992,0.08256216567695775,0.08256216567695775,240,0.8952933933451079,27.777732407750992,0.0,2-29
black-pos-215,2,41,10,T1_P0.5,1.0,0.5,32,1,-0.0,0.0,0.0,0.0,240,1.0,0.0,0.0,2-29
black-pos-215,2,41,10,T1_P0.9,1.0,0.9,32,3,0.45223458201778316,22.541765770241387,0.0735799708877003,0.0735799708877003,240,0.9264200291122998,22.541765770241387,0.0,2-29
black-pos-215,2,41,10,T1_P0.95,1.0,0.95,32,5,0.7858467564659105,28.32757643324947,0.09447557673669012,0.09447557673669012,240,0.8761659727567327,28.32757643324947,0.0,2-29
black-pos-215,2,41,10,T1_P1,1.0,1.0,32,32,1.0078380156143207,39.64492384344106,0.11708344341757872,0.11708344341757872,240,0.8515590651645637,39.64492384344106,0.0,2-29
black-pos-216,0,25,10,argmax,0.0,0.0,38,1,-0.0,0.0,0.0,0.0,-14,1.0,0.0,0.0,0-27
black-pos-216,0,25,10,T0.5_P0.5,0.5,0.5,38,1,-0.0,0.0,0.0,0.0,-14,1.0,0.0,0.0,0-27
black-pos-216,0,25,10,T0.5_P0.9,0.5,0.9,38,1,-0.0,0.0,0.0,0.0,-14,1.0,0.0,0.0,0-27
black-pos-216,0,25,10,T0.5_P0.95,0.5,0.95,38,1,-0.0,0.0,0.0,0.0,-14,1.0,0.0,0.0,0-27
black-pos-216,0,25,10,T0.5_P1,0.5,1.0,38,38,0.003842429489377852,0.026498619657597047,4.758195568637677e-06,4.758195568637677e-06,-14,0.9997119764824363,0.026498619657597047,0.0,0-27
black-pos-216,0,25,10,T0.9_P0.5,0.9,0.5,38,1,-0.0,0.0,0.0,0.0,-14,1.0,0.0,0.0,0-27
black-pos-216,0,25,10,T0.9_P0.9,0.9,0.9,38,1,-0.0,0.0,0.0,0.0,-14,1.0,0.0,0.0,0-27
black-pos-216,0,25,10,T0.9_P0.95,0.9,0.95,38,1,-0.0,0.0,0.0,0.0,-14,1.0,0.0,0.0,0-27
black-pos-216,0,25,10,T0.9_P1,0.9,1.0,38,38,0.10439795011471424,1.8603466230298622,0.0016011684324921498,0.0016011684324921498,-14,0.9878367138139449,1.8603466230298622,0.0,0-27
black-pos-216,0,25,10,T1_P0.5,1.0,0.5,38,1,-0.0,0.0,0.0,0.0,-14,1.0,0.0,0.0,0-27
black-pos-216,0,25,10,T1_P0.9,1.0,0.9,38,1,-0.0,0.0,0.0,0.0,-14,1.0,0.0,0.0,0-27
black-pos-216,0,25,10,T1_P0.95,1.0,0.95,38,1,-0.0,0.0,0.0,0.0,-14,1.0,0.0,0.0,0-27
black-pos-216,0,25,10,T1_P1,1.0,1.0,38,38,0.16127366998014733,3.4881611562036596,0.0034381973400356004,0.0034381973400356004,-14,0.9800644636099219,3.4881611562036596,0.0,0-27
black-pos-217,0,41,10,argmax,0.0,0.0,17,1,-0.0,8.0,0.0,0.0,67,0.0,8.0,0.0,0-27
black-pos-217,0,41,10,T0.5_P0.5,0.5,0.5,17,1,-0.0,8.0,0.0,0.0,67,0.0,8.0,0.0,0-27
black-pos-217,0,41,10,T0.5_P0.9,0.5,0.9,17,4,1.3118053202935056,10.118067155033424,0.0,0.0,67,0.07483230563362676,10.118067155033424,0.0,0-27
black-pos-217,0,41,10,T0.5_P0.95,0.5,0.95,17,4,1.3118053202935056,10.118067155033424,0.0,0.0,67,0.07483230563362676,10.118067155033424,0.0,0-27
black-pos-217,0,41,10,T0.5_P1,0.5,1.0,17,17,1.5172344342534545,11.623560856754874,0.0015054393418005782,4.94349855222463e-06,67,0.07198554164862574,11.617932639201465,6.208734201223893e-07,0-27
black-pos-217,0,41,10,T0.9_P0.5,0.9,0.5,17,2,0.8641565031755469,8.286499588035495,0.0,0.0,67,0.0,8.286499588035495,0.0,0-27
black-pos-217,0,41,10,T0.9_P0.9,0.9,0.9,17,5,2.049516182545156,14.930392388968029,0.0,0.0,67,0.13189353174676816,14.930392388968029,0.0,0-27
black-pos-217,0,41,10,T0.9_P0.95,0.9,0.95,17,5,2.049516182545156,14.930392388968029,0.0,0.0,67,0.13189353174676816,14.930392388968029,0.0,0-27
black-pos-217,0,41,10,T0.9_P1,0.9,1.0,17,17,2.3001650477150055,19.912015771456307,0.01610777500206662,0.0007732534522895618,67,0.12643089027001736,18.151041095120476,0.00019426085784179058,0-27
black-pos-217,0,41,10,T1_P0.5,1.0,0.5,17,2,0.8879208288909407,8.305508711572765,0.0,0.0,67,0.0,8.305508711572765,0.0,0-27
black-pos-217,0,41,10,T1_P0.9,1.0,0.9,17,5,2.1028455821624865,15.477081480421127,0.0,0.0,67,0.13984924336477572,15.477081480421127,0.0,0-27
black-pos-217,0,41,10,T1_P0.95,1.0,0.95,17,6,2.2014089271711885,17.819923478507178,0.019766995508965966,0.0,67,0.1370848439992519,17.819923478507178,0.0,0-27
black-pos-217,0,41,10,T1_P1,1.0,1.0,17,17,2.419027896266784,23.567540534893045,0.02167024434513301,0.0014328848693283467,67,0.1320067877543431,20.053207078034657,0.00038768157273672227,0-27
black-pos-218,1,25,10,argmax,0.0,0.0,36,1,-0.0,12.0,0.0,0.0,36,0.0,12.0,0.0,1-28
black-pos-218,1,25,10,T0.5_P0.5,0.5,0.5,36,1,-0.0,12.0,0.0,0.0,36,0.0,12.0,0.0,1-28
black-pos-218,1,25,10,T0.5_P0.9,0.5,0.9,36,3,0.928790782353253,13.439887270514854,0.0,0.0,36,0.13250417918043506,13.439887270514854,0.0,1-28
black-pos-218,1,25,10,T0.5_P0.95,0.5,0.95,36,4,1.2003522243147373,13.773208797358729,0.0,0.0,36,0.12456072596888361,13.773208797358729,0.0,1-28
black-pos-218,1,25,10,T0.5_P1,0.5,1.0,36,36,1.2006026826413987,13.775438570779166,1.2949590192022504e-05,2.5478516608725784e-06,36,0.12455907158266318,13.775438570779166,0.0,1-28
black-pos-218,1,25,10,T0.9_P0.5,0.9,0.5,36,1,-0.0,12.0,0.0,0.0,36,0.0,12.0,0.0,1-28
black-pos-218,1,25,10,T0.9_P0.9,0.9,0.9,36,4,1.7298566833296138,16.380135196718918,0.0,0.0,36,0.19637655776997834,16.380135196718918,0.0,1-28
black-pos-218,1,25,10,T0.9_P0.95,0.9,0.95,36,4,1.7298566833296138,16.380135196718918,0.0,0.0,36,0.19637655776997834,16.380135196718918,0.0,1-28
black-pos-218,1,25,10,T0.9_P1,0.9,1.0,36,36,1.766075151729083,16.8852906145138,0.00296500697408706,0.0008126555478065686,36,0.19576352834515307,16.8852906145138,0.0,1-28
black-pos-218,1,25,10,T1_P0.5,1.0,0.5,36,2,0.8688288365635647,8.519000303212028,0.0,0.0,36,0.2900833080656644,8.519000303212028,0.0,1-28
black-pos-218,1,25,10,T1_P0.9,1.0,0.9,36,4,1.781942471611462,16.802820805142364,0.0,0.0,36,0.2045893622090895,16.802820805142364,0.0,1-28
black-pos-218,1,25,10,T1_P0.95,1.0,0.95,36,4,1.781942471611462,16.802820805142364,0.0,0.0,36,0.2045893622090895,16.802820805142364,0.0,1-28
black-pos-218,1,25,10,T1_P1,1.0,1.0,36,36,1.8496419465480258,17.825954595612885,0.005988378290296416,0.001688053137132839,36,0.20329628213370904,17.825954595612885,0.0,1-28
black-pos-219,1,41,10,argmax,0.0,0.0,39,1,-0.0,1.0,0.0,0.0,9997,0.0,1.0,1.0,1-29
black-pos-219,1,41,10,T0.5_P0.5,0.5,0.5,39,1,-0.0,1.0,0.0,0.0,9997,0.0,1.0,1.0,1-29
black-pos-219,1,41,10,T0.5_P0.9,0.5,0.9,39,2,0.5534443489416583,0.8714513593481841,0.0,0.0,9997,0.12854864065181593,0.8714513593481841,1.0,1-29
black-pos-219,1,41,10,T0.5_P0.95,0.5,0.95,39,2,0.5534443489416583,0.8714513593481841,0.0,0.0,9997,0.12854864065181593,0.8714513593481841,1.0,1-29
black-pos-219,1,41,10,T0.5_P1,0.5,1.0,39,39,0.6286981699303682,1.044650496274579,1.942654984852613e-05,1.942654984852613e-05,9997,0.13721280982557624,0.8821943134731015,0.9999805734501516,1-29
black-pos-219,1,41,10,T0.9_P0.5,0.9,0.5,39,1,-0.0,1.0,0.0,0.0,9997,0.0,1.0,1.0,1-29
black-pos-219,1,41,10,T0.9_P0.9,0.9,0.9,39,2,0.8217081687945367,0.743311419807113,0.0,0.0,9997,0.25668858019288693,0.743311419807113,1.0,1-29
black-pos-219,1,41,10,T0.9_P0.95,0.9,0.95,39,3,1.095508219469098,0.6997323676809409,0.0,0.0,9997,0.30026763231905895,0.6997323676809409,0.9999999999999999,1-29
black-pos-219,1,41,10,T0.9_P1,0.9,1.0,39,39,1.1243239387681252,25.61769406077522,0.002639157997076684,0.002639157997076684,9997,0.29947517859596084,3.3370436604836464,0.9973608420029233,1-29
black-pos-219,1,41,10,T1_P0.5,1.0,0.5,39,1,-0.0,1.0,0.0,0.0,9997,0.0,1.0,1.0,1-29
black-pos-219,1,41,10,T1_P0.9,1.0,0.9,39,2,0.8520137166936359,0.7225059865081405,0.0,0.0,9997,0.2774940134918595,0.7225059865081405,1.0,1-29
black-pos-219,1,41,10,T1_P0.95,1.0,0.95,39,3,1.163974719437912,0.6704950653261882,0.0,0.0,9997,0.32950493467381187,0.6704950653261882,1.0,1-29
black-pos-219,1,41,10,T1_P1,1.0,1.0,39,39,1.2165356279781763,49.20268721617248,0.00512872388868186,0.00512872388868186,9997,0.32781499484391174,5.795780169949266,0.9948712761113182,1-29
black-pos-220,2,25,10,argmax,0.0,0.0,32,1,-0.0,0.0,0.0,0.0,35,1.0,0.0,0.0,2-27
black-pos-220,2,25,10,T0.5_P0.5,0.5,0.5,32,1,-0.0,0.0,0.0,0.0,35,1.0,0.0,0.0,2-27
black-pos-220,2,25,10,T0.5_P0.9,0.5,0.9,32,1,-0.0,0.0,0.0,0.0,35,1.0,0.0,0.0,2-27
black-pos-220,2,25,10,T0.5_P0.95,0.5,0.95,32,2,0.2059155654277899,1.777815731637008,0.0,0.0,35,0.9676760776065998,1.777815731637008,0.0,2-27
black-pos-220,2,25,10,T0.5_P1,0.5,1.0,32,32,0.4209658834486697,4.433460528899497,0.003614520582973685,0.0007727144893704511,35,0.940669990138192,4.433460528899497,0.0,2-27
black-pos-220,2,25,10,T0.9_P0.5,0.9,0.5,32,1,-0.0,0.0,0.0,0.0,35,1.0,0.0,0.0,2-27
black-pos-220,2,25,10,T0.9_P0.9,0.9,0.9,32,3,0.9570668257752668,13.195039945987286,0.0,0.0,35,0.7873076198200469,13.195039945987286,0.0,2-27
black-pos-220,2,25,10,T0.9_P0.95,0.9,0.95,32,5,1.294310147049566,19.26853976606349,0.02928352166171681,0.0,35,0.7386190581412571,19.26853976606349,0.0,2-27
black-pos-220,2,25,10,T0.9_P1,0.9,1.0,32,32,1.5826353483220428,31.06885401879172,0.046813540482424094,0.015386123177698009,35,0.7109416667605908,31.06885401879172,0.0,2-27
black-pos-220,2,25,10,T1_P0.5,1.0,0.5,32,1,-0.0,0.0,0.0,0.0,35,1.0,0.0,0.0,2-27
black-pos-220,2,25,10,T1_P0.9,1.0,0.9,32,4,1.2657126629160347,17.55872154322926,0.0,0.0,35,0.719402440950142,17.55872154322926,0.0,2-27
black-pos-220,2,25,10,T1_P0.95,1.0,0.95,32,6,1.559954860709331,35.75302024786721,0.05649756068357701,0.01933570009521226,35,0.678757957886648,35.75302024786721,0.0,2-27
black-pos-220,2,25,10,T1_P1,1.0,1.0,32,32,1.8556172150430843,39.867349261792654,0.06357223120002446,0.021937467622877637,35,0.6529168686488066,39.867349261792654,0.0,2-27
black-pos-221,1,25,10,argmax,0.0,0.0,39,1,-0.0,78.0,0.0,0.0,174,0.0,78.0,0.0,1-29
black-pos-221,1,25,10,T0.5_P0.5,0.5,0.5,39,2,0.9994091565246668,63.91495624531687,0.0,0.0,174,0.0,63.91495624531687,0.0,1-29
black-pos-221,1,25,10,T0.5_P0.9,0.5,0.9,39,5,2.029148675852496,50.87485532531106,0.06489606001752472,0.0,174,0.2761418436406479,50.87485532531106,0.0,1-29
black-pos-221,1,25,10,T0.5_P0.95,0.5,0.95,39,6,2.1763270311072755,54.493624077768054,0.09739469355008944,0.0,174,0.26654480079249954,54.493624077768054,0.0,1-29
black-pos-221,1,25,10,T0.5_P1,0.5,1.0,39,39,2.3489319796474493,56.81573124834226,0.11806099439453427,0.0033818033404313607,174,0.2603909941725606,56.81573124834226,0.0,1-29
black-pos-221,1,25,10,T0.9_P0.5,0.9,0.5,39,3,1.5843738561674998,43.24738356972233,0.0,0.0,174,0.32140289455368665,43.24738356972233,0.0,1-29
black-pos-221,1,25,10,T0.9_P0.9,0.9,0.9,39,8,2.657058160968491,67.53852945168637,0.22677198006195,0.0,174,0.22103062707992874,67.53852945168637,0.0,1-29
black-pos-221,1,25,10,T0.9_P0.95,0.9,0.95,39,11,2.8725399000116316,73.05381415513011,0.2615201597378438,0.016968618882624978,174,0.21109770723532173,73.05381415513011,0.0,1-29
black-pos-221,1,25,10,T0.9_P1,0.9,1.0,39,39,3.178978002011152,77.56398016202262,0.29266654224404337,0.02615678746271746,174,0.2010582545173985,77.56398016202262,0.0,1-29
black-pos-221,1,25,10,T1_P0.5,1.0,0.5,39,3,1.5844855701703693,43.156218987708364,0.0,0.0,174,0.32258831346898353,43.156218987708364,0.0,1-29
black-pos-221,1,25,10,T1_P0.9,1.0,0.9,39,9,2.80071862944161,73.6171699019488,0.26389958789374146,0.02159615307111106,174,0.20879962573505925,73.6171699019488,0.0,1-29
black-pos-221,1,25,10,T1_P0.95,1.0,0.95,39,13,3.0696864929244354,78.56944761161431,0.30631731416386404,0.029476627841934035,174,0.19676756431508097,78.56944761161431,0.0,1-29
black-pos-221,1,25,10,T1_P1,1.0,1.0,39,39,3.351516236248437,82.63555866820116,0.33070017007093455,0.03408100194684044,174,0.1882166382079292,82.63555866820116,0.0,1-29
black-pos-222,2,25,10,argmax,0.0,0.0,33,1,-0.0,73.0,0.0,0.0,-146,0.0,73.0,0.0,2-28
black-pos-222,2,25,10,T0.5_P0.5,0.5,0.5,33,1,-0.0,73.0,0.0,0.0,-146,0.0,73.0,0.0,2-28
black-pos-222,2,25,10,T0.5_P0.9,0.5,0.9,33,3,1.2426856287211614,57.56914676523692,0.0,0.0,-146,0.14964993940986723,57.56914676523692,0.0,2-28
black-pos-222,2,25,10,T0.5_P0.95,0.5,0.95,33,4,1.3828933070354348,58.78573063243402,0.025649630656558262,0.0,-146,0.1458114737362278,58.78573063243402,0.0,2-28
black-pos-222,2,25,10,T0.5_P1,0.5,1.0,33,33,1.606061564716905,59.47379671260667,0.03882269182472569,1.54158801698913e-06,-146,0.14120297318274228,59.47379671260667,0.0,2-28
black-pos-222,2,25,10,T0.9_P0.5,0.9,0.5,33,2,0.9100648260901163,64.86719914758348,0.0,0.0,-146,0.0,64.86719914758348,0.0,2-28
black-pos-222,2,25,10,T0.9_P0.9,0.9,0.9,33,6,2.1449862117503464,57.13073140922321,0.11909565968419483,0.0,-146,0.18852610490394223,57.13073140922321,0.0,2-28
black-pos-222,2,25,10,T0.9_P0.95,0.9,0.95,33,8,2.3325231725803106,57.52769328170767,0.11462697012998942,0.0,-146,0.18145225655452932,57.52769328170767,0.0,2-28
black-pos-222,2,25,10,T0.9_P1,0.9,1.0,33,33,2.5734498472426424,59.48978400672175,0.14709319098191043,0.0005624852459815571,-146,0.17478345042430277,59.48978400672175,0.0,2-28
black-pos-222,2,25,10,T1_P0.5,1.0,0.5,33,2,0.9262677295833326,64.4619495693482,0.0,0.0,-146,0.0,64.4619495693482,0.0,2-28
black-pos-222,2,25,10,T1_P0.9,1.0,0.9,33,6,2.217952049193591,57.30064876885278,0.13547533641702741,0.0,-146,0.19147824236245012,57.30064876885278,0.0,2-28
black-pos-222,2,25,10,T1_P0.95,1.0,0.95,33,9,2.5028003937210053,58.35526440928923,0.14027785648630328,0.0,-146,0.18007185442800028,58.35526440928923,0.0,2-28
black-pos-222,2,25,10,T1_P1,1.0,1.0,33,33,2.7496134981633764,60.68678498754415,0.17381614356593847,0.001170401828735967,-146,0.17301403923740052,60.68678498754415,0.0,2-28
black-pos-223,0,25,10,argmax,0.0,0.0,46,1,-0.0,26.0,0.0,0.0,426,0.0,26.0,0.0,0-29
black-pos-223,0,25,10,T0.5_P0.5,0.5,0.5,46,1,-0.0,26.0,0.0,0.0,426,0.0,26.0,0.0,0-29
black-pos-223,0,25,10,T0.5_P0.9,0.5,0.9,46,3,1.406436111626887,31.7408004360314,0.0,0.0,426,0.0,31.7408004360314,0.0,0-29
black-pos-223,0,25,10,T0.5_P0.95,0.5,0.95,46,5,1.766159292155078,32.18474040482171,0.0,0.0,426,0.0,32.18474040482171,0.0,0-29
black-pos-223,0,25,10,T0.5_P1,0.5,1.0,46,46,1.9188782440327516,33.24967613215183,0.004119186470580858,3.4426171257129207e-07,426,0.0002709677035870294,33.249676130328055,0.0,0-29
black-pos-223,0,25,10,T0.9_P0.5,0.9,0.5,46,2,0.9677420450562723,38.23450954846857,0.0,0.0,426,0.0,38.23450954846857,0.0,0-29
black-pos-223,0,25,10,T0.9_P0.9,0.9,0.9,46,6,2.2878374204069076,35.30603912029468,0.0,0.0,426,0.0,35.30603912029468,0.0,0-29
black-pos-223,0,25,10,T0.9_P0.95,0.9,0.95,46,8,2.455830641970916,37.14518337697514,0.01855674857707709,0.0,426,0.0,37.14518337697514,0.0,0-29
black-pos-223,0,25,10,T0.9_P1,0.9,1.0,46,46,2.779583472703599,39.13680088425458,0.037932042360677286,0.00015783722908079546,426,0.0050209875478734204,39.13675668885395,0.0,0-29
black-pos-223,0,25,10,T1_P0.5,1.0,0.5,46,2,0.9737590673450968,38.55269382763392,0.0,0.0,426,0.0,38.55269382763392,0.0,0-29
black-pos-223,0,25,10,T1_P0.9,1.0,0.9,46,7,2.4441654956395995,37.49341326535459,0.02370659105932536,0.0,426,0.0,37.49341326535459,0.0,0-29
black-pos-223,0,25,10,T1_P0.95,1.0,0.95,46,10,2.6814100313736096,39.27329677192503,0.037237918576046455,0.0,426,0.0,39.27329677192503,0.0,0-29
black-pos-223,0,25,10,T1_P1,1.0,1.0,46,46,2.958237081469178,40.82459316361269,0.04956441644059758,0.000337728862777481,426,0.006987445726909569,40.824441914313695,0.0,0-29
black-pos-224,0,41,10,argmax,0.0,0.0,49,1,-0.0,30.0,0.0,0.0,1010,0.0,30.0,0.0,0-29
black-pos-224,0,41,10,T0.5_P0.5,0.5,0.5,49,1,-0.0,30.0,0.0,0.0,1010,0.0,30.0,0.0,0-29
black-pos-224,0,41,10,T0.5_P0.9,0.5,0.9,49,2,0.4261669274207459,27.391850227483094,0.0,0.0,1010,0.0869383257505636,27.391850227483094,0.0,0-29
black-pos-224,0,41,10,T0.5_P0.95,0.5,0.95,49,2,0.4261669274207459,27.391850227483094,0.0,0.0,1010,0.0869383257505636,27.391850227483094,0.0,0-29
black-pos-224,0,41,10,T0.5_P1,0.5,1.0,49,49,0.5717776390331608,35.13500136233811,0.01896464256968706,0.014359653016307919,1010,0.08528957147709713,35.13499902074652,0.0,0-29
black-pos-224,0,41,10,T0.9_P0.5,0.9,0.5,49,1,-0.0,30.0,0.0,0.0,1010,0.0,30.0,0.0,0-29
black-pos-224,0,41,10,T0.9_P0.9,0.9,0.9,49,3,1.0675320283072867,61.121157824364765,0.07222595818510202,0.07222595818510202,1010,0.19769195748641902,61.121157824364765,0.0,0-29
black-pos-224,0,41,10,T0.9_P0.95,0.9,0.95,49,3,1.0675320283072867,61.121157824364765,0.07222595818510202,0.07222595818510202,1010,0.19769195748641902,61.121157824364765,0.0,0-29
black-pos-224,0,41,10,T0.9_P1,0.9,1.0,49,49,1.3588759317508299,66.27315847852677,0.11851909997812025,0.08112754918223666,1010,0.18782772179239637,66.2675275579335,0.0,0-29
black-pos-224,0,41,10,T1_P0.5,1.0,0.5,49,1,-0.0,30.0,0.0,0.0,1010,0.0,30.0,0.0,0-29
black-pos-224,0,41,10,T1_P0.9,1.0,0.9,49,3,1.1457923760872823,68.16685793437823,0.08698968172123897,0.08698968172123897,1010,0.21529495962057887,68.16685793437823,0.0,0-29
black-pos-224,0,41,10,T1_P0.95,1.0,0.95,49,4,1.367495265670791,71.16027755865235,0.13048620145673273,0.08284542581085075,1010,0.20503814075160567,71.16027755865235,0.0,0-29
black-pos-224,0,41,10,T1_P1,1.0,1.0,49,49,1.5151078207691902,75.26334264044468,0.14780530102042796,0.1004984550861614,1010,0.200954161888957,75.24811355083384,0.0,0-29
black-pos-225,2,25,10,argmax,0.0,0.0,43,1,-0.0,100.0,0.0,0.0,309,0.0,100.0,0.0,2-29
black-pos-225,2,25,10,T0.5_P0.5,0.5,0.5,43,2,0.9933659776108315,67.90181935364427,0.0,0.0,309,0.0,67.90181935364427,0.0,2-29
black-pos-225,2,25,10,T0.5_P0.9,0.5,0.9,43,4,1.8508471346958797,68.00532857376848,0.09829766564153283,0.0,309,0.0,68.00532857376848,0.0,2-29
black-pos-225,2,25,10,T0.5_P0.95,0.5,0.95,43,5,2.087556836615701,65.19760249564861,0.09139876169349707,0.0,309,0.0,65.19760249564861,0.0,2-29
black-pos-225,2,25,10,T0.5_P1,0.5,1.0,43,43,2.2327482664120444,66.48382260475063,0.11002335806870749,6.220167627636523e-05,309,0.0019365302332859876,66.48382260475063,0.0,2-29
black-pos-225,2,25,10,T0.9_P0.5,0.9,0.5,43,3,1.5698268489882854,56.30936362595813,0.0,0.0,309,0.0,56.30936362595813,0.0,2-29
black-pos-225,2,25,10,T0.9_P0.9,0.9,0.9,43,6,2.4257208251896554,69.15100769369954,0.18369030591837054,0.0,309,0.0,69.15100769369954,0.0,2-29
black-pos-225,2,25,10,T0.9_P0.95,0.9,0.95,43,7,2.510727080502258,69.21869814637753,0.18045982921935969,0.0,309,0.0,69.21869814637753,0.0,2-29
black-pos-225,2,25,10,T0.9_P1,0.9,1.0,43,43,2.7357895736665063,70.7798385393203,0.19331794681602782,0.00284209877878506,309,0.014437045954928366,70.7798385393203,0.0,2-29
black-pos-225,2,25,10,T1_P0.5,1.0,0.5,43,3,1.5726281394351527,55.94669130232846,0.0,0.0,309,0.0,55.94669130232846,0.0,2-29
black-pos-225,2,25,10,T1_P0.9,1.0,0.9,43,6,2.4518977737361496,69.70251922872635,0.19556544168200402,0.0,309,0.0,69.70251922872635,0.0,2-29
black-pos-225,2,25,10,T1_P0.95,1.0,0.95,43,7,2.550795292060411,69.7754045318269,0.19124279433947572,0.0,309,0.0,69.7754045318269,0.0,2-29
black-pos-225,2,25,10,T1_P1,1.0,1.0,43,43,2.8577199341058592,72.59683552312015,0.21152571082943314,0.004723466742170533,309,0.018169515941126133,72.59683552312015,0.0,2-29
